%x	chargebalance	totvolume	A	poreD	dx	porosity	saturation	pH	pe	OH-	H+	H2O	Al[OH]4-	NaAl[OH]4	Al[OH]3	Al[OH]2+	Al[OH]+2	AlH3SiO4+2	Al+3	Al[SO4]+	CH4	CH3-	Na[CO3]-	CO3-2	CaCO3	HCO3-	Na[HCO3]	Ca[HCO3]+	Mg[CO3]	CO2	Mg[HCO3]+	Sr[CO3]	Fe[OH]CO3	FeCO3	Fe[CO3]2-2	Sr[HCO3]+	Fe[CO3]3-3	CO	Ca[OH]+	Ca+2	Ca[SO4]	Ca[H3SiO4]+	CaCl+	CaCl2	Ca[S2O3]	Cl-	KCl	NaCl	MgCl+	HCl	SrCl+	FeCl+	FeCl+2	FeCl2+	FeCl3	Cl2	FeCl4-	ClO4-	Fe[OH]4-2	Fe[OH]3-	Fe[OH]2	Fe[OH]+	Fe+2	Fe[SO4]	Fe[HS]+	Fe[HS]2	Fe[OH]4-	Fe[OH]3	Fe[OH]2+	Fe[OH]+2	Fe[H3SiO4]+2	Fe+3	Fe[SO4]+	Fe[SO4]2-	Fe2[OH]2+4	Fe3[OH]4+5	FeS2O3+	H2	K+	K[OH]	K[SO4]-	Mg[OH]+	Mg+2	Mg[SO4]	Mg[H3SiO4]+	Mg4[OH]4+4	Mg[S2O3]	Na+	Na[OH]	Na[SO4]-	Na[S2O3]-	O2	HS-	S-2	H2S	S2-2	S3-2	S4-2	S5-2	S2O3-2	H[S2O3]-	Sr[S2O3]	H2[S2O3]	S2O4-2	HS2O4-	H2S2O4	SO3-2	H[SO3]-	SO2	H2[SO3]	S2O5-2	S3O6-2	S4O6-2	S5O6-2	SO4-2	H[SO4]-	Sr[SO4]	HSO5-	S2O8-2	H2[SiO4]-2	H3[SiO4]-	H4[SiO4]	Si2O3[OH]4-2	Si2O2[OH]5-	Si3O6[OH]3-3	Si3O5[OH]5-3	Si4O7[OH]6-4	Si4O8[OH]4-4	Si4O6[OH]6-2	Si6O15-6	Sr+2	Sr[OH]+	Brucite	C3AH6	C4FH13	CSH0_8	CSH1_2	CSH1_6	Calcite	Celestite	Dolomite	Ettringite	Ettringite-Fe	Ferrihydrite[am]	Hydrotalcite	Hydrotalcite-CO3	Magnetite	Monosulfate-Fe	Portlandite	Pyrite	Pyrrhotite	Saponite-FeCa	SiO2[am]	Siderite	Stratlingite
0.01	0.06949845373483836	20.0	1.0	3.38e-11	0.01	0.13	1.0	13.612127916799118	-5.0072531643029565	0.5419442487536343	3.30622715936601e-14	54.38021003741176	0.0006441019467903796	9.850519831888818e-06	2.926571646065753e-11	7.833693944425493e-19	2.069447493803486e-26	2.4527977193804854e-32	2.0924902142596686e-34	1.3618433716293827e-35	5.649305378508516e-63	3.582815246339805e-95	0.0002825235149902776	0.00027595002353480725	4.801303512850117e-06	5.811934361912626e-08	2.876240775044972e-09	2.946678057332521e-11	1.2620733429003945e-13	2.0976124387855014e-15	1.1723522527292496e-18	8.23546714839508e-19	1.9964612868794083e-19	2.113586623464513e-20	3.9308939421967553e-22	1.5619307232830823e-23	1.1736245986258753e-26	1.1005496895703161e-37	0.0003622151407352623	0.00013516193853027933	3.56057158758381e-06	1.0298498778512633e-08	2.1027084043399053e-15	4.5602017998027786e-26	6.943588833401989e-68	1.0180452040428217e-10	6.660213634022627e-12	2.833163252871114e-12	4.1928032538249244e-22	3.1299521646566474e-25	3.0697861972596303e-27	1.6085699140668032e-30	1.1576268601640174e-47	1.759921244012104e-57	5.391358915514669e-69	2.947580975600386e-78	6.282118821257165e-81	1.0428682332188048e-129	6.523660123398636e-13	1.9843373314589972e-14	3.199042808489029e-15	4.815345920930732e-17	5.302922778982911e-21	1.8844326184649977e-22	4.3922976722343185e-69	3.42885089373849e-119	1.210197759176291e-06	2.1392468111493054e-11	4.762865666127566e-17	1.3175167479428668e-27	1.3600769058556599e-33	2.1113739953914473e-38	1.6520717083837242e-38	7.641479759298195e-40	5.904690471723638e-52	6.618358933934393e-66	1.312481432137105e-99	4.483422382950299e-21	0.4337936084313796	0.03887547507939759	0.0016309164825625197	2.0830132534972574e-10	6.174187939928047e-12	1.3528360108952762e-13	8.365643532874212e-16	6.641946972142219e-31	9.36072376162908e-75	0.18452983316630492	0.008481236031026828	0.000796553888771133	6.626427280027864e-65	2.1957877040737585e-52	1.2706293590988927e-52	1.0245392963165339e-55	1.957895570382221e-59	1.3826379997269798e-97	5.5066611958054495e-142	1.742080522009786e-187	3.3208410828830846e-233	2.9583889446143517e-64	1.5294861065067817e-76	1.4993846987444398e-79	9.600993468184692e-90	6.326607108163353e-75	1.970884302039405e-86	6.200572192598054e-100	2.5169547202335077e-24	3.6674623839968473e-31	4.283218375018888e-43	4.189250267439365e-43	8.152418372159934e-63	2.1957450950715682e-107	3.817348316576457e-139	2.7035951434059714e-200	0.0016633781670603038	1.5648808004478266e-15	1.5340827991627633e-18	1.6017578323168652e-60	3.323787430782011e-82	0.00012713691475629537	2.498975127611225e-05	2.726042180809116e-09	2.2288404962657664e-09	1.744091459251934e-12	1.7019671328321737e-13	1.3222612115826225e-13	2.867323790897228e-17	2.3286844818427746e-17	1.4632803628162897e-22	4.5404090165151304e-27	5.959138653170093e-17	4.9350968331917884e-17	0.0	0.0831682293228514	0.12220000933584298	0.0	0.0	1.5000084412601553	16.92001836633726	0.0	0.0	0.04682690227189487	0.0	0.0	0.01559999999302102	0.0	9.999999991216366e-05	0.0	1.5308513412964908	0.0	0.0	0.0	0.0	0.0	0.0
0.03	0.06949845373483614	20.0	1.0	3.38e-11	0.01	0.13	1.0	13.61212791679912	-5.0072531643029485	0.5419442487536366	3.306227159365997e-14	54.38021003741176	0.0006441019467903901	9.85051983188898e-06	2.9265716460658016e-11	7.833693944425558e-19	2.069447493803486e-26	2.4527977193804854e-32	2.0924902142596686e-34	1.3618433716293602e-35	5.649305378507684e-63	3.5828152463393366e-95	0.00028252351499027787	0.00027595002353480785	4.801303512850117e-06	5.811934361912614e-08	2.8762407750449604e-09	2.946678057332509e-11	1.2620733429003895e-13	2.097612438785484e-15	1.17235225272924e-18	8.235467148395148e-19	1.9964612868794083e-19	2.113586623464513e-20	3.9308939421967233e-22	1.5619307232830696e-23	1.1736245986258753e-26	1.100549689570262e-37	0.0003622151407352638	0.00013516193853027904	3.560571587583752e-06	1.0298498778512633e-08	2.1027084043399053e-15	4.5602017998027786e-26	6.943588833400625e-68	1.0180452040428217e-10	6.660213634022627e-12	2.833163252871114e-12	4.19280325382489e-22	3.1299521646566474e-25	3.0697861972596303e-27	1.60856991406679e-30	1.1576268601640174e-47	1.759921244012104e-57	5.391358915514669e-69	2.947580975600482e-78	6.282118821257165e-81	1.0428682332190095e-129	6.523660123398743e-13	1.9843373314589972e-14	3.1990428084890556e-15	4.815345920930653e-17	5.302922778982867e-21	1.8844326184649514e-22	4.3922976722333127e-69	3.428850893737031e-119	1.2101977591763109e-06	2.1392468111493403e-11	4.7628656661276046e-17	1.3175167479428668e-27	1.3600769058556599e-33	2.1113739953914473e-38	1.652071708383697e-38	7.641479759297946e-40	5.904690471723638e-52	6.618358933934393e-66	1.3124814321368474e-99	4.483422382950079e-21	0.4337936084313796	0.03887547507939775	0.0016309164825624948	2.0830132534972574e-10	6.174187939928022e-12	1.352836010895254e-13	8.365643532874177e-16	6.641946972142219e-31	9.360723761627244e-75	0.18452983316630486	0.008481236031026863	0.0007965538887711209	6.626427280026563e-65	2.1957877040739384e-52	1.2706293590986225e-52	1.024539296316316e-55	1.9578955703818047e-59	1.382637999726482e-97	5.506661195802927e-142	1.7420805220085318e-187	3.320841082880042e-233	2.958388944613771e-64	1.5294861065064316e-76	1.4993846987441456e-79	9.600993468182493e-90	6.326607108162317e-75	1.9708843020390182e-86	6.20057219259704e-100	2.5169547202333843e-24	3.6674623839966673e-31	4.2832183750186075e-43	4.189250267439091e-43	8.152418372159e-63	2.195745095071065e-107	3.8173483165749576e-139	2.7035951434049097e-200	0.0016633781670602782	1.5648808004477947e-15	1.5340827991627508e-18	1.6017578323168915e-60	3.323787430782011e-82	0.00012713691475629588	2.498975127611225e-05	2.7260421808091047e-09	2.2288404962657664e-09	1.744091459251927e-12	1.7019671328321737e-13	1.3222612115826225e-13	2.867323790897228e-17	2.3286844818427746e-17	1.4632803628162897e-22	4.5404090165151304e-27	5.959138653170093e-17	4.9350968331917884e-17	0.0	0.0831682293228514	0.12220000933584298	0.0	0.0	1.5000084412601553	16.92001836633726	0.0	0.0	0.04682690227189487	0.0	0.0	0.01559999999302102	0.0	9.999999991217139e-05	0.0	1.5308513412964895	0.0	0.0	0.0	0.0	0.0	0.0
0.05	0.06949845373485279	20.0	1.0	3.38e-11	0.01	0.13	1.0	13.612127916799107	-5.0072531643029405	0.5419442487536215	3.306227159366092e-14	54.38021003741177	0.0006441019467903591	9.850519831888537e-06	2.926571646065705e-11	7.833693944425621e-19	2.0694474938035708e-26	2.452797719380566e-32	2.0924902142598396e-34	1.3618433716294049e-35	5.649305378507962e-63	3.582815246339454e-95	0.00028252351499026286	0.00027595002353479316	4.8013035128501264e-06	5.81193436191246e-08	2.8762407750448897e-09	2.946678057332593e-11	1.2620733429003945e-13	2.0976124387854928e-15	1.1723522527292783e-18	8.235467148394743e-19	1.9964612868794572e-19	2.1135866234644957e-20	3.930893942196498e-22	1.561930723283044e-23	1.1736245986258081e-26	1.1005496895702982e-37	0.00036221514073527417	0.0001351619385302868	3.5605715875837885e-06	1.0298498778512886e-08	2.1027084043400257e-15	4.5602017998030025e-26	6.9435888334010795e-68	1.0180452040428217e-10	6.660213634022627e-12	2.833163252871114e-12	4.1928032538251646e-22	3.12995216465675e-25	3.0697861972596554e-27	1.608569914066869e-30	1.157626860164131e-47	1.7599212440123054e-57	5.391358915515374e-69	2.9475809756006753e-78	6.282118821257987e-81	1.042868233218873e-129	6.523660123398209e-13	1.9843373314589e-14	3.1990428084889767e-15	4.8153459209307714e-17	5.3029227789831275e-21	1.8844326184649514e-22	4.392297672233887e-69	3.4288508937378164e-119	1.2101977591762935e-06	2.1392468111493403e-11	4.7628656661277993e-17	1.3175167479429638e-27	1.3600769058557489e-33	2.1113739953916893e-38	1.652071708383805e-38	7.641479759298071e-40	5.904690471724508e-52	6.618358933935693e-66	1.3124814321369332e-99	4.483422382950226e-21	0.4337936084313805	0.03887547507939676	0.0016309164825624198	2.083013253497317e-10	6.174187939928376e-12	1.352836010895265e-13	8.365643532874417e-16	6.641946972143035e-31	9.360723761627548e-75	0.18452983316630517	0.008481236031026646	0.0007965538887710834	6.626427280026563e-65	2.1957877040738304e-52	1.270629359098747e-52	1.024539296316383e-55	1.9578955703819968e-59	1.382637999726663e-97	5.5066611958043686e-142	1.7420805220092159e-187	3.320841082881563e-233	2.958388944613771e-64	1.5294861065064816e-76	1.4993846987441947e-79	9.60099346818312e-90	6.326607108162317e-75	1.970884302039083e-86	6.200572192597445e-100	2.516954720233343e-24	3.667462383996697e-31	4.283218375018818e-43	4.1892502674392966e-43	8.152418372159267e-63	2.1957450950712807e-107	3.817348316575957e-139	2.7035951434056175e-200	0.0016633781670602052	1.5648808004477625e-15	1.534082799162688e-18	1.601757832316839e-60	3.323787430781903e-82	0.00012713691475628886	2.4989751276111536e-05	2.7260421808091047e-09	2.2288404962656386e-09	1.7440914592518771e-12	1.7019671328320134e-13	1.322261211582498e-13	2.867323790896923e-17	2.3286844818425272e-17	1.4632803628161937e-22	4.540409016514276e-27	5.959138653170141e-17	4.9350968331917077e-17	0.0	0.08316822932285141	0.12220000933584296	0.0	0.0	1.5000084412601553	16.92001836633726	0.0	0.0	0.04682690227189488	0.0	0.0	0.01559999999302102	0.0	9.999999991217911e-05	0.0	1.530851341296492	0.0	0.0	0.0	0.0	0.0	0.0
0.07	0.06949845373484557	20.0	1.0	3.38e-11	0.01	0.13	1.0	13.612127916799112	-5.007253164302944	0.541944248753628	3.3062271593660507e-14	54.380210037411764	0.0006441019467903696	9.85051983188898e-06	2.9265716460658016e-11	7.833693944425686e-19	2.069447493803554e-26	2.4527977193805257e-32	2.0924902142597712e-34	1.3618433716294049e-35	5.649305378507776e-63	3.582815246339219e-95	0.0002825235149902689	0.00027595002353479934	4.801303512850117e-06	5.8119343619125186e-08	2.876240775044925e-09	2.946678057332557e-11	1.2620733429003945e-13	2.097612438785484e-15	1.1723522527292689e-18	8.235467148394878e-19	1.9964612868794083e-19	2.1135866234644785e-20	3.93089394219653e-22	1.561930723283044e-23	1.1736245986258273e-26	1.1005496895702802e-37	0.0003622151407352697	0.00013516193853028375	3.5605715875838177e-06	1.0298498778512676e-08	2.102708404339974e-15	4.560201799802928e-26	6.943588833400852e-68	1.0180452040428217e-10	6.660213634022627e-12	2.833163252871114e-12	4.1928032538250617e-22	3.1299521646566984e-25	3.0697861972596303e-27	1.608569914066816e-30	1.1576268601640743e-47	1.7599212440121902e-57	5.391358915515021e-69	2.947580975600579e-78	6.282118821257576e-81	1.0428682332189413e-129	6.523660123398529e-13	1.9843373314589325e-14	3.1990428084889506e-15	4.815345920930653e-17	5.3029227789829545e-21	1.8844326184649514e-22	4.3922976722337435e-69	3.428850893737704e-119	1.210197759176291e-06	2.1392468111493403e-11	4.762865666127682e-17	1.31751674794291e-27	1.3600769058556821e-33	2.1113739953915857e-38	1.6520717083837782e-38	7.641479759298195e-40	5.904690471724025e-52	6.618358933934826e-66	1.3124814321368904e-99	4.483422382950153e-21	0.43379360843138015	0.0388754750793972	0.001630916482562473	2.0830132534973e-10	6.174187939928249e-12	1.3528360108952817e-13	8.365643532874246e-16	6.641946972142817e-31	9.360723761627548e-75	0.18452983316630506	0.008481236031026742	0.0007965538887711094	6.626427280026563e-65	2.1957877040739024e-52	1.270629359098747e-52	1.024539296316383e-55	1.9578955703819968e-59	1.382637999726663e-97	5.5066611958043686e-142	1.7420805220091018e-187	3.320841082881563e-233	2.958388944613771e-64	1.5294861065064816e-76	1.4993846987441456e-79	9.600993468182807e-90	6.326607108162317e-75	1.970884302039083e-86	6.200572192597242e-100	2.5169547202333843e-24	3.6674623839967273e-31	4.283218375018748e-43	4.189250267439228e-43	8.152418372159267e-63	2.1957450950712087e-107	3.817348316575707e-139	2.7035951434052636e-200	0.0016633781670602579	1.5648808004477947e-15	1.5340827991627256e-18	1.6017578323168652e-60	3.323787430782011e-82	0.00012713691475629043	2.4989751276111536e-05	2.7260421808090716e-09	2.2288404962656386e-09	1.7440914592518557e-12	1.7019671328320415e-13	1.3222612115825198e-13	2.867323790896923e-17	2.3286844818425272e-17	1.4632803628161698e-22	4.5404090165144245e-27	5.959138653170093e-17	4.9350968331917077e-17	0.0	0.08316822932285138	0.12220000933584299	0.0	0.0	1.5000084412601553	16.92001836633726	0.0	0.0	0.04682690227189488	0.0	0.0	0.01559999999302102	0.0	9.999999991215908e-05	0.0	1.53085134129649	0.0	0.0	0.0	0.0	0.0	0.0
0.09	0.06949845373486933	20.0	1.0	3.38e-11	0.01	0.13	1.0	13.612127916799095	-5.00725316430295	0.5419442487536066	3.3062271593661864e-14	54.380210037411786	0.0006441019467903289	9.850519831888397e-06	2.926571646065705e-11	7.833693944425814e-19	2.0694474938036893e-26	2.452797719380686e-32	2.092490214260011e-34	1.3618433716294495e-35	5.649305378510456e-63	3.58281524634086e-95	0.00028252351499024757	0.00027595002353477906	4.801303512850137e-06	5.811934361912305e-08	2.876240775044819e-09	2.946678057332678e-11	1.262073342900405e-13	2.0976124387855014e-15	1.1723522527293263e-18	8.2354671483944745e-19	1.9964612868794247e-19	2.1135866234645995e-20	3.9308939421964337e-22	1.561930723283031e-23	1.1736245986256929e-26	1.1005496895704243e-37	0.0003622151407352819	0.0001351619385302948	3.5605715875837957e-06	1.0298498778513013e-08	2.102708404340129e-15	4.5602017998032636e-26	6.94358883340426e-68	1.0180452040428176e-10	6.660213634022627e-12	2.8331632528711026e-12	4.192803253825405e-22	3.1299521646568265e-25	3.0697861972596805e-27	1.6085699140670137e-30	1.1576268601642068e-47	1.759921244012392e-57	5.39135891551555e-69	2.947580975600482e-78	6.282118821258193e-81	1.0428682332184635e-129	6.523660123398342e-13	1.9843373314589325e-14	3.1990428084891076e-15	4.815345920931126e-17	5.302922778983648e-21	1.884432618465044e-22	4.392297672236043e-69	3.4288508937407337e-119	1.210197759176234e-06	2.1392468111493054e-11	4.762865666127838e-17	1.3175167479430178e-27	1.3600769058557933e-33	2.1113739953918274e-38	1.6520717083838322e-38	7.641479759297696e-40	5.904690471725087e-52	6.618358933936342e-66	1.3124814321376205e-99	4.483422382950666e-21	0.43379360843138154	0.03887547507939578	0.001630916482562333	2.0830132534973938e-10	6.174187939928805e-12	1.3528360108952762e-13	8.365643532874622e-16	6.6419469721441215e-31	9.360723761632143e-75	0.18452983316630545	0.00848123603102642	0.0007965538887710402	6.626427280029382e-65	2.1957877040733994e-52	1.2706293590992252e-52	1.024539296316735e-55	1.9578955703827976e-59	1.3826379997275227e-97	5.506661195809414e-142	1.7420805220112679e-187	3.3208410828869963e-233	2.9583889446150294e-64	1.529486106507182e-76	1.4993846987448323e-79	9.600993468187833e-90	6.326607108163974e-75	1.9708843020396633e-86	6.200572192599475e-100	2.516954720233446e-24	3.6674623839969673e-31	4.283218375019238e-43	4.189250267439639e-43	8.152418372160335e-63	2.195745095072071e-107	3.8173483165787054e-139	2.703595143408271e-200	0.0016633781670601167	1.5648808004477243e-15	1.5340827991626378e-18	1.6017578323166817e-60	3.3237874307813586e-82	0.00012713691475628054	2.4989751276110513e-05	2.7260421808090716e-09	2.2288404962654653e-09	1.7440914592517844e-12	1.7019671328318324e-13	1.3222612115823575e-13	2.867323790896501e-17	2.3286844818421842e-17	1.46328036281605e-22	4.540409016513385e-27	5.959138653170238e-17	4.935096833191627e-17	0.0	0.08316822932285135	0.12220000933584298	0.0	0.0	1.5000084412601553	16.92001836633726	0.0	0.0	0.0468269022718949	0.0	0.0	0.01559999999302102	0.0	9.9999999912167e-05	0.0	1.5308513412964913	0.0	0.0	0.0	0.0	0.0	0.0
0.11	0.06949845373483847	20.0	1.0	3.38e-11	0.01	0.13	1.0	13.612127916799118	-5.007253164302969	0.5419442487536344	3.30622715936601e-14	54.38021003741176	0.0006441019467903585	9.850519831888496e-06	2.9265716460656574e-11	7.833693944425237e-19	2.0694474938034184e-26	2.452797719380365e-32	2.0924902142596e-34	1.3618433716293159e-35	5.64930537850981e-63	3.582815246340743e-95	0.00028252351499027413	0.0002759500235348039	4.801303512850117e-06	5.8119343619125544e-08	2.876240775044937e-09	2.946678057332521e-11	1.2620733429004203e-13	2.0976124387854754e-15	1.1723522527292689e-18	8.235467148395013e-19	1.9964612868794083e-19	2.113586623464565e-20	3.9308939421967873e-22	1.5619307232830567e-23	1.1736245986258466e-26	1.1005496895703702e-37	0.0003622151407352653	0.000135161938530281	3.5605715875837885e-06	1.0298498778512591e-08	2.1027084043399397e-15	4.560201799802816e-26	6.943588833403352e-68	1.0180452040428217e-10	6.660213634022627e-12	2.833163252871114e-12	4.1928032538250617e-22	3.1299521646566474e-25	3.0697861972596303e-27	1.6085699140668557e-30	1.1576268601640364e-47	1.7599212440121328e-57	5.391358915514845e-69	2.9475809756002894e-78	6.282118821257371e-81	1.0428682332185317e-129	6.523660123398849e-13	1.9843373314590622e-14	3.199042808489134e-15	4.81534592093089e-17	5.302922778983085e-21	1.884432618465013e-22	4.3922976722353244e-69	3.4288508937400606e-119	1.2101977591763109e-06	2.1392468111493403e-11	4.7628656661276434e-17	1.3175167479428885e-27	1.3600769058556599e-33	2.111373995391482e-38	1.6520717083837242e-38	7.641479759297946e-40	5.904690471723831e-52	6.618358933934826e-66	1.3124814321373629e-99	4.483422382950593e-21	0.43379360843137965	0.03887547507939761	0.001630916482562488	2.0830132534973256e-10	6.174187939928249e-12	1.3528360108952981e-13	8.365643532874349e-16	6.641946972143089e-31	9.360723761631224e-75	0.18452983316630497	0.008481236031026828	0.0007965538887711177	6.626427280029165e-65	2.1957877040734714e-52	1.2706293590991421e-52	1.024539296316735e-55	1.9578955703826055e-59	1.3826379997274775e-97	5.506661195808332e-142	1.742080522010926e-187	3.3208410828856925e-233	2.9583889446149326e-64	1.529486106507082e-76	1.4993846987447344e-79	9.600993468186577e-90	6.326607108164181e-75	1.9708843020396633e-86	6.200572192598865e-100	2.516954720233631e-24	3.6674623839970273e-31	4.283218375019098e-43	4.1892502674395706e-43	8.152418372160734e-63	2.195745095071999e-107	3.817348316577706e-139	2.7035951434073864e-200	0.0016633781670602732	1.5648808004477947e-15	1.5340827991627381e-18	1.6017578323167342e-60	3.323787430781794e-82	0.0001271369147562933	2.498975127611184e-05	2.7260421808090716e-09	2.2288404962656932e-09	1.7440914592518771e-12	1.7019671328320902e-13	1.3222612115825577e-13	2.86732379089704e-17	2.3286844818426224e-17	1.4632803628161937e-22	4.540409016514685e-27	5.959138653170093e-17	4.9350968331917884e-17	0.0	0.0831682293228514	0.12220000933584298	0.0	0.0	1.5000084412601553	16.92001836633726	0.0	0.0	0.04682690227189488	0.0	0.0	0.01559999999302102	0.0	9.999999991217472e-05	0.0	1.5308513412964897	0.0	0.0	0.0	0.0	0.0	0.0
0.13	0.06949845373485013	20.0	1.0	3.38e-11	0.01	0.13	1.0	13.612127916799109	-5.007253164302957	0.5419442487536237	3.306227159366078e-14	54.38021003741177	0.0006441019467903696	9.850519831888698e-06	2.926571646065753e-11	7.833693944425686e-19	2.0694474938035877e-26	2.4527977193806059e-32	2.0924902142598396e-34	1.3618433716294273e-35	5.649305378509717e-63	3.582815246340509e-95	0.0002825235149902649	0.00027595002353479544	4.8013035128501264e-06	5.8119343619124835e-08	2.8762407750449013e-09	2.946678057332581e-11	1.262073342900405e-13	2.0976124387854928e-15	1.172352252729288e-18	8.235467148394811e-19	1.9964612868794083e-19	2.113586623464565e-20	3.930893942196659e-22	1.5619307232830567e-23	1.1736245986257889e-26	1.1005496895703882e-37	0.0003622151407352697	0.00013516193853028568	3.5605715875838177e-06	1.0298498778512886e-08	2.1027084043399913e-15	4.560201799802928e-26	6.943588833403352e-68	1.0180452040428176e-10	6.660213634022599e-12	2.8331632528711026e-12	4.1928032538251303e-22	3.1299521646566984e-25	3.0697861972596303e-27	1.6085699140669083e-30	1.157626860164093e-47	1.759921244012219e-57	5.391358915515021e-69	2.947580975600386e-78	6.282118821257576e-81	1.0428682332186001e-129	6.523660123398529e-13	1.9843373314589972e-14	3.1990428084891076e-15	4.815345920930968e-17	5.302922778983258e-21	1.8844326184650285e-22	4.3922976722354685e-69	3.4288508937400606e-119	1.2101977591762736e-06	2.1392468111493054e-11	4.762865666127682e-17	1.3175167479429315e-27	1.3600769058557266e-33	2.11137399539162e-38	1.6520717083837782e-38	7.641479759298071e-40	5.9046904717242176e-52	6.618358933935259e-66	1.3124814321373629e-99	4.483422382950483e-21	0.4337936084313804	0.03887547507939692	0.0016309164825624464	2.0830132534973256e-10	6.174187939928376e-12	1.3528360108952873e-13	8.365643532874486e-16	6.641946972143143e-31	9.360723761630918e-75	0.18452983316630506	0.008481236031026672	0.0007965538887710964	6.626427280028948e-65	2.195787704073543e-52	1.2706293590991421e-52	1.0245392963167014e-55	1.9578955703826055e-59	1.382637999727387e-97	5.506661195808693e-142	1.742080522010926e-187	3.3208410828856925e-233	2.9583889446148358e-64	1.529486106507032e-76	1.4993846987447344e-79	9.600993468186577e-90	6.326607108163767e-75	1.970884302039534e-86	6.200572192598662e-100	2.5169547202335283e-24	3.6674623839969673e-31	4.283218375019098e-43	4.189250267439502e-43	8.152418372160335e-63	2.1957450950719273e-107	3.817348316577956e-139	2.7035951434073864e-200	0.0016633781670602307	1.5648808004477819e-15	1.534082799162713e-18	1.6017578323167867e-60	3.323787430781685e-82	0.00012713691475629043	2.498975127611174e-05	2.726042180809116e-09	2.228840496265675e-09	1.7440914592518985e-12	1.7019671328320692e-13	1.3222612115825415e-13	2.8673237908970165e-17	2.3286844818426033e-17	1.4632803628162417e-22	4.540409016514573e-27	5.959138653170141e-17	4.9350968331917077e-17	0.0	0.08316822932285137	0.12220000933584296	0.0	0.0	1.5000084412601553	16.92001836633726	0.0	0.0	0.04682690227189488	0.0	0.0	0.01559999999302102	0.0	9.999999991218245e-05	0.0	1.5308513412964917	0.0	0.0	0.0	0.0	0.0	0.0
0.15	0.06949845373484069	20.0	1.0	3.38e-11	0.01	0.13	1.0	13.612127916799116	-5.007253164302959	0.5419442487536323	3.306227159366024e-14	54.380210037411764	0.000644101946790369	9.85051983188898e-06	2.926571646065753e-11	7.833693944425558e-19	2.06944749380352e-26	2.4527977193805257e-32	2.092490214259703e-34	1.3618433716293827e-35	5.649305378509163e-63	3.582815246340157e-95	0.00028252351499027413	0.00027595002353480416	4.801303512850117e-06	5.811934361912578e-08	2.8762407750449484e-09	2.946678057332533e-11	1.26207334290041e-13	2.0976124387854928e-15	1.1723522527292689e-18	8.235467148395013e-19	1.9964612868794083e-19	2.1135866234645477e-20	3.9308939421967553e-22	1.5619307232830567e-23	1.1736245986258466e-26	1.1005496895703522e-37	0.0003622151407352638	0.00013516193853028112	3.56057158758381e-06	1.0298498778512676e-08	2.1027084043399397e-15	4.560201799802816e-26	6.943588833402443e-68	1.0180452040428217e-10	6.660213634022627e-12	2.833163252871114e-12	4.1928032538250273e-22	3.129952164656673e-25	3.0697861972596303e-27	1.6085699140668428e-30	1.1576268601640364e-47	1.7599212440121328e-57	5.391358915514845e-69	2.947580975600386e-78	6.282118821257371e-81	1.0428682332187366e-129	6.523660123398743e-13	1.9843373314589972e-14	3.1990428084891076e-15	4.815345920930811e-17	5.302922778983041e-21	1.884432618465013e-22	4.3922976722348935e-69	3.4288508937393876e-119	1.210197759176291e-06	2.1392468111493054e-11	4.7628656661276046e-17	1.3175167479428885e-27	1.3600769058556821e-33	2.111373995391482e-38	1.6520717083837242e-38	7.641479759298071e-40	5.904690471723831e-52	6.618358933934826e-66	1.3124814321371911e-99	4.483422382950372e-21	0.4337936084313798	0.038875475079397454	0.001630916482562498	2.0830132534973e-10	6.174187939928199e-12	1.3528360108952928e-13	8.365643532874349e-16	6.641946972142817e-31	9.360723761629693e-75	0.18452983316630497	0.008481236031026802	0.0007965538887711225	6.626427280028297e-65	2.195787704073651e-52	1.270629359099038e-52	1.0245392963166512e-55	1.9578955703824454e-59	1.382637999727251e-97	5.5066611958072514e-142	1.74208052201047e-187	3.3208410828850404e-233	2.9583889446145453e-64	1.529486106506882e-76	1.499384698744538e-79	9.60099346818532e-90	6.32660710816356e-75	1.9708843020394697e-86	6.200572192598257e-100	2.516954720233549e-24	3.6674623839969073e-31	4.283218375018958e-43	4.1892502674394336e-43	8.152418372160201e-63	2.195745095071712e-107	3.817348316577206e-139	2.703595143406679e-200	0.0016633781670602834	1.5648808004478075e-15	1.5340827991627508e-18	1.6017578323168127e-60	3.323787430781903e-82	0.00012713691475629393	2.4989751276112048e-05	2.7260421808091047e-09	2.22884049626573e-09	1.7440914592519127e-12	1.701967132832125e-13	1.3222612115825847e-13	2.867323790897157e-17	2.3286844818427176e-17	1.4632803628162657e-22	4.5404090165148334e-27	5.959138653170093e-17	4.9350968331917483e-17	0.0	0.08316822932285138	0.12220000933584299	0.0	0.0	1.5000084412601553	16.92001836633726	0.0	0.0	0.04682690227189488	0.0	0.0	0.01559999999302102	0.0	9.999999991216242e-05	0.0	1.53085134129649	0.0	0.0	0.0	0.0	0.0	0.0
0.17	0.06949845373486234	20.0	1.0	3.38e-11	0.01	0.13	1.0	13.6121279167991	-5.0072531643029246	0.541944248753613	3.3062271593661453e-14	54.380210037411786	0.0006441019467903604	9.850519831888537e-06	2.9265716460658016e-11	7.833693944425878e-19	2.0694474938036724e-26	2.4527977193807263e-32	2.092490214259977e-34	1.3618433716294273e-35	5.649305378507222e-63	3.5828152463388676e-95	0.0002825235149902533	0.0002759500235347841	4.8013035128501264e-06	5.8119343619123525e-08	2.8762407750448425e-09	2.9466780573326416e-11	1.2620733429003791e-13	2.097612438785484e-15	1.172352252729288e-18	8.235467148394608e-19	1.9964612868794736e-19	2.1135866234644957e-20	3.930893942196305e-22	1.561930723283031e-23	1.1736245986257506e-26	1.100549689570244e-37	0.00036221514073528046	0.00013516193853029177	3.56057158758373e-06	1.0298498778513139e-08	2.102708404340086e-15	4.560201799803189e-26	6.943588833399944e-68	1.0180452040428176e-10	6.660213634022627e-12	2.8331632528711026e-12	4.1928032538252333e-22	3.1299521646568013e-25	3.0697861972596805e-27	1.6085699140669083e-30	1.1576268601641878e-47	1.759921244012392e-57	5.39135891551555e-69	2.947580975600868e-78	6.282118821257987e-81	1.0428682332190777e-129	6.523660123398022e-13	1.9843373314589e-14	3.1990428084889767e-15	4.81534592093085e-17	5.302922778983258e-21	1.8844326184649206e-22	4.3922976722333127e-69	3.428850893736695e-119	1.2101977591762736e-06	2.1392468111493752e-11	4.762865666127877e-17	1.317516747943007e-27	1.3600769058558156e-33	2.111373995391793e-38	1.652071708383805e-38	7.641479759297696e-40	5.9046904717249906e-52	6.618358933936559e-66	1.3124814321367615e-99	4.483422382950043e-21	0.43379360843138126	0.03887547507939622	0.001630916482562343	2.0830132534973341e-10	6.174187939928552e-12	1.3528360108952317e-13	8.365643532874519e-16	6.641946972143306e-31	9.360723761626019e-75	0.18452983316630533	0.008481236031026525	0.0007965538887710451	6.626427280025262e-65	2.195787704074046e-52	1.2706293590985392e-52	1.0245392963161818e-55	1.9578955703817085e-59	1.3826379997262557e-97	5.506661195802206e-142	1.7420805220083037e-187	3.3208410828798246e-233	2.95838894461319e-64	1.5294861065062312e-76	1.4993846987439002e-79	9.60099346818155e-90	6.326607108161075e-75	1.9708843020387603e-86	6.200572192596431e-100	2.516954720233096e-24	3.667462383996397e-31	4.2832183750185374e-43	4.1892502674390226e-43	8.152418372157934e-63	2.195745095070634e-107	3.817348316574209e-139	2.703595143404025e-200	0.0016633781670601234	1.5648808004477115e-15	1.5340827991626378e-18	1.6017578323168915e-60	3.323787430781794e-82	0.0001271369147562855	2.4989751276111228e-05	2.726042180809116e-09	2.228840496265593e-09	1.7440914592518628e-12	1.7019671328319927e-13	1.322261211582482e-13	2.867323790896805e-17	2.328684481842432e-17	1.4632803628161698e-22	4.5404090165142386e-27	5.95913865317019e-17	4.9350968331916676e-17	0.0	0.08316822932285135	0.12220000933584298	0.0	0.0	1.5000084412601553	16.92001836633726	0.0	0.0	0.04682690227189489	0.0	0.0	0.01559999999302102	0.0	9.999999991217014e-05	0.0	1.5308513412964917	0.0	0.0	0.0	0.0	0.0	0.0
0.19	0.06949845373482626	20.0	1.0	3.38e-11	0.01	0.13	1.0	13.612127916799126	-5.007253164302951	0.5419442487536451	3.306227159365943e-14	54.38021003741175	0.0006441019467903677	9.85051983188896e-06	2.9265716460656814e-11	7.833693944425173e-19	2.0694474938033507e-26	2.452797719380325e-32	2.0924902142594975e-34	1.3618433716293159e-35	5.649305378507038e-63	3.5828152463388676e-95	0.000282523514990288	0.00027595002353481745	4.801303512850117e-06	5.811934361912733e-08	2.876240775045007e-09	2.9466780573324607e-11	1.26207334290041e-13	2.0976124387854928e-15	1.1723522527292496e-18	8.23546714839535e-19	1.996461286879441e-19	2.1135866234644785e-20	3.9308939421968197e-22	1.5619307232830952e-23	1.1736245986259618e-26	1.100549689570262e-37	0.00036221514073525417	0.0001351619385302738	3.560571587583803e-06	1.0298498778512381e-08	2.1027084043398363e-15	4.5602017998026294e-26	6.943588833399944e-68	1.0180452040428258e-10	6.660213634022627e-12	2.833163252871114e-12	4.192803253824856e-22	3.129952164656596e-25	3.0697861972596303e-27	1.608569914066724e-30	1.1576268601639795e-47	1.759921244012075e-57	5.391358915514669e-69	2.947580975600482e-78	6.282118821257165e-81	1.0428682332190777e-129	6.523660123398903e-13	1.9843373314589893e-14	3.1990428084889376e-15	4.815345920930495e-17	5.302922778982607e-21	1.8844326184649514e-22	4.392297672233025e-69	3.4288508937368065e-119	1.2101977591763505e-06	2.1392468111493577e-11	4.7628656661276046e-17	1.3175167479428453e-27	1.3600769058556377e-33	2.1113739953913784e-38	1.6520717083837242e-38	7.641479759298445e-40	5.904690471723348e-52	6.618358933934393e-66	1.3124814321366756e-99	4.483422382950006e-21	0.4337936084313788	0.038875475079398286	0.0016309164825625748	2.0830132534972574e-10	6.174187939927896e-12	1.3528360108952928e-13	8.365643532874177e-16	6.641946972142165e-31	9.360723761626325e-75	0.1845298331663047	0.008481236031026984	0.0007965538887711599	6.626427280026129e-65	2.195787704074046e-52	1.2706293590986015e-52	1.024539296316316e-55	1.9578955703817406e-59	1.382637999726437e-97	5.506661195802567e-142	1.7420805220084177e-187	3.320841082880259e-233	2.9583889446135774e-64	1.5294861065063313e-76	1.4993846987440473e-79	9.60099346818155e-90	6.326607108162317e-75	1.9708843020390182e-86	6.200572192596837e-100	2.5169547202334666e-24	3.6674623839967273e-31	4.2832183750186075e-43	4.189250267439091e-43	8.152418372159267e-63	2.195745095071137e-107	3.8173483165749576e-139	2.703595143404733e-200	0.0016633781670603617	1.5648808004478458e-15	1.5340827991628134e-18	1.60175783231697e-60	3.3237874307823377e-82	0.00012713691475629978	2.498975127611266e-05	2.7260421808090935e-09	2.22884049626583e-09	1.7440914592519555e-12	1.701967132832257e-13	1.322261211582682e-13	2.867323790897392e-17	2.328684481842908e-17	1.4632803628163374e-22	4.5404090165155014e-27	5.959138653170044e-17	4.935096833191829e-17	0.0	0.0831682293228514	0.12220000933584296	0.0	0.0	1.5000084412601553	16.92001836633726	0.0	0.0	0.046826902271894864	0.0	0.0	0.01559999999302102	0.0	9.999999991217806e-05	0.0	1.5308513412964897	0.0	0.0	0.0	0.0	0.0	0.0
0.21	0.06949845373486445	20.0	1.0	3.38e-11	0.01	0.13	1.0	13.612127916799098	-5.00725316430294	0.5419442487536109	3.306227159366159e-14	54.380210037411786	0.000644101946790371	9.850519831888698e-06	2.9265716460658494e-11	7.83369394442607e-19	2.0694474938037232e-26	2.4527977193807665e-32	2.0924902142600453e-34	1.3618433716294717e-35	5.649305378508793e-63	3.582815246339805e-95	0.00028252351499025277	0.00027595002353478383	4.8013035128501264e-06	5.8119343619123644e-08	2.8762407750448425e-09	2.946678057332653e-11	1.2620733429003998e-13	2.0976124387855014e-15	1.1723522527293072e-18	8.235467148394541e-19	1.9964612868794572e-19	2.113586623464565e-20	3.9308939421964657e-22	1.561930723283031e-23	1.1736245986257602e-26	1.1005496895703522e-37	0.000362215140735279	0.00013516193853029218	3.560571587583745e-06	1.0298498778513055e-08	2.1027084043400947e-15	4.560201799803189e-26	6.943588833401989e-68	1.0180452040428176e-10	6.660213634022627e-12	2.8331632528711026e-12	4.192803253825302e-22	3.1299521646568265e-25	3.0697861972596805e-27	1.6085699140669612e-30	1.1576268601642068e-47	1.759921244012392e-57	5.39135891551555e-69	2.9475809756006753e-78	6.282118821258193e-81	1.0428682332187366e-129	6.523660123398129e-13	1.9843373314589325e-14	3.1990428084890556e-15	4.815345920930968e-17	5.302922778983474e-21	1.8844326184649977e-22	4.3922976722348935e-69	3.428850893739051e-119	1.2101977591762736e-06	2.1392468111493752e-11	4.7628656661279164e-17	1.3175167479430178e-27	1.3600769058558156e-33	2.1113739953918274e-38	1.6520717083838322e-38	7.64147975929782e-40	5.904690471725087e-52	6.618358933936775e-66	1.3124814321371911e-99	4.483422382950372e-21	0.43379360843138126	0.038875475079396066	0.0016309164825623463	2.0830132534973597e-10	6.174187939928653e-12	1.352836010895254e-13	8.365643532874588e-16	6.641946972143632e-31	9.36072376162908e-75	0.1845298331663054	0.00848123603102649	0.0007965538887710468	6.626427280027214e-65	2.195787704073687e-52	1.2706293590989342e-52	1.0245392963165004e-55	1.9578955703823172e-59	1.382637999727025e-97	5.5066611958065304e-142	1.7420805220101278e-187	3.320841082883954e-233	2.9583889446140615e-64	1.5294861065066816e-76	1.4993846987443418e-79	9.600993468184378e-90	6.326607108162732e-75	1.970884302039276e-86	6.200572192598054e-100	2.516954720233281e-24	3.6674623839966673e-31	4.283218375018818e-43	4.189250267439365e-43	8.152418372159134e-63	2.1957450950713524e-107	3.817348316576457e-139	2.7035951434061483e-200	0.0016633781670601286	1.5648808004477243e-15	1.5340827991626378e-18	1.6017578323167342e-60	3.3237874307815763e-82	0.00012713691475628406	2.4989751276111025e-05	2.7260421808091047e-09	2.2288404962655567e-09	1.7440914592518414e-12	1.701967132831944e-13	1.322261211582444e-13	2.8673237908967115e-17	2.3286844818423556e-17	1.463280362816146e-22	4.5404090165139416e-27	5.95913865317019e-17	4.935096833191627e-17	0.0	0.0831682293228514	0.12220000933584299	0.0	0.0	1.5000084412601553	16.92001836633726	0.0	0.0	0.04682690227189489	0.0	0.0	0.01559999999302102	0.0	9.999999991215822e-05	0.0	1.5308513412964913	0.0	0.0	0.0	0.0	0.0	0.0
0.23	0.06949845373483825	20.0	1.0	3.38e-11	0.01	0.13	1.0	13.612127916799118	-5.007253164302987	0.5419442487536344	3.30622715936601e-14	54.38021003741176	0.0006441019467903796	9.850519831888818e-06	2.926571646065753e-11	7.833693944425493e-19	2.069447493803486e-26	2.4527977193804854e-32	2.0924902142596686e-34	1.3618433716293827e-35	5.649305378511658e-63	3.582815246341915e-95	0.0002825235149902776	0.00027595002353480725	4.801303512850117e-06	5.811934361912626e-08	2.876240775044972e-09	2.946678057332521e-11	1.2620733429003895e-13	2.0976124387855014e-15	1.1723522527292496e-18	8.23546714839508e-19	1.9964612868793756e-19	2.113586623464617e-20	3.930893942196948e-22	1.5619307232830823e-23	1.1736245986258562e-26	1.1005496895704782e-37	0.0003622151407352623	0.00013516193853027933	3.5605715875838393e-06	1.0298498778512591e-08	2.1027084043399053e-15	4.5602017998027786e-26	6.943588833405624e-68	1.0180452040428217e-10	6.660213634022627e-12	2.833163252871114e-12	4.19280325382489e-22	3.1299521646566474e-25	3.0697861972596303e-27	1.608569914066882e-30	1.1576268601639985e-47	1.759921244012075e-57	5.391358915514669e-69	2.9475809756e-78	6.282118821257165e-81	1.0428682332181906e-129	6.523660123399063e-13	1.9843373314590622e-14	3.199042808489186e-15	4.815345920930968e-17	5.302922778983171e-21	1.8844326184651057e-22	4.3922976722369057e-69	3.428850893742529e-119	1.2101977591762713e-06	2.1392468111492702e-11	4.7628656661274875e-17	1.3175167479428453e-27	1.3600769058556377e-33	2.111373995391413e-38	1.652071708383697e-38	7.641479759298195e-40	5.9046904717234446e-52	6.61835893393396e-66	1.3124814321377492e-99	4.483422382950959e-21	0.43379360843137954	0.03887547507939759	0.0016309164825625314	2.0830132534972488e-10	6.174187939928022e-12	1.3528360108952817e-13	8.365643532874144e-16	6.641946972142111e-31	9.360723761633981e-75	0.18452983316630497	0.008481236031026828	0.0007965538887711388	6.6264272800313336e-65	2.195787704073112e-52	1.2706293590995995e-52	1.0245392963171038e-55	1.9578955703833103e-59	1.382637999728337e-97	5.5066611958133776e-142	1.742080522012978e-187	3.320841082890691e-233	2.9583889446159008e-64	1.5294861065075825e-76	1.4993846987452248e-79	9.600993468189718e-90	6.326607108166044e-75	1.970884302040179e-86	6.200572192600692e-100	2.5169547202339195e-24	3.6674623839974472e-31	4.283218375019588e-43	4.189250267440051e-43	8.152418372162602e-63	2.1957450950729332e-107	3.817348316580454e-139	2.7035951434100407e-200	0.0016633781670603175	1.564880800447833e-15	1.5340827991627759e-18	1.6017578323166295e-60	3.3237874307815763e-82	0.00012713691475629485	2.498975127611215e-05	2.7260421808091047e-09	2.2288404962657482e-09	1.74409145925192e-12	1.7019671328321457e-13	1.3222612115826008e-13	2.8673237908971805e-17	2.3286844818427367e-17	1.4632803628162657e-22	4.540409016514982e-27	5.959138653170093e-17	4.9350968331917884e-17	0.0	0.08316822932285138	0.12220000933584298	0.0	0.0	1.5000084412601553	16.92001836633726	0.0	0.0	0.04682690227189487	0.0	0.0	0.01559999999302102	0.0	9.999999991216594e-05	0.0	1.5308513412964906	0.0	0.0	0.0	0.0	0.0	0.0
0.25	0.06949845373486467	20.0	1.0	3.38e-11	0.01	0.13	1.0	13.612127916799098	-5.007253164302955	0.5419442487536109	3.306227159366159e-14	54.380210037411786	0.0006441019467903499	9.850519831888698e-06	2.9265716460658016e-11	7.833693944425942e-19	2.0694474938036893e-26	2.4527977193807263e-32	2.092490214260011e-34	1.3618433716294495e-35	5.649305378510365e-63	3.582815246340743e-95	0.0002825235149902516	0.0002759500235347827	4.8013035128501264e-06	5.8119343619123406e-08	2.876240775044831e-09	2.946678057332653e-11	1.2620733429003842e-13	2.0976124387854928e-15	1.172352252729288e-18	8.235467148394608e-19	1.996461286879392e-19	2.1135866234645995e-20	3.930893942196498e-22	1.561930723283031e-23	1.1736245986257025e-26	1.1005496895704061e-37	0.000362215140735279	0.00013516193853029272	3.560571587583745e-06	1.0298498778513139e-08	2.1027084043400947e-15	4.560201799803189e-26	6.943588833404033e-68	1.0180452040428176e-10	6.660213634022627e-12	2.8331632528711026e-12	4.1928032538252676e-22	3.1299521646568265e-25	3.0697861972596805e-27	1.6085699140669875e-30	1.157626860164169e-47	1.7599212440123343e-57	5.391358915515374e-69	2.947580975600482e-78	6.282118821257987e-81	1.0428682332184635e-129	6.523660123398342e-13	1.984337331458965e-14	3.19904280848916e-15	4.815345920931047e-17	5.3029227789835616e-21	1.8844326184650285e-22	4.392297672236043e-69	3.4288508937407337e-119	1.210197759176234e-06	2.1392468111493054e-11	4.7628656661277605e-17	1.3175167479429746e-27	1.3600769058557711e-33	2.1113739953917585e-38	1.6520717083837782e-38	7.64147975929757e-40	5.9046904717247006e-52	6.618358933935909e-66	1.3124814321375346e-99	4.4834223829507026e-21	0.43379360843138143	0.03887547507939608	0.0016309164825623397	2.0830132534973427e-10	6.174187939928603e-12	1.3528360108952428e-13	8.365643532874554e-16	6.641946972143469e-31	9.36072376163153e-75	0.1845298331663054	0.00848123603102649	0.0007965538887710435	6.626427280029165e-65	2.1957877040733994e-52	1.270629359099246e-52	1.0245392963167517e-55	1.9578955703828296e-59	1.382637999727613e-97	5.506661195809774e-142	1.742080522011496e-187	3.3208410828869963e-233	2.9583889446149326e-64	1.529486106507132e-76	1.4993846987447832e-79	9.600993468187205e-90	6.326607108163974e-75	1.9708843020396633e-86	6.200572192599272e-100	2.5169547202334666e-24	3.6674623839969673e-31	4.283218375019168e-43	4.189250267439639e-43	8.152418372160335e-63	2.195745095071999e-107	3.8173483165784556e-139	2.703595143408271e-200	0.0016633781670601219	1.5648808004477115e-15	1.5340827991626503e-18	1.6017578323166295e-60	3.3237874307813586e-82	0.00012713691475628458	2.4989751276111126e-05	2.726042180809116e-09	2.228840496265575e-09	1.7440914592518557e-12	1.7019671328319718e-13	1.3222612115824658e-13	2.867323790896782e-17	2.328684481842413e-17	1.4632803628161698e-22	4.5404090165141274e-27	5.959138653170238e-17	4.9350968331917077e-17	0.0	0.0831682293228514	0.12220000933584298	0.0	0.0	1.5000084412601553	16.92001836633726	0.0	0.0	0.04682690227189489	0.0	0.0	0.01559999999302102	0.0	9.999999991217367e-05	0.0	1.5308513412964921	0.0	0.0	0.0	0.0	0.0	0.0
0.27	0.0694984537348216	20.0	1.0	3.38e-11	0.01	0.13	1.0	13.61212791679913	-5.007253164302933	0.5419442487536493	3.3062271593659156e-14	54.38021003741175	0.0006441019467903888	9.850519831889262e-06	2.926571646065729e-11	7.833693944425301e-19	2.0694474938033676e-26	2.4527977193803048e-32	2.0924902142594975e-34	1.361843371629338e-35	5.649305378505004e-63	3.582815246337695e-95	0.0002825235149902915	0.0002759500235348208	4.801303512850107e-06	5.811934361912745e-08	2.876240775045019e-09	2.946678057332437e-11	1.2620733429003945e-13	2.0976124387854754e-15	1.172352252729221e-18	8.235467148395417e-19	1.9964612868794736e-19	2.1135866234644093e-20	3.930893942196691e-22	1.5619307232830823e-23	1.1736245986259905e-26	1.1005496895701361e-37	0.00036221514073525417	0.00013516193853027212	3.560571587583803e-06	1.0298498778512232e-08	2.1027084043398107e-15	4.560201799802555e-26	6.943588833397444e-68	1.0180452040428258e-10	6.660213634022627e-12	2.833163252871114e-12	4.192803253824753e-22	3.129952164656596e-25	3.06978619725958e-27	1.6085699140666452e-30	1.1576268601639606e-47	1.7599212440120176e-57	5.391358915514492e-69	2.9475809756007717e-78	6.282118821257165e-81	1.0428682332194873e-129	6.52366012339869e-13	1.9843373314589243e-14	3.199042808488885e-15	4.815345920930338e-17	5.302922778982304e-21	1.8844326184648898e-22	4.3922976722311564e-69	3.42885089373389e-119	1.2101977591763678e-06	2.1392468111493577e-11	4.7628656661276046e-17	1.3175167479428345e-27	1.3600769058556154e-33	2.1113739953913437e-38	1.6520717083837242e-38	7.64147975929857e-40	5.904690471723348e-52	6.618358933934177e-66	1.3124814321362462e-99	4.483422382949566e-21	0.43379360843137854	0.038875475079398564	0.0016309164825625948	2.0830132534972235e-10	6.174187939927744e-12	1.3528360108952817e-13	8.365643532873938e-16	6.6419469721417305e-31	9.360723761622955e-75	0.18452983316630459	0.008481236031027054	0.0007965538887711706	6.626427280023961e-65	2.1957877040744773e-52	1.2706293590981026e-52	1.0245392963159304e-55	1.9578955703809398e-59	1.3826379997254867e-97	5.506661195797161e-142	1.7420805220061376e-187	3.320841082874826e-233	2.9583889446126092e-64	1.5294861065058308e-76	1.4993846987435568e-79	9.600993468178408e-90	6.326607108160455e-75	1.9708843020384378e-86	6.200572192595011e-100	2.51695472023324e-24	3.6674623839963674e-31	4.283218375018187e-43	4.18925026743868e-43	8.1524183721578e-63	2.1957450950702748e-107	3.81734831657246e-139	2.7035951434020785e-200	0.001663378167060382	1.5648808004478523e-15	1.5340827991628134e-18	1.6017578323171535e-60	3.3237874307827725e-82	0.00012713691475630033	2.498975127611251e-05	2.7260421808090604e-09	2.228840496265812e-09	1.744091459251927e-12	1.7019671328322225e-13	1.3222612115826604e-13	2.867323790897345e-17	2.32868448184287e-17	1.4632803628162777e-22	4.540409016515316e-27	5.959138653169946e-17	4.935096833191829e-17	0.0	0.08316822932285138	0.12220000933584296	0.0	0.0	1.5000084412601553	16.92001836633726	0.0	0.0	0.04682690227189486	0.0	0.0	0.01559999999302102	0.0	9.999999991218139e-05	0.0	1.5308513412964901	0.0	0.0	0.0	0.0	0.0	0.0
0.29	0.06949845373486467	20.0	1.0	3.38e-11	0.01	0.13	1.0	13.612127916799098	-5.007253164302893	0.5419442487536109	3.306227159366159e-14	54.380210037411786	0.0006441019467903499	9.850519831888698e-06	2.9265716460658016e-11	7.833693944425942e-19	2.0694474938036893e-26	2.452797719380686e-32	2.092490214260011e-34	1.3618433716294495e-35	5.649305378503894e-63	3.582815246336757e-95	0.00028252351499025104	0.00027595002353478215	4.8013035128501264e-06	5.811934361912329e-08	2.876240775044831e-09	2.946678057332653e-11	1.2620733429003945e-13	2.097612438785484e-15	1.1723522527293072e-18	8.235467148394541e-19	1.99646128687949e-19	2.1135866234644093e-20	3.930893942196112e-22	1.5619307232830185e-23	1.1736245986257602e-26	1.100549689570082e-37	0.0003622151407352819	0.000135161938530293	3.560571587583745e-06	1.0298498778513013e-08	2.102708404340103e-15	4.560201799803189e-26	6.943588833395854e-68	1.0180452040428176e-10	6.660213634022627e-12	2.8331632528711026e-12	4.192803253825302e-22	3.1299521646568265e-25	3.0697861972596805e-27	1.6085699140668557e-30	1.1576268601642258e-47	1.7599212440124494e-57	5.391358915515727e-69	2.947580975601254e-78	6.282118821258398e-81	1.0428682332196237e-129	6.523660123397702e-13	1.9843373314588025e-14	3.199042808488846e-15	4.815345920930653e-17	5.302922778983085e-21	1.8844326184648435e-22	4.392297672230582e-69	3.4288508937326554e-119	1.2101977591762935e-06	2.1392468111494104e-11	4.762865666127994e-17	1.3175167479430393e-27	1.3600769058558156e-33	2.111373995391862e-38	1.652071708383859e-38	7.64147975929782e-40	5.90469047172528e-52	6.618358933936775e-66	1.3124814321360314e-99	4.483422382949382e-21	0.4337936084313813	0.038875475079396066	0.001630916482562333	2.0830132534973683e-10	6.174187939928679e-12	1.352836010895254e-13	8.365643532874519e-16	6.641946972143795e-31	9.360723761620811e-75	0.1845298331663054	0.00848123603102649	0.0007965538887710402	6.626427280021359e-65	2.195787704074621e-52	1.2706293590977909e-52	1.0245392963155783e-55	1.9578955703805874e-59	1.3826379997248082e-97	5.5066611957939175e-142	1.7420805220048835e-187	3.320841082872218e-233	2.9583889446114478e-64	1.5294861065053304e-76	1.4993846987430172e-79	9.600993468175895e-90	6.326607108158591e-75	1.9708843020379863e-86	6.200572192593997e-100	2.5169547202327253e-24	3.6674623839958874e-31	4.2832183750179065e-43	4.189250267438405e-43	8.152418372155533e-63	2.1957450950694125e-107	3.817348316570461e-139	2.7035951434004865e-200	0.001663378167060115	1.5648808004477115e-15	1.5340827991626253e-18	1.601757832317101e-60	3.323787430782229e-82	0.0001271369147562825	2.498975127611072e-05	2.7260421808090716e-09	2.228840496265502e-09	1.7440914592517986e-12	1.7019671328318882e-13	1.322261211582401e-13	2.8673237908965944e-17	2.3286844818422603e-17	1.463280362816074e-22	4.540409016513682e-27	5.95913865317019e-17	4.935096833191627e-17	0.0	0.08316822932285138	0.12220000933584299	0.0	0.0	1.5000084412601553	16.92001836633726	0.0	0.0	0.04682690227189489	0.0	0.0	0.01559999999302102	0.0	9.999999991216136e-05	0.0	1.5308513412964917	0.0	0.0	0.0	0.0	0.0	0.0
0.3214285714	-2.2177788491318517e-08	42.85714	1.0	1.44e-10	0.021428	0.18	1.0	7.045750742788256	-2.7403316791590937	1.393645738360804e-07	1.1319999528282245e-07	55.447157680672035	6.983489435008944e-08	2.9165499180285376e-10	1.3869917743099992e-08	1.1090777720963133e-09	8.495681380869783e-11	5.788475888537767e-12	2.1509421720655204e-12	1.5577982253442217e-12	3.360480082446979e-17	4.781844220948619e-56	9.848100116288035e-07	3.4190355831311493e-06	5.397017124661132e-06	0.003306445915842929	4.468464960617171e-05	0.00010088960198790477	2.0996833099938016e-06	0.0005216303214837643	5.9408202027400225e-05	6.776557505456089e-08	1.8466192413518816e-09	3.820795522004756e-06	7.832558020696453e-10	3.914729339410345e-06	4.97820427865314e-14	1.065909184173036e-17	5.605797125990914e-09	0.0060655975497413295	0.001490384976500664	9.162276393632896e-09	5.0559882898649056e-05	5.702780111921556e-07	5.509112843752318e-17	0.0406743923843872	3.95674832925032e-06	0.0003091135248457838	0.00014921279292340878	5.573486784629981e-10	5.403328745837665e-06	6.220224498900355e-06	6.641494768669803e-21	5.410012924850503e-22	8.619436402347599e-25	2.0938148834233767e-56	3.569818595162707e-28	1.81088791327387e-155	2.7611789254587213e-23	3.782229308998509e-18	2.665319401916417e-12	1.198498173680917e-07	3.827133322846605e-05	1.2685233451234894e-05	2.0721470918339486e-11	1.026397696830526e-19	1.180242953243102e-14	9.119537659443182e-13	6.065420810180132e-12	4.865160275905385e-16	2.887108891682498e-17	1.9522151116348308e-20	1.699848202746379e-19	4.8648541324492074e-20	4.4768394152885086e-29	3.55311828689316e-38	2.559725202710567e-32	2.001316006369158e-12	0.0004955162036263819	1.4865165365349828e-11	1.1527033179204928e-05	4.7713071688159065e-08	0.004100847239337152	0.0008381050628063663	1.1015479048706853e-08	7.5808049910818485e-22	1.0992125247062467e-16	0.03871127187666572	5.955926431089272e-10	0.0010339442516230687	1.6303480452117428e-16	1.6271929132965466e-69	6.193492202582777e-11	1.0876215212652803e-20	4.253451615661707e-11	7.143377815087951e-23	1.3846163281831296e-27	2.131843289804991e-33	1.97779422732502e-39	2.5872088775286284e-15	6.141709849061143e-21	8.70837254976554e-18	1.718284993021468e-27	1.420607544568676e-34	2.0320384407251655e-39	2.849297658192541e-46	4.522782099959407e-15	3.025961981737063e-15	1.5447737190074916e-20	1.5405271938627054e-20	4.700204357893797e-31	1.5819224628298878e-44	1.338477332991067e-36	4.613567182202574e-58	0.007674468161412557	3.31517219539975e-08	4.7006054101657694e-05	8.712618847936716e-62	3.2437293678136236e-76	4.093177712551101e-13	3.694182981967787e-07	0.00017960743267602828	4.1250252654827117e-13	1.4821235756161405e-09	3.339832056428437e-19	2.64563011587982e-19	5.355819614240095e-25	4.266005830064709e-25	8.777162532401877e-17	4.403363063770289e-39	0.00019576223904300632	5.5910414061901625e-11	0.0	0.0	0.0	0.0	0.0	0.0	5.0380011371742315	0.12419853224891123	0.4967964482923878	0.0	0.0	0.0	0.0	0.0	0.0	0.0	0.0	0.190800000010904	0.0	0.0	0.0	0.19800006837166848	0.0
0.3642857143	-2.2177793327124474e-08	42.85714	1.0	1.44e-10	0.021428	0.18	1.0	7.0457507427883055	-2.740331679159155	1.393645738360958e-07	1.1319999528280902e-07	55.447157680672035	6.98348943500903e-08	2.9165499180286446e-10	1.3869917743098743e-08	1.109077772096073e-09	8.495681380866933e-11	5.788475888535826e-12	2.1509421720645264e-12	1.557798225343591e-12	3.3604800824475835e-17	4.781844220950027e-56	9.848100116289866e-07	3.4190355831317435e-06	5.397017124661132e-06	0.003306445915843159	4.468464960617509e-05	0.0001008896019878928	2.0996833099938016e-06	0.0005216303214837435	5.940820202739318e-05	6.776557505457143e-08	1.8466192413518515e-09	3.820795522004756e-06	7.832558020697799e-10	3.91472933941049e-06	4.978204278654178e-14	1.0659091841730448e-17	5.605797125990479e-09	0.006065597549740101	0.0014903849765004352	9.162276393632185e-09	5.055988289863954e-05	5.702780111920542e-07	5.509112843751551e-17	0.04067439238438724	3.956748329250345e-06	0.00030911352484578637	0.00014921279292338087	5.573486784629387e-10	5.403328745837488e-06	6.220224498899197e-06	6.6414947686676305e-21	5.410012924848822e-22	8.619436402344989e-25	2.0938148834228283e-56	3.569818595161597e-28	1.8108879132735144e-155	2.761178925459399e-23	3.782229308999066e-18	2.6653194019165583e-12	1.1984981736808238e-07	3.8271333228458295e-05	1.2685233451232922e-05	2.0721470918338216e-11	1.0263976968306016e-19	1.180242953243271e-14	9.119537659443368e-13	6.065420810179561e-12	4.865160275904311e-16	2.8871088916818606e-17	1.952215111634144e-20	1.6998482027458922e-19	4.8648541324479736e-20	4.476839415286458e-29	3.553118286891125e-38	2.5597252027098763e-32	2.0013160063692725e-12	0.0004955162036263809	1.486516536535153e-11	1.1527033179205306e-05	4.771307168815536e-08	0.004100847239336321	0.0008381050628062378	1.1015479048705996e-08	7.580804991079182e-22	1.0992125247060939e-16	0.0387112718766657	5.955926431090003e-10	0.0010339442516231025	1.6303480452118227e-16	1.6271929132963335e-69	6.193492202583563e-11	1.0876215212655295e-20	4.253451615661776e-11	7.143377815089295e-23	1.3846163281833448e-27	2.131843289805235e-33	1.977794227325182e-39	2.5872088775287132e-15	6.141709849060741e-21	8.708372549765682e-18	1.7182849930211588e-27	1.420607544568653e-34	2.032038440724933e-39	2.849297658191888e-46	4.522782099959721e-15	3.025961981736964e-15	1.544773719007264e-20	1.540527193862491e-20	4.700204357893451e-31	1.581922462829629e-44	1.3384773329908261e-36	4.613567182201441e-58	0.007674468161412706	3.3151721953994645e-08	4.7006054101657694e-05	8.712618847935717e-62	3.2437293678129866e-76	4.0931777125519715e-13	3.6941829819681954e-07	0.00017960743267602828	4.125025265483589e-13	1.4821235756163043e-09	3.339832056429448e-19	2.6456301158806426e-19	5.355819614242242e-25	4.266005830066419e-25	8.777162532403745e-17	4.4033630637727376e-39	0.0001957622390429971	5.591041406190597e-11	0.0	0.0	0.0	0.0	0.0	0.0	5.038001137174231	0.12419853224891123	0.49679644829238795	0.0	0.0	0.0	0.0	0.0	0.0	0.0	0.0	0.190800000010904	0.0	0.0	0.0	0.19800006837166848	0.0
0.4071428571	-2.217778069996304e-08	42.85714	1.0	1.44e-10	0.021428	0.18	1.0	7.04575074278815	-2.740331679158967	1.3936457383604734e-07	1.131999952828507e-07	55.44715768067203	6.983489435008587e-08	2.916549918028347e-10	1.3869917743102573e-08	1.1090777720967943e-09	8.49568138087569e-11	5.7884758885417924e-12	2.1509421720676057e-12	1.5577982253455725e-12	3.3604800824463466e-17	4.781844220946506e-56	9.848100116284994e-07	3.4190355831301706e-06	5.397017124661121e-06	0.0033064459158427227	4.468464960616842e-05	0.00010088960198793005	2.0996833099937974e-06	0.0005216303214838555	5.940820202741517e-05	6.77655750545433e-08	1.8466192413519646e-09	3.820795522004747e-06	7.832558020694179e-10	3.9147293394103136e-06	4.9782042786517757e-14	1.0659091841731146e-17	5.605797125991304e-09	0.0060655975497433574	0.0014903849765010495	9.162276393633571e-09	5.055988289866478e-05	5.702780111923235e-07	5.5091128437541655e-17	0.040674392384387116	3.956748329250256e-06	0.0003091135248457797	0.00014921279292345486	5.57348678463128e-10	5.403328745837941e-06	6.220224498902276e-06	6.641494768673933e-21	5.410012924853734e-22	8.619436402352604e-25	2.0938148834245756e-56	3.5698185951647804e-28	1.8108879132746996e-155	2.76117892545696e-23	3.7822293089969625e-18	2.665319401915948e-12	1.198498173681005e-07	3.827133322847888e-05	1.2685233451238136e-05	2.0721470918342116e-11	1.0263976968304588e-19	1.1802429532426917e-14	9.119537659442063e-13	6.065420810180876e-12	4.865160275907256e-16	2.887108891683608e-17	1.9522151116361086e-20	1.6998482027473383e-19	4.864854132451675e-20	4.4768394152922074e-29	3.553118286896764e-38	2.5597252027122005e-32	2.00131600636897e-12	0.0004955162036263819	1.4865165365346057e-11	1.1527033179204362e-05	4.771307168816258e-08	0.0041008472393385224	0.0008381050628065832	1.1015479048707685e-08	7.580804991084702e-22	1.0992125247066108e-16	0.03871127187666578	5.955926431087786e-10	0.001033944251623015	1.6303480452117827e-16	1.627192913296866e-69	6.193492202581637e-11	1.0876215212648355e-20	4.253451615661933e-11	7.14337781508614e-23	1.3846163281829938e-27	2.131843289805061e-33	1.977794227325376e-39	2.5872088775287448e-15	6.141709849062851e-21	8.708372549766253e-18	1.7182849930223537e-27	1.4206075445688157e-34	2.0320384407258305e-39	2.8492976581941257e-46	4.5227820999588145e-15	3.0259619817373474e-15	1.5447737190080094e-20	1.540527193863222e-20	4.7002043578947976e-31	1.5819224628305607e-44	1.3384773329918774e-36	4.61356718220597e-58	0.007674468161412338	3.3151721954003936e-08	4.70060541016576e-05	8.71261884793928e-62	3.2437293678152153e-76	4.093177712549209e-13	3.6941829819669185e-07	0.00017960743267602847	4.1250252654808054e-13	1.482123575615795e-09	3.3398320564261694e-19	2.6456301158780455e-19	5.355819614235451e-25	4.26600583006101e-25	8.777162532397928e-17	4.403363063764813e-39	0.00019576223904302134	5.591041406189134e-11	0.0	0.0	0.0	0.0	0.0	0.0	5.0380011371742315	0.12419853224891121	0.49679644829238745	0.0	0.0	0.0	0.0	0.0	0.0	0.0	0.0	0.190800000010904	0.0	0.0	0.0	0.19800006837166845	0.0
0.45	-2.2177795101791482e-08	42.85714	1.0	1.44e-10	0.021428	0.18	1.0	7.045750742788323	-2.740331679159176	1.393645738361015e-07	1.131999952828044e-07	55.447157680672035	6.98348943500903e-08	2.9165499180286446e-10	1.3869917743098404e-08	1.1090777720959914e-09	8.49568138086589e-11	5.788475888535115e-12	2.1509421720641657e-12	1.5577982253433935e-12	3.360480082447721e-17	4.781844220950418e-56	9.848100116290391e-07	3.4190355831319184e-06	5.397017124661121e-06	0.0033064459158431998	4.468464960617564e-05	0.00010088960198788869	2.0996833099937974e-06	0.0005216303214837286	5.940820202739075e-05	6.776557505457282e-08	1.8466192413518287e-09	3.820795522004756e-06	7.832558020698247e-10	3.914729339410409e-06	4.978204278654423e-14	1.065909184173036e-17	5.605797125990409e-09	0.0060655975497397605	0.0014903849765004033	9.162276393632072e-09	5.055988289863686e-05	5.702780111920238e-07	5.509112843751551e-17	0.04067439238438724	3.956748329250345e-06	0.00030911352484578637	0.0001492127929233728	5.57348678462916e-10	5.4033287458373115e-06	6.220224498898867e-06	6.641494768666924e-21	5.410012924848202e-22	8.619436402344072e-25	2.0938148834226228e-56	3.5698185951612173e-28	1.8108879132735144e-155	2.761178925459715e-23	3.782229308999345e-18	2.6653194019166238e-12	1.198498173680809e-07	3.827133322845618e-05	1.2685233451232663e-05	2.07214709183383e-11	1.0263976968306603e-19	1.180242953243329e-14	9.119537659443667e-13	6.0654208101794125e-12	4.865160275903993e-16	2.8871088916816714e-17	1.9522151116339205e-20	1.699848202745753e-19	4.8648541324477347e-20	4.476839415285799e-29	3.5531182868904856e-38	2.5597252027097296e-32	2.001316006369305e-12	0.0004955162036263809	1.4865165365352138e-11	1.1527033179205683e-05	4.771307168815468e-08	0.00410084723933609	0.0008381050628062198	1.101547904870586e-08	7.580804991078748e-22	1.0992125247060983e-16	0.03871127187666564	5.955926431090247e-10	0.0010339442516231353	1.6303480452119094e-16	1.6271929132963335e-69	6.193492202583917e-11	1.0876215212656362e-20	4.253451615661846e-11	7.143377815089997e-23	1.3846163281835034e-27	2.1318432898054792e-33	1.977794227325376e-39	2.587208877528861e-15	6.1417098490607915e-21	8.708372549765897e-18	1.7182849930211168e-27	1.420607544568676e-34	2.0320384407248996e-39	2.849297658191702e-46	4.522782099959943e-15	3.0259619817369885e-15	1.5447737190072135e-20	1.5405271938624408e-20	4.7002043578935285e-31	1.5819224628295772e-44	1.3384773329907824e-36	4.6135671822015924e-58	0.0076744681614129414	3.3151721953994374e-08	4.7006054101657694e-05	8.712618847935432e-62	3.243729367812774e-76	4.0931777125523063e-13	3.6941829819683463e-07	0.00017960743267602828	4.125025265483927e-13	1.4821235756163649e-09	3.3398320564298575e-19	2.645630115880967e-19	5.355819614243075e-25	4.266005830067082e-25	8.777162532404462e-17	4.4033630637737464e-39	0.0001957622390429903	5.591041406190643e-11	0.0	0.0	0.0	0.0	0.0	0.0	5.038001137174231	0.12419853224891123	0.496796448292388	0.0	0.0	0.0	0.0	0.0	0.0	0.0	0.0	0.190800000010904	0.0	0.0	0.0	0.19800006837166848	0.0
0.4928571429	-2.2177782865544222e-08	42.85714	1.0	1.44e-10	0.021428	0.18	1.0	7.045750742788181	-2.7403316791590058	1.3936457383605703e-07	1.1319999528284236e-07	55.44715768067203	6.983489435008744e-08	2.91654991802843e-10	1.3869917743102034e-08	1.1090777720966628e-09	8.495681380874022e-11	5.788475888540679e-12	2.1509421720670075e-12	1.5577982253451775e-12	3.3604800824466486e-17	4.781844220947289e-56	9.84810011628592e-07	3.4190355831304573e-06	5.397017124661132e-06	0.003306445915842787	4.468464960616943e-05	0.00010088960198792253	2.0996833099938016e-06	0.0005216303214838299	5.9408202027410674e-05	6.776557505454926e-08	1.846619241351942e-09	3.820795522004756e-06	7.832558020694884e-10	3.914729339410361e-06	4.9782042786521423e-14	1.0659091841730972e-17	5.605797125991189e-09	0.006065597549742749	0.0014903849765009198	9.162276393633384e-09	5.055988289866012e-05	5.702780111922745e-07	5.5091128437536693e-17	0.04067439238438716	3.956748329250288e-06	0.000309113524845781	0.00014921279292344128	5.573486784630916e-10	5.403328745837908e-06	6.2202244989017164e-06	6.641494768672737e-21	5.41001292485276e-22	8.619436402351123e-25	2.093814883424233e-56	3.569818595164138e-28	1.8108879132744625e-155	2.7611789254574565e-23	3.7822293089973954e-18	2.66531940191609e-12	1.1984981736809805e-07	3.8271333228475046e-05	1.2685233451237074e-05	2.072147091834169e-11	1.0263976968305176e-19	1.1802429532427979e-14	9.119537659442437e-13	6.065420810180653e-12	4.865160275906699e-16	2.8871088916832775e-17	1.9522151116357252e-20	1.6998482027470186e-19	4.864854132450839e-20	4.4768394152910724e-29	3.5531182868956594e-38	2.55972520271174e-32	2.0013160063690354e-12	0.0004955162036263825	1.4865165365347152e-11	1.1527033179204433e-05	4.771307168816151e-08	0.004100847239338112	0.0008381050628065103	1.1015479048707483e-08	7.580804991083834e-22	1.0992125247065164e-16	0.03871127187666576	5.955926431088224e-10	0.0010339442516230223	1.630348045211796e-16	1.6271929132967595e-69	6.193492202582093e-11	1.0876215212649779e-20	4.253451615661933e-11	7.143377815086841e-23	1.3846163281830957e-27	2.1318432898051652e-33	1.9777942273254084e-39	2.5872088775287555e-15	6.141709849062399e-21	8.708372549766253e-18	1.7182849930221148e-27	1.4206075445687924e-34	2.032038440725664e-39	2.8492976581937065e-46	4.522782099958981e-15	3.025961981737261e-15	1.544773719007845e-20	1.540527193863071e-20	4.700204357894452e-31	1.5819224628303536e-44	1.3384773329916146e-36	4.613567182205064e-58	0.007674468161412322	3.3151721954001765e-08	4.7006054101657694e-05	8.712618847938426e-62	3.243729367814685e-76	4.0931777125497784e-13	3.6941829819671827e-07	0.00017960743267602847	4.125025265481379e-13	1.482123575615898e-09	3.3398320564268796e-19	2.645630115878565e-19	5.355819614236809e-25	4.266005830062091e-25	8.777162532399078e-17	4.4033630637665425e-39	0.00019576223904301852	5.5910414061894995e-11	0.0	0.0	0.0	0.0	0.0	0.0	5.0380011371742315	0.12419853224891121	0.49679644829238756	0.0	0.0	0.0	0.0	0.0	0.0	0.0	0.0	0.190800000010904	0.0	0.0	0.0	0.19800006837166848	0.0
0.5357142857	-2.217778291339735e-08	42.85714	1.0	1.44e-10	0.021428	0.18	1.0	7.045750742788165	-2.7403316791589867	1.3936457383605192e-07	1.1319999528284653e-07	55.44715768067203	6.98348943500863e-08	2.91654991802843e-10	1.3869917743102459e-08	1.1090777720967354e-09	8.495681380874891e-11	5.788475888541271e-12	2.150942172067324e-12	1.557798225345407e-12	3.3604800824466215e-17	4.781844220947132e-56	9.848100116285839e-07	3.4190355831304433e-06	5.397017124661121e-06	0.0033064459158428884	4.46846496061708e-05	0.00010088960198792624	2.0996833099937974e-06	0.000521630321483864	5.940820202741286e-05	6.776557505454829e-08	1.8466192413519495e-09	3.820795522004747e-06	7.832558020694852e-10	3.9147293394104575e-06	4.9782042786523253e-14	1.0659091841731494e-17	5.605797125991029e-09	0.006065597549742794	0.0014903849765009382	9.162276393633121e-09	5.055988289866043e-05	5.702780111922768e-07	5.50911284375385e-17	0.04067439238438716	3.956748329250272e-06	0.000309113524845781	0.0001492127929234422	5.57348678463112e-10	5.403328745837875e-06	6.220224498901742e-06	6.641494768673063e-21	5.410012924853026e-22	8.619436402351546e-25	2.0938148834244045e-56	3.5698185951642835e-28	1.8108879132744625e-155	2.76117892545705e-23	3.782229308997024e-18	2.6653194019159153e-12	1.1984981736809413e-07	3.827133322847536e-05	1.2685233451237203e-05	2.0721470918341353e-11	1.0263976968304672e-19	1.1802429532427013e-14	9.119537659441839e-13	6.065420810180504e-12	4.865160275906759e-16	2.887108891683301e-17	1.952215111635821e-20	1.6998482027471159e-19	4.8648541324511177e-20	4.4768394152912187e-29	3.553118286895718e-38	2.5597252027119284e-32	2.001316006369019e-12	0.0004955162036263819	1.4865165365346606e-11	1.152703317920448e-05	4.7713071688160044e-08	0.004100847239338142	0.0008381050628065206	1.1015479048707123e-08	7.580804991082903e-22	1.0992125247065524e-16	0.03871127187666578	5.955926431088005e-10	0.0010339442516230286	1.630348045211836e-16	1.6271929132967595e-69	6.19349220258194e-11	1.0876215212649156e-20	4.253451615661985e-11	7.143377815086607e-23	1.384616328183073e-27	2.1318432898052e-33	1.9777942273255053e-39	2.587208877528819e-15	6.1417098490627505e-21	8.708372549766396e-18	1.7182849930222834e-27	1.4206075445688621e-34	2.0320384407258305e-39	2.8492976581940328e-46	4.522782099958944e-15	3.0259619817373474e-15	1.5447737190079463e-20	1.5405271938631718e-20	4.7002043578947205e-31	1.5819224628305348e-44	1.3384773329918336e-36	4.6135671822058946e-58	0.007674468161412377	3.315172195400319e-08	4.70060541016576e-05	8.712618847938854e-62	3.243729367815003e-76	4.093177712549477e-13	3.694182981967047e-07	0.00017960743267602847	4.1250252654810755e-13	1.4821235756158436e-09	3.3398320564264973e-19	2.645630115878262e-19	5.355819614236065e-25	4.266005830061498e-25	8.777162532398431e-17	4.4033630637656055e-39	0.00019576223904301754	5.5910414061892475e-11	0.0	0.0	0.0	0.0	0.0	0.0	5.0380011371742315	0.12419853224891121	0.49679644829238756	0.0	0.0	0.0	0.0	0.0	0.0	0.0	0.0	0.190800000010904	0.0	0.0	0.0	0.19800006837166848	0.0
0.5785714286	-2.217778365857035e-08	42.85714	1.0	1.44e-10	0.021428	0.18	1.0	7.045750742788189	-2.740331679159013	1.393645738360596e-07	1.1319999528284028e-07	55.44715768067203	6.983489435008573e-08	2.916549918028454e-10	1.386991774310158e-08	1.1090777720966128e-09	8.4956813808735e-11	5.7884758885403004e-12	2.1509421720668314e-12	1.5577982253450883e-12	3.360480082446484e-17	4.781844220947132e-56	9.84810011628606e-07	3.419035583130513e-06	5.397017124661132e-06	0.0033064459158427804	4.468464960616933e-05	0.00010088960198792087	2.0996833099938016e-06	0.0005216303214838192	5.9408202027409705e-05	6.77655750545487e-08	1.8466192413519495e-09	3.820795522004756e-06	7.832558020695012e-10	3.914729339410249e-06	4.978204278652224e-14	1.065909184173071e-17	5.605797125991212e-09	0.006065597549742663	0.0014903849765009398	9.162276393633422e-09	5.0559882898659295e-05	5.702780111922663e-07	5.5091128437535344e-17	0.04067439238438716	3.9567483292502805e-06	0.000309113524845781	0.000149212792923439	5.573486784630801e-10	5.403328745837764e-06	6.220224498901615e-06	6.64149476867252e-21	5.410012924852583e-22	8.61943640235084e-25	2.0938148834241645e-56	3.5698185951640207e-28	1.8108879132744625e-155	2.7611789254576146e-23	3.7822293089975194e-18	2.6653194019161444e-12	1.198498173680983e-07	3.827133322847442e-05	1.2685233451237228e-05	2.0721470918341353e-11	1.0263976968305008e-19	1.1802429532428461e-14	9.119537659442586e-13	6.0654208101806775e-12	4.86516027590664e-16	2.88710889168323e-17	1.9522151116356614e-20	1.6998482027470186e-19	4.8648541324509185e-20	4.4768394152909625e-29	3.5531182868956014e-38	2.559725202711614e-32	2.0013160063690354e-12	0.0004955162036263819	1.4865165365347395e-11	1.152703317920474e-05	4.77130716881617e-08	0.004100847239338053	0.0008381050628065215	1.1015479048707483e-08	7.580804991083896e-22	1.099212524706485e-16	0.03871127187666574	5.955926431088346e-10	0.0010339442516230518	1.6303480452117694e-16	1.6271929132967595e-69	6.193492202582093e-11	1.0876215212650045e-20	4.253451615661863e-11	7.143377815086899e-23	1.384616328183073e-27	2.1318432898050957e-33	1.9777942273253435e-39	2.5872088775287132e-15	6.141709849062198e-21	8.708372549765897e-18	1.7182849930220165e-27	1.4206075445687924e-34	2.0320384407256308e-39	2.8492976581935664e-46	4.522782099959129e-15	3.025961981737298e-15	1.544773719007845e-20	1.5405271938630583e-20	4.700204357894605e-31	1.5819224628304053e-44	1.3384773329916584e-36	4.613567182205064e-58	0.007674468161412542	3.3151721954002037e-08	4.700605410165779e-05	8.712618847938426e-62	3.243729367814685e-76	4.093177712549929e-13	3.6941829819672436e-07	0.00017960743267602847	4.125025265481531e-13	1.4821235756159283e-09	3.339832056427044e-19	2.645630115878695e-19	5.355819614237204e-25	4.2660058300624055e-25	8.777162532399437e-17	4.4033630637669745e-39	0.00019576223904301332	5.5910414061894536e-11	0.0	0.0	0.0	0.0	0.0	0.0	5.0380011371742315	0.12419853224891121	0.49679644829238756	0.0	0.0	0.0	0.0	0.0	0.0	0.0	0.0	0.190800000010904	0.0	0.0	0.0	0.19800006837166848	0.0
0.6214285714	-2.2177794284281025e-08	42.85714	1.0	1.44e-10	0.021428	0.18	1.0	7.04575074278831	-2.740331679159157	1.3936457383609724e-07	1.1319999528280787e-07	55.447157680672035	6.983489435008973e-08	2.916549918028669e-10	1.3869917743098631e-08	1.1090777720960594e-09	8.495681380866725e-11	5.788475888535684e-12	2.1509421720644472e-12	1.5577982253436037e-12	3.360480082447391e-17	4.781844220949792e-56	9.848100116289928e-07	3.4190355831317786e-06	5.397017124661132e-06	0.003306445915843149	4.4684649606174815e-05	0.00010088960198789209	2.0996833099938016e-06	0.000521630321483735	5.940820202739269e-05	6.776557505456866e-08	1.8466192413518515e-09	3.820795522004756e-06	7.832558020697895e-10	3.914729339410289e-06	4.9782042786542394e-14	1.0659091841730186e-17	5.605797125990524e-09	0.006065597549740083	0.0014903849765004994	9.16227639363226e-09	5.055988289863934e-05	5.702780111920495e-07	5.509112843751732e-17	0.04067439238438726	3.956748329250345e-06	0.0003091135248457854	0.0001492127929233801	5.573486784629342e-10	5.403328745837234e-06	6.2202244988991465e-06	6.6414947686675214e-21	5.410012924848733e-22	8.619436402344847e-25	2.0938148834227944e-56	3.5698185951615388e-28	1.810887913273633e-155	2.761178925459512e-23	3.78222930899919e-18	2.665319401916591e-12	1.1984981736808262e-07	3.827133322845822e-05	1.2685233451233467e-05	2.07214709183383e-11	1.0263976968306099e-19	1.1802429532432999e-14	9.119537659443517e-13	6.065420810179586e-12	4.865160275904311e-16	2.8871088916818366e-17	1.9522151116341122e-20	1.6998482027459478e-19	4.8648541324483714e-20	4.476839415286458e-29	3.5531182868912415e-38	2.559725202709939e-32	2.0013160063692563e-12	0.0004955162036263809	1.486516536535165e-11	1.1527033179205871e-05	4.771307168815565e-08	0.004100847239336309	0.0008381050628062738	1.101547904870604e-08	7.580804991079493e-22	1.0992125247061343e-16	0.03871127187666564	5.955926431090052e-10	0.0010339442516231502	1.6303480452118828e-16	1.6271929132963868e-69	6.193492202583613e-11	1.0876215212655472e-20	4.253451615661776e-11	7.143377815089529e-23	1.3846163281833902e-27	2.1318432898053048e-33	1.9777942273253112e-39	2.5872088775288296e-15	6.1417098490608915e-21	8.708372549765682e-18	1.718284993021201e-27	1.4206075445686994e-34	2.032038440724999e-39	2.849297658191888e-46	4.5227820999599244e-15	3.0259619817370504e-15	1.544773719007302e-20	1.5405271938625164e-20	4.700204357893759e-31	1.5819224628297325e-44	1.3384773329909138e-36	4.613567182201819e-58	0.007674468161413091	3.315172195399587e-08	4.7006054101657694e-05	8.71261884793586e-62	3.243729367813199e-76	4.093177712552072e-13	3.694182981968233e-07	0.00017960743267602828	4.1250252654836735e-13	1.4821235756163163e-09	3.339832056429557e-19	2.6456301158807293e-19	5.355819614242505e-25	4.266005830066628e-25	8.777162532403888e-17	4.403363063773098e-39	0.0001957622390429883	5.591041406190391e-11	0.0	0.0	0.0	0.0	0.0	0.0	5.038001137174231	0.12419853224891123	0.49679644829238795	0.0	0.0	0.0	0.0	0.0	0.0	0.0	0.0	0.190800000010904	0.0	0.0	0.0	0.19800006837166848	0.0
0.6642857143	-2.217779432107105e-08	42.85714	1.0	1.44e-10	0.021428	0.18	1.0	7.045750742788325	-2.740331679159175	1.3936457383610208e-07	1.1319999528280394e-07	55.447157680672035	6.98348943500903e-08	2.9165499180286446e-10	1.386991774309829e-08	1.1090777720959823e-09	8.495681380865821e-11	5.788475888535068e-12	2.150942172064157e-12	1.5577982253433935e-12	3.360480082447281e-17	4.78184422094987e-56	9.848100116289968e-07	3.4190355831317854e-06	5.397017124661132e-06	0.0033064459158430475	4.4684649606173447e-05	0.00010088960198788837	2.0996833099938016e-06	0.000521630321483703	5.940820202739051e-05	6.776557505456894e-08	1.8466192413518364e-09	3.820795522004756e-06	7.832558020697927e-10	3.914729339410161e-06	4.9782042786540356e-14	1.0659091841729576e-17	5.6057971259906614e-09	0.006065597549740052	0.0014903849765004946	9.162276393632484e-09	5.055988289863903e-05	5.702780111920471e-07	5.509112843751597e-17	0.04067439238438724	3.956748329250336e-06	0.0003091135248457854	0.00014921279292337935	5.573486784629137e-10	5.403328745837223e-06	6.220224498899121e-06	6.641494768667196e-21	5.410012924848467e-22	8.619436402344425e-25	2.0938148834226228e-56	3.5698185951613634e-28	1.8108879132735144e-155	2.761178925459896e-23	3.7822293089995925e-18	2.6653194019167546e-12	1.1984981736808677e-07	3.8271333228457984e-05	1.2685233451233442e-05	2.0721470918338132e-11	1.0263976968306016e-19	1.180242953243406e-14	9.11953765944404e-13	6.065420810179711e-12	4.865160275904232e-16	2.88710889168179e-17	1.9522151116340162e-20	1.6998482027458645e-19	4.864854132448133e-20	4.476839415286275e-29	3.553118286891125e-38	2.559725202709772e-32	2.001316006369289e-12	0.0004955162036263804	1.4865165365352138e-11	1.1527033179205871e-05	4.7713071688157013e-08	0.004100847239336288	0.0008381050628062713	1.1015479048706401e-08	7.580804991080361e-22	1.0992125247061073e-16	0.03871127187666562	5.955926431090247e-10	0.0010339442516231522	1.6303480452118562e-16	1.6271929132963335e-69	6.193492202583613e-11	1.0876215212655829e-20	4.2534516156616196e-11	7.143377815089413e-23	1.3846163281833222e-27	2.1318432898050957e-33	1.977794227324988e-39	2.587208877528787e-15	6.1417098490605906e-21	8.70837254976547e-18	1.7182849930210465e-27	1.420607544568676e-34	2.0320384407248664e-39	2.849297658191702e-46	4.5227820999599615e-15	3.0259619817369763e-15	1.544773719007201e-20	1.5405271938624156e-20	4.70020435789349e-31	1.5819224628295513e-44	1.3384773329907167e-36	4.613567182200988e-58	0.007674468161413106	3.3151721953994784e-08	4.7006054101657694e-05	8.712618847935574e-62	3.2437293678129866e-76	4.093177712552357e-13	3.6941829819683617e-07	0.00017960743267602828	4.1250252654839775e-13	1.4821235756163709e-09	3.3398320564299394e-19	2.645630115880989e-19	5.35581961424325e-25	4.266005830067221e-25	8.777162532404535e-17	4.4033630637741066e-39	0.00019576223904298792	5.591041406190574e-11	0.0	0.0	0.0	0.0	0.0	0.0	5.038001137174231	0.12419853224891123	0.49679644829238795	0.0	0.0	0.0	0.0	0.0	0.0	0.0	0.0	0.190800000010904	0.0	0.0	0.0	0.19800006837166845	0.0
0.7071428571	-2.217779267000055e-08	42.85714	1.0	1.44e-10	0.021428	0.18	1.0	7.0457507427882895	-2.7403316791591337	1.3936457383609097e-07	1.1319999528281342e-07	55.447157680672035	6.983489435009045e-08	2.916549918028633e-10	1.3869917743099198e-08	1.1090777720961547e-09	8.495681380867871e-11	5.788475888536465e-12	2.150942172064861e-12	1.5577982253438586e-12	3.3604800824473635e-17	4.781844220949557e-56	9.848100116289343e-07	3.4190355831315898e-06	5.397017124661132e-06	0.0033064459158431117	4.4684649606174266e-05	0.00010088960198789672	2.0996833099938016e-06	0.0005216303214837536	5.940820202739549e-05	6.776557505456588e-08	1.8466192413518666e-09	3.820795522004756e-06	7.832558020697478e-10	3.9147293394103136e-06	4.978204278653954e-14	1.065909184173036e-17	5.60579712599057e-09	0.006065597549740461	0.0014903849765005573	9.162276393632336e-09	5.0559882898642334e-05	5.702780111920821e-07	5.509112843752182e-17	0.04067439238438724	3.956748329250329e-06	0.0003091135248457845	0.0001492127929233888	5.573486784629593e-10	5.4033287458373225e-06	6.220224498899516e-06	6.641494768668337e-21	5.410012924849353e-22	8.619436402345764e-25	2.093814883423034e-56	3.5698185951619477e-28	1.8108879132737515e-155	2.7611789254591504e-23	3.7822293089989115e-18	2.665319401916493e-12	1.1984981736808458e-07	3.827133322846065e-05	1.2685233451233986e-05	2.072147091833898e-11	1.0263976968306183e-19	1.180242953243213e-14	9.119537659443295e-13	6.065420810179711e-12	4.865160275904649e-16	2.887108891682049e-17	1.9522151116343677e-20	1.6998482027461146e-19	4.8648541324487295e-20	4.4768394152871174e-29	3.5531182868918225e-38	2.559725202710295e-32	2.0013160063692397e-12	0.0004955162036263809	1.4865165365350923e-11	1.152703317920566e-05	4.771307168815623e-08	0.004100847239336565	0.0008381050628063064	1.10154790487062e-08	7.580804991079926e-22	1.0992125247062242e-16	0.03871127187666566	5.955926431089759e-10	0.0010339442516231322	1.6303480452119228e-16	1.62719291329644e-69	6.19349220258346e-11	1.087621521265476e-20	4.253451615661863e-11	7.143377815089295e-23	1.3846163281834128e-27	2.1318432898054095e-33	1.9777942273254084e-39	2.5872088775289038e-15	6.1417098490613444e-21	8.708372549765968e-18	1.718284993021398e-27	1.4206075445687458e-34	2.0320384407251323e-39	2.849297658192261e-46	4.522782099959795e-15	3.0259619817371e-15	1.5447737190073904e-20	1.5405271938626172e-20	4.700204357893913e-31	1.581922462829836e-44	1.3384773329910451e-36	4.613567182202649e-58	0.007674468161412981	3.315172195399688e-08	4.7006054101657694e-05	8.71261884793643e-62	3.243729367813411e-76	4.0931777125517035e-13	3.694182981968067e-07	0.00017960743267602828	4.1250252654833196e-13	1.4821235756162497e-09	3.339832056429175e-19	2.6456301158804047e-19	5.355819614241629e-25	4.26600583006593e-25	8.77716253240317e-17	4.4033630637720897e-39	0.0001957622390429923	5.591041406190231e-11	0.0	0.0	0.0	0.0	0.0	0.0	5.038001137174231	0.12419853224891123	0.4967964482923879	0.0	0.0	0.0	0.0	0.0	0.0	0.0	0.0	0.190800000010904	0.0	0.0	0.0	0.19800006837166845	0.0
0.75	-2.2177780798296787e-08	42.85714	1.0	1.44e-10	0.021428	0.18	1.0	7.045750742788156	-2.740331679158975	1.3936457383604906e-07	1.1319999528284884e-07	55.44715768067203	6.983489435008516e-08	2.91654991802843e-10	1.3869917743102459e-08	1.1090777720967716e-09	8.495681380875377e-11	5.7884758885416026e-12	2.1509421720674914e-12	1.557798225345477e-12	3.3604800824463466e-17	4.781844220946584e-56	9.848100116285134e-07	3.4190355831302125e-06	5.397017124661121e-06	0.0033064459158427227	4.468464960616842e-05	0.0001008896019879284	2.0996833099937974e-06	0.000521630321483847	5.9408202027414076e-05	6.776557505454524e-08	1.8466192413519722e-09	3.820795522004747e-06	7.832558020694307e-10	3.914729339410361e-06	4.978204278651837e-14	1.0659091841731146e-17	5.6057971259913265e-09	0.0060655975497432586	0.0014903849765010068	9.16227639363361e-09	5.055988289866395e-05	5.702780111923154e-07	5.509112843753805e-17	0.04067439238438714	3.956748329250272e-06	0.00030911352484578003	0.00014921279292345272	5.573486784631211e-10	5.403328745838007e-06	6.220224498902187e-06	6.6414947686737694e-21	5.410012924853601e-22	8.619436402352393e-25	2.093814883424507e-56	3.5698185951646925e-28	1.8108879132745812e-155	2.76117892545705e-23	3.782229308997056e-18	2.6653194019160026e-12	1.198498173681e-07	3.827133322847826e-05	1.2685233451237799e-05	2.072147091834186e-11	1.026397696830442e-19	1.1802429532427206e-14	9.119537659442138e-13	6.065420810180901e-12	4.865160275907197e-16	2.887108891683561e-17	1.9522151116360604e-20	1.6998482027472687e-19	4.864854132451436e-20	4.476839415292061e-29	3.553118286896706e-38	2.559725202712012e-32	2.001316006368986e-12	0.0004955162036263825	1.486516536534624e-11	1.1527033179204174e-05	4.771307168816248e-08	0.004100847239338456	0.0008381050628065591	1.1015479048707664e-08	7.58080499108464e-22	1.099212524706539e-16	0.03871127187666578	5.955926431087883e-10	0.0010339442516230021	1.6303480452117026e-16	1.6271929132968127e-69	6.193492202581637e-11	1.0876215212648355e-20	4.253451615661863e-11	7.143377815085965e-23	1.3846163281829371e-27	2.131843289804956e-33	1.9777942273252466e-39	2.5872088775286178e-15	6.1417098490624496e-21	8.708372549765968e-18	1.718284993022213e-27	1.4206075445687924e-34	2.032038440725764e-39	2.8492976581940328e-46	4.5227820999588145e-15	3.0259619817373104e-15	1.544773719007959e-20	1.5405271938631718e-20	4.700204357894605e-31	1.581922462830483e-44	1.3384773329917897e-36	4.6135671822055925e-58	0.00767446816141222	3.3151721954003056e-08	4.70060541016576e-05	8.712618847938996e-62	3.243729367815003e-76	4.0931777125493265e-13	3.6941829819669715e-07	0.00017960743267602847	4.1250252654809235e-13	1.4821235756158132e-09	3.339832056426333e-19	2.645630115878132e-19	5.355819614235715e-25	4.266005830061219e-25	8.777162532398072e-17	4.4033630637651735e-39	0.00019576223904302375	5.591041406189271e-11	0.0	0.0	0.0	0.0	0.0	0.0	5.0380011371742315	0.12419853224891121	0.4967964482923875	0.0	0.0	0.0	0.0	0.0	0.0	0.0	0.0	0.190800000010904	0.0	0.0	0.0	0.19800006837166848	0.0
0.7928571429	-2.217779160181916e-08	42.85714	1.0	1.44e-10	0.021428	0.18	1.0	7.045750742788284	-2.74033167915913	1.3936457383608925e-07	1.1319999528281481e-07	55.447157680672035	6.98348943500893e-08	2.9165499180286446e-10	1.386991774309931e-08	1.1090777720961818e-09	8.495681380868149e-11	5.788475888536654e-12	2.150942172064949e-12	1.5577982253438586e-12	3.360480082447473e-17	4.781844220949636e-56	9.848100116289244e-07	3.419035583131541e-06	5.397017124661121e-06	0.0033064459158431083	4.468464960617436e-05	0.00010088960198789786	2.0996833099937974e-06	0.0005216303214837605	5.9408202027396214e-05	6.776557505456838e-08	1.8466192413518666e-09	3.820795522004756e-06	7.832558020697319e-10	3.914729339410506e-06	4.9782042786538526e-14	1.0659091841730622e-17	5.60579712599057e-09	0.006065597549740517	0.0014903849765005054	9.162276393632336e-09	5.0559882898642855e-05	5.702780111920879e-07	5.5091128437519117e-17	0.04067439238438722	3.956748329250336e-06	0.0003091135248457854	0.00014921279292339033	5.573486784629661e-10	5.403328745837588e-06	6.220224498899592e-06	6.6414947686684994e-21	5.410012924849486e-22	8.619436402345977e-25	2.0938148834230683e-56	3.569818595162006e-28	1.810887913273633e-155	2.7611789254590604e-23	3.7822293089987574e-18	2.665319401916471e-12	1.1984981736808458e-07	3.827133322846103e-05	1.2685233451233545e-05	2.0721470918338895e-11	1.0263976968306016e-19	1.1802429532431745e-14	9.11953765944322e-13	6.065420810179711e-12	4.865160275904689e-16	2.8871088916820967e-17	1.9522151116343996e-20	1.699848202746073e-19	4.864854132448411e-20	4.47683941528719e-29	3.5531182868918225e-38	2.5597252027101905e-32	2.0013160063692397e-12	0.0004955162036263814	1.48651653653508e-11	1.152703317920514e-05	4.771307168815614e-08	0.004100847239336602	0.0008381050628062772	1.10154790487062e-08	7.580804991079864e-22	1.0992125247061657e-16	0.0387112718766657	5.955926431089687e-10	0.0010339442516230845	1.630348045211816e-16	1.62719291329644e-69	6.19349220258336e-11	1.0876215212654494e-20	4.253451615661846e-11	7.143377815089003e-23	1.3846163281833335e-27	2.13184328980527e-33	1.977794227325279e-39	2.5872088775287235e-15	6.141709849061043e-21	8.708372549765826e-18	1.7182849930213277e-27	1.420607544568676e-34	2.0320384407250657e-39	2.8492976581922145e-46	4.5227820999595915e-15	3.0259619817370133e-15	1.5447737190073652e-20	1.540527193862592e-20	4.700204357893644e-31	1.5819224628297584e-44	1.3384773329909795e-36	4.61356718220212e-58	0.007674468161412604	3.31517219539958e-08	4.7006054101657694e-05	8.712618847936002e-62	3.243729367813199e-76	4.0931777125515863e-13	3.694182981968021e-07	0.00017960743267602847	4.1250252654832015e-13	1.4821235756162315e-09	3.3398320564290106e-19	2.6456301158802747e-19	5.355819614241322e-25	4.266005830065686e-25	8.777162532402954e-17	4.403363063771657e-39	0.00019576223904300153	5.591041406190414e-11	0.0	0.0	0.0	0.0	0.0	0.0	5.038001137174231	0.12419853224891123	0.4967964482923879	0.0	0.0	0.0	0.0	0.0	0.0	0.0	0.0	0.190800000010904	0.0	0.0	0.0	0.19800006837166848	0.0
0.8357142857	-2.2177782493429943e-08	42.85714	1.0	1.44e-10	0.021428	0.18	1.0	7.0457507427881785	-2.7403316791590018	1.3936457383605618e-07	1.1319999528284306e-07	55.44715768067203	6.983489435008573e-08	2.9165499180284063e-10	1.3869917743101893e-08	1.1090777720966583e-09	8.495681380874057e-11	5.788475888540679e-12	2.150942172067034e-12	1.5577982253451903e-12	3.360480082446566e-17	4.781844220947132e-56	9.848100116285798e-07	3.419035583130415e-06	5.397017124661121e-06	0.003306445915842767	4.468464960616915e-05	0.00010088960198792314	2.0996833099937974e-06	0.0005216303214838278	5.940820202741104e-05	6.776557505454856e-08	1.8466192413519495e-09	3.820795522004747e-06	7.832558020694788e-10	3.914729339410353e-06	4.978204278652101e-14	1.0659091841730972e-17	5.605797125991258e-09	0.00606559754974283	0.0014903849765009322	9.162276393633459e-09	5.0559882898660636e-05	5.702780111922792e-07	5.5091128437536244e-17	0.04067439238438714	3.9567483292502805e-06	0.000309113524845781	0.00014921279292344313	5.573486784630938e-10	5.40332874583793e-06	6.220224498901793e-06	6.6414947686729005e-21	5.410012924852893e-22	8.619436402351335e-25	2.0938148834242673e-56	3.569818595164225e-28	1.8108879132744625e-155	2.761178925457434e-23	3.7822293089973646e-18	2.6653194019161007e-12	1.198498173680983e-07	3.8271333228475514e-05	1.2685233451237152e-05	2.072147091834152e-11	1.0263976968304756e-19	1.1802429532428075e-14	9.119537659442362e-13	6.065420810180728e-12	4.865160275906798e-16	2.8871088916833243e-17	1.952215111635773e-20	1.6998482027470603e-19	4.8648541324509185e-20	4.4768394152912557e-29	3.55311828689595e-38	2.55972520271174e-32	2.0013160063690354e-12	0.0004955162036263825	1.486516536534703e-11	1.1527033179204386e-05	4.77130716881618e-08	0.004100847239338167	0.0008381050628065172	1.1015479048707483e-08	7.580804991083958e-22	1.099212524706503e-16	0.03871127187666576	5.955926431088201e-10	0.001033944251623018	1.630348045211756e-16	1.6271929132967595e-69	6.19349220258194e-11	1.0876215212649511e-20	4.253451615661863e-11	7.143377815086549e-23	1.384616328183005e-27	2.131843289804991e-33	1.9777942273252466e-39	2.587208877528692e-15	6.141709849062298e-21	8.708372549766111e-18	1.7182849930221008e-27	1.420607544568769e-34	2.0320384407256308e-39	2.8492976581936598e-46	4.522782099958981e-15	3.0259619817372733e-15	1.5447737190078704e-20	1.5405271938630833e-20	4.700204357894528e-31	1.5819224628304053e-44	1.3384773329916584e-36	4.613567182205064e-58	0.007674468161412298	3.3151721954001765e-08	4.70060541016576e-05	8.712618847938426e-62	3.243729367814685e-76	4.093177712549728e-13	3.6941829819671525e-07	0.00017960743267602847	4.1250252654813284e-13	1.482123575615892e-09	3.3398320564267703e-19	2.6456301158785217e-19	5.355819614236678e-25	4.266005830061987e-25	8.777162532399005e-17	4.403363063766254e-39	0.00019576223904301952	5.591041406189476e-11	0.0	0.0	0.0	0.0	0.0	0.0	5.0380011371742315	0.12419853224891121	0.49679644829238756	0.0	0.0	0.0	0.0	0.0	0.0	0.0	0.0	0.190800000010904	0.0	0.0	0.0	0.19800006837166848	0.0
0.8785714286	-2.217778287178008e-08	42.85714	1.0	1.44e-10	0.021428	0.18	1.0	7.045750742788166	-2.7403316791589876	1.393645738360522e-07	1.131999952828463e-07	55.44715768067203	6.983489435008687e-08	2.9165499180284063e-10	1.3869917743102347e-08	1.1090777720967309e-09	8.495681380874821e-11	5.788475888541224e-12	2.150942172067298e-12	1.5577982253453878e-12	3.360480082446566e-17	4.781844220946975e-56	9.84810011628582e-07	3.419035583130436e-06	5.397017124661121e-06	0.003306445915842875	4.468464960617052e-05	0.00010088960198792602	2.0996833099937974e-06	0.0005216303214838619	5.940820202741274e-05	6.776557505454829e-08	1.8466192413519495e-09	3.820795522004747e-06	7.83255802069482e-10	3.9147293394104415e-06	4.978204278652285e-14	1.0659091841731494e-17	5.605797125991029e-09	0.006065597549742812	0.0014903849765009413	9.162276393633121e-09	5.055988289866043e-05	5.702780111922768e-07	5.50911284375376e-17	0.04067439238438716	3.956748329250272e-06	0.0003091135248457807	0.0001492127929234425	5.573486784631098e-10	5.403328745837875e-06	6.220224498901767e-06	6.641494768673063e-21	5.410012924853026e-22	8.619436402351546e-25	2.0938148834244045e-56	3.5698185951642835e-28	1.8108879132744625e-155	2.761178925457118e-23	3.782229308997056e-18	2.6653194019159262e-12	1.1984981736809487e-07	3.827133322847544e-05	1.2685233451237255e-05	2.072147091834169e-11	1.0263976968305008e-19	1.180242953242711e-14	9.119537659441914e-13	6.065420810180529e-12	4.865160275906759e-16	2.887108891683301e-17	1.952215111635821e-20	1.6998482027471159e-19	4.8648541324511177e-20	4.4768394152912187e-29	3.553118286895718e-38	2.5597252027118863e-32	2.001316006369019e-12	0.0004955162036263819	1.4865165365346606e-11	1.152703317920448e-05	4.7713071688160236e-08	0.004100847239338154	0.0008381050628065224	1.1015479048707123e-08	7.580804991083027e-22	1.0992125247065344e-16	0.03871127187666576	5.95592643108803e-10	0.0010339442516230286	1.6303480452118094e-16	1.6271929132967595e-69	6.193492202582043e-11	1.0876215212649333e-20	4.253451615662037e-11	7.143377815086783e-23	1.3846163281831409e-27	2.1318432898053397e-33	1.9777942273256994e-39	2.5872088775287768e-15	6.1417098490626504e-21	8.708372549766253e-18	1.7182849930222414e-27	1.4206075445688157e-34	2.032038440725764e-39	2.8492976581939394e-46	4.522782099958981e-15	3.0259619817373723e-15	1.544773719007959e-20	1.5405271938631718e-20	4.7002043578947976e-31	1.5819224628305607e-44	1.3384773329918336e-36	4.61356718220597e-58	0.007674468161412385	3.3151721954003056e-08	4.70060541016576e-05	8.712618847938854e-62	3.243729367815003e-76	4.0931777125494936e-13	3.694182981967047e-07	0.00017960743267602847	4.125025265481092e-13	1.4821235756158496e-09	3.3398320564264973e-19	2.6456301158783055e-19	5.355819614236109e-25	4.266005830061533e-25	8.777162532398502e-17	4.4033630637656055e-39	0.00019576223904301773	5.591041406189271e-11	0.0	0.0	0.0	0.0	0.0	0.0	5.0380011371742315	0.12419853224891121	0.49679644829238756	0.0	0.0	0.0	0.0	0.0	0.0	0.0	0.0	0.190800000010904	0.0	0.0	0.0	0.19800006837166845	0.0
0.9214285714	-2.2177786845220945e-08	42.85714	1.0	1.44e-10	0.021428	0.18	1.0	7.045750742788241	-2.740331679159077	1.3936457383607556e-07	1.1319999528282638e-07	55.447157680672035	6.983489435008887e-08	2.9165499180285614e-10	1.386991774310056e-08	1.1090777720963816e-09	8.495681380870651e-11	5.788475888538383e-12	2.1509421720658286e-12	1.557798225344381e-12	3.360480082447034e-17	4.78184422094854e-56	9.848100116287592e-07	3.4190355831310023e-06	5.397017124661132e-06	0.0033064459158428953	4.468464960617125e-05	0.00010088960198790849	2.0996833099938016e-06	0.0005216303214837771	5.9408202027402414e-05	6.776557505456035e-08	1.846619241351889e-09	3.820795522004756e-06	7.832558020696133e-10	3.9147293394104415e-06	4.978204278652916e-14	1.0659091841730536e-17	5.60579712599096e-09	0.006065597549741615	0.0014903849765006806	9.162276393633009e-09	5.055988289865133e-05	5.702780111921801e-07	5.509112843752453e-17	0.04067439238438718	3.956748329250313e-06	0.0003091135248457838	0.0001492127929234155	5.573486784630163e-10	5.403328745837842e-06	6.220224498900635e-06	6.641494768670401e-21	5.41001292485099e-22	8.619436402348374e-25	2.093814883423548e-56	3.569818595162999e-28	1.8108879132739885e-155	2.7611789254584727e-23	3.782229308998262e-18	2.6653194019163625e-12	1.1984981736809291e-07	3.827133322846784e-05	1.2685233451235024e-05	2.072147091833974e-11	1.0263976968305008e-19	1.1802429532430538e-14	9.119537659443032e-13	6.065420810180256e-12	4.865160275905644e-16	2.8871088916826396e-17	1.9522151116350066e-20	1.6998482027464762e-19	4.864854132449287e-20	4.4768394152890215e-29	3.553118286893741e-38	2.559725202710756e-32	2.0013160063691497e-12	0.0004955162036263814	1.486516536534922e-11	1.1527033179204552e-05	4.7713071688159555e-08	0.0041008472393373446	0.0008381050628063758	1.1015479048706987e-08	7.580804991082283e-22	1.0992125247062737e-16	0.03871127187666576	5.955926431089078e-10	0.0010339442516230327	1.6303480452117162e-16	1.6271929132965466e-69	6.193492202582574e-11	1.0876215212652003e-20	4.2534516156616894e-11	7.143377815087484e-23	1.384616328183073e-27	2.1318432898048864e-33	1.9777942273249552e-39	2.5872088775285862e-15	6.1417098490612436e-21	8.708372549765682e-18	1.7182849930215667e-27	1.4206075445686297e-34	2.0320384407251655e-39	2.849297658192634e-46	4.5227820999592405e-15	3.025961981737063e-15	1.5447737190075418e-20	1.540527193862756e-20	4.700204357893797e-31	1.5819224628298878e-44	1.338477332991111e-36	4.613567182202875e-58	0.007674468161412298	3.315172195399736e-08	4.7006054101657694e-05	8.712618847936857e-62	3.2437293678136236e-76	4.0931777125508164e-13	3.6941829819676666e-07	0.00017960743267602828	4.125025265482425e-13	1.4821235756160921e-09	3.3398320564281093e-19	2.6456301158795607e-19	5.3558196142393945e-25	4.26600583006415e-25	8.777162532401303e-17	4.403363063769496e-39	0.00019576223904301332	5.5910414061901625e-11	0.0	0.0	0.0	0.0	0.0	0.0	5.0380011371742315	0.12419853224891123	0.4967964482923877	0.0	0.0	0.0	0.0	0.0	0.0	0.0	0.0	0.190800000010904	0.0	0.0	0.0	0.19800006837166845	0.0
0.9642857143	-2.2177779404401588e-08	42.85714	1.0	1.44e-10	0.021428	0.18	1.0	7.04575074278812	-2.740331679158931	1.3936457383603766e-07	1.1319999528285857e-07	55.447157680672035	6.983489435008473e-08	2.9165499180283944e-10	1.3869917743103594e-08	1.1090777720969532e-09	8.495681380877461e-11	5.788475888543047e-12	2.1509421720682217e-12	1.5577982253459932e-12	3.360480082446264e-17	4.781844220946115e-56	9.84810011628445e-07	3.4190355831300024e-06	5.397017124661121e-06	0.0033064459158427804	4.468464960616915e-05	0.00010088960198793696	2.0996833099937974e-06	0.0005216303214838998	5.940820202741918e-05	6.776557505454052e-08	1.846619241351995e-09	3.820795522004747e-06	7.832558020693826e-10	3.914729339410418e-06	4.978204278651694e-14	1.0659091841731756e-17	5.605797125991235e-09	0.006065597549743705	0.0014903849765011074	9.162276393633497e-09	5.055988289866736e-05	5.702780111923515e-07	5.5091128437543904e-17	0.04067439238438714	3.956748329250256e-06	0.0003091135248457788	0.0001492127929234628	5.57348678463169e-10	5.403328745837985e-06	6.220224498902607e-06	6.6414947686748565e-21	5.410012924854487e-22	8.619436402353803e-25	2.093814883424918e-56	3.5698185951652476e-28	1.8108879132748182e-155	2.7611789254563274e-23	3.782229308996375e-18	2.66531940191573e-12	1.1984981736809855e-07	3.827133322848107e-05	1.2685233451238656e-05	2.0721470918342116e-11	1.0263976968303917e-19	1.1802429532425227e-14	9.119537659441393e-13	6.065420810180901e-12	4.865160275907594e-16	2.8871088916838204e-17	1.952215111636396e-20	1.699848202747547e-19	4.8648541324522317e-20	4.476839415292867e-29	3.5531182868973455e-38	2.5597252027125355e-32	2.0013160063689207e-12	0.0004955162036263819	1.4865165365345023e-11	1.1527033179204198e-05	4.77130716881618e-08	0.0041008472393387575	0.0008381050628066157	1.1015479048707505e-08	7.580804991084329e-22	1.0992125247066604e-16	0.0387112718766658	5.955926431087372e-10	0.0010339442516230032	1.630348045211776e-16	1.6271929132969193e-69	6.193492202581307e-11	1.087621521264693e-20	4.253451615661967e-11	7.143377815085438e-23	1.3846163281829258e-27	2.131843289805061e-33	1.977794227325473e-39	2.587208877528734e-15	6.1417098490632034e-21	8.708372549766253e-18	1.7182849930225786e-27	1.4206075445688854e-34	2.0320384407260298e-39	2.8492976581946388e-46	4.522782099958685e-15	3.0259619817374835e-15	1.5447737190081738e-20	1.5405271938633858e-20	4.7002043578951435e-31	1.5819224628308195e-44	1.3384773329921401e-36	4.613567182207178e-58	0.007674468161412274	3.3151721954005835e-08	4.7006054101657504e-05	8.712618847940136e-62	3.243729367815852e-76	4.0931777125486566e-13	3.694182981966669e-07	0.00017960743267602847	4.1250252654802485e-13	1.482123575615698e-09	3.339832056425541e-19	2.6456301158775264e-19	5.35581961423405e-25	4.266005830059893e-25	8.777162532396708e-17	4.403363063763228e-39	0.00019576223904302413	5.591041406188813e-11	0.0	0.0	0.0	0.0	0.0	0.0	5.038001137174231	0.12419853224891123	0.49679644829238745	0.0	0.0	0.0	0.0	0.0	0.0	0.0	0.0	0.190800000010904	0.0	0.0	0.0	0.19800006837166848	0.0
1.0071428571	-2.217779242226798e-08	42.85714	1.0	1.44e-10	0.021428	0.18	1.0	7.045750742788298	-2.7403316791591434	1.393645738360938e-07	1.1319999528281111e-07	55.447157680672035	6.983489435009045e-08	2.916549918028633e-10	1.3869917743098858e-08	1.1090777720961138e-09	8.49568138086735e-11	5.7884758885361096e-12	2.1509421720646936e-12	1.557798225343744e-12	3.3604800824471983e-17	4.7818442209494e-56	9.848100116289263e-07	3.419035583131562e-06	5.397017124661132e-06	0.003306445915843017	4.4684649606172986e-05	0.00010088960198789466	2.0996833099938016e-06	0.000521630321483728	5.940820202739427e-05	6.776557505456533e-08	1.846619241351859e-09	3.820795522004756e-06	7.832558020697415e-10	3.914729339410201e-06	4.978204278653771e-14	1.0659091841730012e-17	5.605797125990753e-09	0.006065597549740523	0.001490384976500574	9.162276393632635e-09	5.055988289864275e-05	5.702780111920868e-07	5.509112843751957e-17	0.04067439238438722	3.956748329250329e-06	0.0003091135248457845	0.00014921279292339003	5.573486784629479e-10	5.4033287458373225e-06	6.220224498899567e-06	6.641494768668228e-21	5.410012924849264e-22	8.619436402345624e-25	2.093814883422931e-56	3.569818595161889e-28	1.810887913273633e-155	2.761178925459422e-23	3.782229308999128e-18	2.6653194019166238e-12	1.1984981736808802e-07	3.827133322846096e-05	1.2685233451234116e-05	2.0721470918338895e-11	1.0263976968305932e-19	1.1802429532432952e-14	9.119537659443667e-13	6.065420810179884e-12	4.86516027590467e-16	2.8871088916820726e-17	1.9522151116343358e-20	1.699848202746087e-19	4.86485413244869e-20	4.476839415287154e-29	3.5531182868919974e-38	2.5597252027101276e-32	2.0013160063692317e-12	0.0004955162036263809	1.4865165365351285e-11	1.152703317920566e-05	4.77130716881577e-08	0.0041008472393366064	0.0008381050628063158	1.1015479048706514e-08	7.580804991080856e-22	1.0992125247061793e-16	0.03871127187666564	5.955926431089881e-10	0.0010339442516231342	1.6303480452118495e-16	1.62719291329644e-69	6.193492202583384e-11	1.087621521265485e-20	4.253451615661707e-11	7.143377815089061e-23	1.3846163281832996e-27	2.1318432898052e-33	1.9777942273251494e-39	2.5872088775287768e-15	6.141709849060942e-21	8.70837254976554e-18	1.7182849930212434e-27	1.4206075445687227e-34	2.0320384407250324e-39	2.849297658192075e-46	4.522782099959814e-15	3.025961981737063e-15	1.54477371900734e-20	1.5405271938625543e-20	4.700204357893759e-31	1.5819224628297843e-44	1.3384773329909357e-36	4.6135671822019695e-58	0.007674468161413005	3.315172195399634e-08	4.7006054101657694e-05	8.712618847936146e-62	3.243729367813305e-76	4.093177712551871e-13	3.6941829819681425e-07	0.00017960743267602828	4.125025265483488e-13	1.4821235756162861e-09	3.339832056429366e-19	2.645630115880556e-19	5.355819614242067e-25	4.266005830066279e-25	8.777162532403529e-17	4.403363063772666e-39	0.0001957622390429925	5.5910414061903454e-11	0.0	0.0	0.0	0.0	0.0	0.0	5.038001137174231	0.12419853224891123	0.4967964482923879	0.0	0.0	0.0	0.0	0.0	0.0	0.0	0.0	0.190800000010904	0.0	0.0	0.0	0.19800006837166848	0.0
1.05	-2.2177780436196978e-08	42.85714	1.0	1.44e-10	0.021428	0.18	1.0	7.045750742788143	-2.740331679158963	1.3936457383604478e-07	1.1319999528285231e-07	55.447157680672035	6.983489435008573e-08	2.9165499180284063e-10	1.38699177431028e-08	1.1090777720968305e-09	8.495681380876072e-11	5.7884758885420525e-12	2.1509421720677378e-12	1.5577982253456172e-12	3.3604800824467034e-17	4.781844220946975e-56	9.848100116285155e-07	3.4190355831302125e-06	5.397017124661121e-06	0.0033064459158428277	4.468464960616997e-05	0.00010088960198793139	2.0996833099937974e-06	0.0005216303214838811	5.94082020274159e-05	6.776557505454746e-08	1.8466192413519495e-09	3.820795522004747e-06	7.832558020694275e-10	3.9147293394106015e-06	4.9782042786519385e-14	1.0659091841731843e-17	5.6057971259911205e-09	0.006065597549743233	0.001490384976500961	9.162276393633272e-09	5.055988289866384e-05	5.702780111923154e-07	5.5091128437541205e-17	0.04067439238438716	3.956748329250272e-06	0.000309113524845781	0.00014921279292345242	5.573486784631394e-10	5.403328745838173e-06	6.220224498902175e-06	6.6414947686738785e-21	5.410012924853734e-22	8.619436402352604e-25	2.093814883424644e-56	3.5698185951647804e-28	1.8108879132745812e-155	2.761178925456711e-23	3.782229308996715e-18	2.665319401915817e-12	1.1984981736809633e-07	3.8271333228478096e-05	1.2685233451237411e-05	2.0721470918342284e-11	1.0263976968304924e-19	1.1802429532425951e-14	9.119537659441467e-13	6.065420810180628e-12	4.865160275907117e-16	2.8871088916835135e-17	1.9522151116360764e-20	1.699848202747241e-19	4.864854132451237e-20	4.476839415291915e-29	3.553118286896357e-38	2.5597252027122005e-32	2.0013160063690026e-12	0.0004955162036263825	1.4865165365345815e-11	1.1527033179203891e-05	4.771307168816092e-08	0.004100847239338439	0.0008381050628065334	1.1015479048707303e-08	7.580804991083585e-22	1.0992125247066018e-16	0.038711271876665836	5.955926431087713e-10	0.0010339442516229735	1.630348045211796e-16	1.6271929132968127e-69	6.19349220258179e-11	1.0876215212648355e-20	4.253451615662107e-11	7.143377815086315e-23	1.3846163281830616e-27	2.131843289805235e-33	1.9777942273256025e-39	2.5872088775287555e-15	6.141709849062952e-21	8.708372549766681e-18	1.71828499302241e-27	1.4206075445687924e-34	2.0320384407258305e-39	2.849297658194219e-46	4.522782099958685e-15	3.025961981737323e-15	1.544773719008022e-20	1.5405271938632347e-20	4.700204357894682e-31	1.5819224628305866e-44	1.3384773329919211e-36	4.6135671822062724e-58	0.007674468161411985	3.3151721954003056e-08	4.70060541016576e-05	8.712618847938996e-62	3.243729367815109e-76	4.0931777125490584e-13	3.69418298196685e-07	0.00017960743267602847	4.1250252654806534e-13	1.4821235756157708e-09	3.3398320564259782e-19	2.6456301158778943e-19	5.355819614235013e-25	4.266005830060661e-25	8.777162532397569e-17	4.403363063764237e-39	0.00019576223904302896	5.591041406189271e-11	0.0	0.0	0.0	0.0	0.0	0.0	5.038001137174231	0.12419853224891123	0.4967964482923875	0.0	0.0	0.0	0.0	0.0	0.0	0.0	0.0	0.190800000010904	0.0	0.0	0.0	0.19800006837166848	0.0
1.0928571429	-2.2177778077611717e-08	42.85714	1.0	1.44e-10	0.021428	0.18	1.0	7.045750742788127	-2.7403316791589427	1.3936457383603993e-07	1.1319999528285672e-07	55.447157680672035	6.983489435008473e-08	2.9165499180284063e-10	1.3869917743103367e-08	1.1090777720969122e-09	8.495681380877045e-11	5.788475888542739e-12	2.150942172068072e-12	1.5577982253458084e-12	3.360480082446374e-17	4.7818442209463495e-56	9.848100116284329e-07	3.4190355831299397e-06	5.397017124661121e-06	0.003306445915842672	4.468464960616769e-05	0.0001008896019879353	2.0996833099937974e-06	0.0005216303214838742	5.940820202741821e-05	6.776557505454303e-08	1.8466192413519799e-09	3.820795522004747e-06	7.832558020693698e-10	3.914729339410497e-06	4.978204278651389e-14	1.0659091841731406e-17	5.605797125991395e-09	0.006065597549743786	0.001490384976501057	9.162276393633722e-09	5.0559882898668185e-05	5.702780111923621e-07	5.5091128437542104e-17	0.04067439238438714	3.9567483292502635e-06	0.0003091135248457797	0.00014921279292346524	5.573486784631599e-10	5.403328745838284e-06	6.220224498902708e-06	6.6414947686748016e-21	5.4100129248544425e-22	8.619436402353732e-25	2.093814883424815e-56	3.5698185951652476e-28	1.8108879132746996e-155	2.761178925456553e-23	3.782229308996622e-18	2.665319401915861e-12	1.1984981736810247e-07	3.827133322848162e-05	1.2685233451238241e-05	2.0721470918342707e-11	1.026397696830442e-19	1.1802429532425951e-14	9.119537659441839e-13	6.065420810181025e-12	4.865160275907635e-16	2.8871088916838204e-17	1.95221511163638e-20	1.6998482027474495e-19	4.864854132451715e-20	4.4768394152929036e-29	3.5531182868974035e-38	2.5597252027123893e-32	2.0013160063689615e-12	0.0004955162036263829	1.486516536534527e-11	1.1527033179203632e-05	4.771307168816336e-08	0.004100847239338812	0.0008381050628065874	1.1015479048707866e-08	7.580804991085259e-22	1.0992125247066244e-16	0.038711271876665856	5.955926431087493e-10	0.0010339442516229536	1.6303480452116893e-16	1.627192913296866e-69	6.193492202581384e-11	1.0876215212647287e-20	4.253451615661967e-11	7.143377815085556e-23	1.3846163281829145e-27	2.131843289804956e-33	1.9777942273253435e-39	2.587208877528607e-15	6.141709849062801e-21	8.708372549766253e-18	1.718284993022438e-27	1.420607544568769e-34	2.0320384407258637e-39	2.849297658194359e-46	4.522782099958556e-15	3.025961981737323e-15	1.5447737190080726e-20	1.5405271938632976e-20	4.7002043578947205e-31	1.5819224628305866e-44	1.3384773329919211e-36	4.613567182206347e-58	0.007674468161411867	3.3151721954003665e-08	4.70060541016576e-05	8.71261884793928e-62	3.2437293678152153e-76	4.0931777125487904e-13	3.694182981966722e-07	0.00017960743267602828	4.125025265480384e-13	1.4821235756157162e-09	3.339832056425705e-19	2.6456301158776343e-19	5.355819614234356e-25	4.266005830060137e-25	8.777162532396995e-17	4.4033630637635885e-39	0.00019576223904303394	5.591041406189179e-11	0.0	0.0	0.0	0.0	0.0	0.0	5.038001137174231	0.12419853224891123	0.49679644829238745	0.0	0.0	0.0	0.0	0.0	0.0	0.0	0.0	0.190800000010904	0.0	0.0	0.0	0.19800006837166848	0.0
1.1357142857	-2.2177783055465103e-08	42.85714	1.0	1.44e-10	0.021428	0.18	1.0	7.045750742788169	-2.7403316791589902	1.3936457383605306e-07	1.131999952828456e-07	55.44715768067203	6.98348943500863e-08	2.91654991802843e-10	1.3869917743102347e-08	1.1090777720967172e-09	8.495681380874683e-11	5.788475888541129e-12	2.150942172067254e-12	1.5577982253453623e-12	3.360480082446566e-17	4.781844220947054e-56	9.848100116285879e-07	3.4190355831304573e-06	5.397017124661121e-06	0.003306445915842875	4.4684649606170614e-05	0.00010088960198792541	2.0996833099937974e-06	0.0005216303214838576	5.9408202027412375e-05	6.776557505454856e-08	1.8466192413519571e-09	3.820795522004747e-06	7.832558020694852e-10	3.914729339410433e-06	4.9782042786523253e-14	1.0659091841731406e-17	5.605797125991052e-09	0.0060655975497427685	0.0014903849765009367	9.16227639363316e-09	5.055988289866022e-05	5.702780111922745e-07	5.5091128437536693e-17	0.04067439238438718	3.9567483292502805e-06	0.000309113524845781	0.0001492127929234416	5.573486784631075e-10	5.403328745837864e-06	6.220224498901729e-06	6.641494768673009e-21	5.410012924852982e-22	8.619436402351476e-25	2.09381488342437e-56	3.5698185951642835e-28	1.8108879132744625e-155	2.76117892545714e-23	3.782229308997056e-18	2.665319401915959e-12	1.1984981736809463e-07	3.82713332284752e-05	1.2685233451237203e-05	2.0721470918341266e-11	1.0263976968304672e-19	1.1802429532427206e-14	9.119537659441914e-13	6.065420810180554e-12	4.865160275906759e-16	2.887108891683301e-17	1.952215111635805e-20	1.699848202747102e-19	4.8648541324511177e-20	4.4768394152912187e-29	3.553118286895718e-38	2.559725202711824e-32	2.001316006369019e-12	0.0004955162036263825	1.4865165365346726e-11	1.1527033179204552e-05	4.7713071688160236e-08	0.004100847239338124	0.0008381050628065198	1.1015479048707167e-08	7.580804991083027e-22	1.099212524706512e-16	0.03871127187666578	5.955926431088054e-10	0.0010339442516230318	1.6303480452117827e-16	1.6271929132967595e-69	6.19349220258194e-11	1.0876215212649245e-20	4.2534516156619505e-11	7.143377815086607e-23	1.384616328183073e-27	2.1318432898051652e-33	1.9777942273254407e-39	2.587208877528734e-15	6.1417098490625e-21	8.708372549766111e-18	1.718284993022199e-27	1.4206075445688388e-34	2.0320384407257972e-39	2.8492976581939394e-46	4.522782099958944e-15	3.025961981737323e-15	1.544773719007921e-20	1.5405271938631465e-20	4.700204357894643e-31	1.581922462830483e-44	1.3384773329917678e-36	4.6135671822055175e-58	0.0076744681614124	3.3151721954003056e-08	4.70060541016576e-05	8.71261884793871e-62	3.243729367814897e-76	4.093177712549544e-13	3.6941829819670773e-07	0.00017960743267602847	4.125025265481143e-13	1.4821235756158556e-09	3.3398320564265517e-19	2.645630115878349e-19	5.35581961423624e-25	4.266005830061638e-25	8.777162532398575e-17	4.40336306376575e-39	0.00019576223904301714	5.591041406189271e-11	0.0	0.0	0.0	0.0	0.0	0.0	5.0380011371742315	0.12419853224891121	0.49679644829238756	0.0	0.0	0.0	0.0	0.0	0.0	0.0	0.0	0.190800000010904	0.0	0.0	0.0	0.19800006837166845	0.0
1.1785714286	-2.217778644130566e-08	42.85714	1.0	1.44e-10	0.021428	0.18	1.0	7.045750742788233	-2.7403316791590684	1.39364573836073e-07	1.1319999528282847e-07	55.44715768067203	6.98348943500883e-08	2.9165499180285257e-10	1.3869917743100672e-08	1.1090777720964132e-09	8.495681380871103e-11	5.788475888538667e-12	2.150942172065978e-12	1.5577982253444958e-12	3.360480082447061e-17	4.781844220948462e-56	9.84810011628735e-07	3.4190355831309257e-06	5.397017124661121e-06	0.0033064459158428784	4.468464960617098e-05	0.00010088960198791025	2.0996833099937974e-06	0.0005216303214837835	5.940820202740338e-05	6.77655750545584e-08	1.846619241351889e-09	3.820795522004756e-06	7.832558020695973e-10	3.914729339410402e-06	4.9782042786527734e-14	1.0659091841730622e-17	5.6057971259910055e-09	0.00606559754974177	0.0014903849765007218	9.162276393633047e-09	5.055988289865247e-05	5.702780111921929e-07	5.509112843752903e-17	0.04067439238438718	3.956748329250313e-06	0.0003091135248457832	0.000149212792923419	5.573486784630277e-10	5.40332874583782e-06	6.220224498900775e-06	6.641494768670673e-21	5.410012924851211e-22	8.619436402348726e-25	2.093814883423616e-56	3.5698185951631154e-28	1.8108879132739885e-155	2.7611789254583146e-23	3.782229308998169e-18	2.6653194019163297e-12	1.1984981736809365e-07	3.827133322846886e-05	1.2685233451235414e-05	2.072147091834076e-11	1.0263976968305763e-19	1.1802429532430055e-14	9.119537659442958e-13	6.065420810180281e-12	4.865160275905784e-16	2.8871088916827105e-17	1.9522151116351023e-20	1.6998482027465458e-19	4.8648541324495655e-20	4.476839415289278e-29	3.5531182868939153e-38	2.559725202711007e-32	2.0013160063691497e-12	0.0004955162036263819	1.4865165365348917e-11	1.1527033179204598e-05	4.7713071688159746e-08	0.0041008472393374495	0.0008381050628063989	1.1015479048707032e-08	7.580804991082469e-22	1.0992125247063636e-16	0.03871127187666574	5.955926431088956e-10	0.0010339442516230381	1.6303480452118094e-16	1.6271929132965466e-69	6.193492202582726e-11	1.0876215212652091e-20	4.253451615661881e-11	7.143377815087893e-23	1.3846163281832088e-27	2.1318432898052e-33	1.977794227325279e-39	2.5872088775287448e-15	6.141709849061696e-21	8.708372549766182e-18	1.7182849930217213e-27	1.4206075445686994e-34	2.0320384407253316e-39	2.849297658192914e-46	4.5227820999592215e-15	3.0259619817370875e-15	1.5447737190075797e-20	1.5405271938627935e-20	4.7002043578938745e-31	1.5819224628299914e-44	1.3384773329912204e-36	4.6135671822033286e-58	0.007674468161412353	3.315172195399824e-08	4.7006054101657694e-05	8.712618847937142e-62	3.243729367813836e-76	4.0931777125506826e-13	3.694182981967591e-07	0.00017960743267602828	4.12502526548229e-13	1.4821235756160617e-09	3.339832056427945e-19	2.6456301158794307e-19	5.355819614239044e-25	4.266005830063871e-25	8.777162532400944e-17	4.403363063769064e-39	0.00019576223904301294	5.5910414061900255e-11	0.0	0.0	0.0	0.0	0.0	0.0	5.0380011371742315	0.12419853224891121	0.4967964482923877	0.0	0.0	0.0	0.0	0.0	0.0	0.0	0.0	0.190800000010904	0.0	0.0	0.0	0.19800006837166845	0.0
1.2214285714	-2.21777916403905e-08	42.85714	1.0	1.44e-10	0.021428	0.18	1.0	7.045750742788285	-2.7403316791591306	1.3936457383608954e-07	1.1319999528281458e-07	55.447157680672035	6.983489435008988e-08	2.916549918028621e-10	1.386991774309931e-08	1.1090777720961684e-09	8.495681380868114e-11	5.788475888536631e-12	2.150942172064931e-12	1.5577982253438394e-12	3.360480082447501e-17	4.781844220949714e-56	9.848100116289284e-07	3.419035583131548e-06	5.397017124661132e-06	0.003306445915843115	4.468464960617445e-05	0.00010088960198789766	2.0996833099938016e-06	0.0005216303214837605	5.940820202739609e-05	6.776557505456866e-08	1.8466192413518666e-09	3.820795522004756e-06	7.832558020697383e-10	3.914729339410521e-06	4.9782042786538936e-14	1.0659091841730536e-17	5.60579712599057e-09	0.006065597549740499	0.0014903849765004961	9.162276393632336e-09	5.055988289864275e-05	5.702780111920868e-07	5.5091128437519117e-17	0.04067439238438724	3.956748329250345e-06	0.0003091135248457857	0.00014921279292338986	5.573486784629639e-10	5.403328745837599e-06	6.220224498899579e-06	6.641494768668445e-21	5.410012924849441e-22	8.619436402345905e-25	2.0938148834230683e-56	3.569818595162006e-28	1.8108879132737515e-155	2.761178925459083e-23	3.782229308998788e-18	2.66531940191646e-12	1.1984981736808434e-07	3.82713332284608e-05	1.2685233451233442e-05	2.072147091833864e-11	1.0263976968305763e-19	1.1802429532431841e-14	9.119537659443146e-13	6.0654208101796856e-12	4.86516027590467e-16	2.8871088916820726e-17	1.9522151116343837e-20	1.699848202746045e-19	4.8648541324483317e-20	4.4768394152871174e-29	3.553118286891881e-38	2.5597252027101905e-32	2.0013160063692397e-12	0.0004955162036263814	1.48651653653508e-11	1.1527033179205094e-05	4.771307168815614e-08	0.00410084723933659	0.000838105062806272	1.10154790487062e-08	7.580804991079802e-22	1.0992125247061703e-16	0.0387112718766657	5.95592643108971e-10	0.0010339442516230815	1.6303480452118293e-16	1.62719291329644e-69	6.19349220258331e-11	1.0876215212654405e-20	4.253451615661811e-11	7.143377815088945e-23	1.3846163281833109e-27	2.1318432898052e-33	1.977794227325182e-39	2.5872088775287448e-15	6.141709849061093e-21	8.708372549765968e-18	1.7182849930213417e-27	1.4206075445686297e-34	2.032038440724999e-39	2.849297658192075e-46	4.5227820999595544e-15	3.0259619817369763e-15	1.5447737190073525e-20	1.5405271938625666e-20	4.700204357893567e-31	1.5819224628296807e-44	1.3384773329909138e-36	4.613567182201894e-58	0.007674468161412581	3.315172195399553e-08	4.7006054101657694e-05	8.712618847936002e-62	3.243729367813093e-76	4.093177712551603e-13	3.6941829819680366e-07	0.00017960743267602847	4.125025265483218e-13	1.4821235756162375e-09	3.339832056429038e-19	2.6456301158802964e-19	5.355819614241366e-25	4.266005830065721e-25	8.777162532403026e-17	4.4033630637717295e-39	0.00019576223904300193	5.59104140619046e-11	0.0	0.0	0.0	0.0	0.0	0.0	5.038001137174231	0.12419853224891123	0.4967964482923879	0.0	0.0	0.0	0.0	0.0	0.0	0.0	0.0	0.190800000010904	0.0	0.0	0.0	0.19800006837166845	0.0
1.2642857143	-2.2177782107657257e-08	42.85714	1.0	1.44e-10	0.021428	0.18	1.0	7.045750742788174	-2.7403316791589964	1.3936457383605476e-07	1.1319999528284421e-07	55.44715768067203	6.983489435008744e-08	2.91654991802843e-10	1.3869917743102232e-08	1.109077772096699e-09	8.495681380874438e-11	5.788475888540964e-12	2.150942172067157e-12	1.5577982253452668e-12	3.360480082446511e-17	4.781844220947054e-56	9.848100116285618e-07	3.4190355831303662e-06	5.397017124661121e-06	0.0033064459158427466	4.4684649606168784e-05	0.00010088960198792417	2.0996833099937974e-06	0.0005216303214838299	5.940820202741164e-05	6.776557505454774e-08	1.8466192413519571e-09	3.820795522004747e-06	7.832558020694659e-10	3.914729339410345e-06	4.978204278652041e-14	1.0659091841730972e-17	5.605797125991281e-09	0.006065597549742936	0.001490384976500952	9.162276393633535e-09	5.055988289866146e-05	5.702780111922886e-07	5.5091128437537143e-17	0.04067439238438716	3.956748329250272e-06	0.0003091135248457807	0.00014921279292344557	5.573486784631007e-10	5.403328745837952e-06	6.220224498901894e-06	6.641494768673118e-21	5.41001292485307e-22	8.619436402351617e-25	2.0938148834243356e-56	3.5698185951643423e-28	1.8108879132745812e-155	2.761178925457366e-23	3.782229308997334e-18	2.66531940191609e-12	1.1984981736809903e-07	3.827133322847622e-05	1.2685233451237333e-05	2.072147091834186e-11	1.0263976968304924e-19	1.1802429532427979e-14	9.119537659442437e-13	6.065420810180802e-12	4.865160275906898e-16	2.887108891683395e-17	1.9522151116358368e-20	1.699848202747102e-19	4.864854132451078e-20	4.4768394152914754e-29	3.5531182868961245e-38	2.5597252027118447e-32	2.001316006369019e-12	0.0004955162036263819	1.486516536534685e-11	1.1527033179204315e-05	4.771307168816209e-08	0.004100847239338238	0.0008381050628065283	1.1015479048707573e-08	7.580804991084267e-22	1.099212524706521e-16	0.03871127187666576	5.955926431088127e-10	0.0010339442516230138	1.630348045211756e-16	1.6271929132967595e-69	6.19349220258194e-11	1.0876215212649422e-20	4.253451615661898e-11	7.143377815086549e-23	1.3846163281830503e-27	2.1318432898050957e-33	1.9777942273253112e-39	2.587208877528692e-15	6.141709849062399e-21	8.708372549766111e-18	1.7182849930221288e-27	1.420607544568769e-34	2.032038440725664e-39	2.8492976581937527e-46	4.5227820999589076e-15	3.025961981737261e-15	1.5447737190078704e-20	1.540527193863096e-20	4.700204357894452e-31	1.5819224628303277e-44	1.3384773329916146e-36	4.61356718220514e-58	0.007674468161412282	3.31517219540021e-08	4.70060541016576e-05	8.712618847938569e-62	3.243729367814685e-76	4.0931777125496446e-13	3.6941829819671223e-07	0.00017960743267602847	4.125025265481244e-13	1.4821235756158738e-09	3.339832056426716e-19	2.645630115878435e-19	5.355819614236503e-25	4.266005830061847e-25	8.777162532398791e-17	4.403363063766182e-39	0.00019576223904302053	5.5910414061894536e-11	0.0	0.0	0.0	0.0	0.0	0.0	5.0380011371742315	0.12419853224891121	0.4967964482923875	0.0	0.0	0.0	0.0	0.0	0.0	0.0	0.0	0.190800000010904	0.0	0.0	0.0	0.19800006837166848	0.0
1.3071428571	-2.2177780185334618e-08	42.85714	1.0	1.44e-10	0.021428	0.18	1.0	7.045750742788141	-2.74033167915896	1.3936457383604422e-07	1.1319999528285277e-07	55.44715768067203	6.983489435008458e-08	2.9165499180283587e-10	1.3869917743102914e-08	1.1090777720968305e-09	8.495681380876107e-11	5.7884758885421e-12	2.150942172067755e-12	1.5577982253456236e-12	3.3604800824466215e-17	4.781844220946897e-56	9.848100116285074e-07	3.4190355831301773e-06	5.397017124661121e-06	0.0033064459158428107	4.46846496061697e-05	0.0001008896019879319	2.0996833099937974e-06	0.0005216303214838789	5.940820202741614e-05	6.776557505454663e-08	1.8466192413519646e-09	3.820795522004747e-06	7.832558020694243e-10	3.914729339410578e-06	4.978204278651898e-14	1.0659091841731756e-17	5.605797125991166e-09	0.006065597549743296	0.0014903849765009747	9.162276393633346e-09	5.055988289866436e-05	5.702780111923212e-07	5.50911284375403e-17	0.04067439238438714	3.956748329250272e-06	0.0003091135248457807	0.0001492127929234541	5.573486784631417e-10	5.403328745838173e-06	6.220224498902238e-06	6.641494768674041e-21	5.410012924853823e-22	8.619436402352815e-25	2.093814883424644e-56	3.5698185951648387e-28	1.8108879132745812e-155	2.761178925456666e-23	3.782229308996684e-18	2.665319401915839e-12	1.1984981736809683e-07	3.827133322847849e-05	1.2685233451237514e-05	2.072147091834203e-11	1.0263976968304504e-19	1.1802429532425951e-14	9.11953765944169e-13	6.065420810180728e-12	4.865160275907217e-16	2.887108891683561e-17	1.9522151116361245e-20	1.6998482027472827e-19	4.8648541324513566e-20	4.476839415292061e-29	3.553118286896473e-38	2.5597252027122005e-32	2.001316006368986e-12	0.0004955162036263829	1.4865165365345753e-11	1.1527033179203867e-05	4.771307168816121e-08	0.004100847239338481	0.0008381050628065411	1.1015479048707392e-08	7.5808049910837095e-22	1.0992125247065838e-16	0.038711271876665815	5.955926431087689e-10	0.0010339442516229724	1.630348045211756e-16	1.6271929132968127e-69	6.193492202581637e-11	1.0876215212647999e-20	4.253451615662002e-11	7.143377815085965e-23	1.3846163281829823e-27	2.131843289805061e-33	1.9777942273254407e-39	2.5872088775287026e-15	6.141709849062851e-21	8.708372549766467e-18	1.7182849930223817e-27	1.420607544568769e-34	2.0320384407257972e-39	2.8492976581941724e-46	4.522782099958667e-15	3.025961981737323e-15	1.544773719008022e-20	1.5405271938632347e-20	4.700204357894643e-31	1.5819224628305348e-44	1.3384773329918774e-36	4.613567182206121e-58	0.007674468161411976	3.315172195400312e-08	4.70060541016576e-05	8.712618847939139e-62	3.243729367815109e-76	4.093177712549042e-13	3.6941829819668354e-07	0.00017960743267602847	4.1250252654806367e-13	1.4821235756157648e-09	3.3398320564259782e-19	2.645630115877851e-19	5.355819614234926e-25	4.266005830060591e-25	8.777162532397498e-17	4.403363063764237e-39	0.00019576223904302896	5.5910414061892475e-11	0.0	0.0	0.0	0.0	0.0	0.0	5.0380011371742315	0.12419853224891121	0.4967964482923875	0.0	0.0	0.0	0.0	0.0	0.0	0.0	0.0	0.190800000010904	0.0	0.0	0.0	0.19800006837166845	0.0
1.35	-2.217779193242374e-08	42.85714	1.0	1.44e-10	0.021428	0.18	1.0	7.045750742788302	-2.740331679159151	1.3936457383609494e-07	1.1319999528281018e-07	55.447157680672035	6.98348943500893e-08	2.9165499180286446e-10	1.3869917743098858e-08	1.1090777720960912e-09	8.495681380867106e-11	5.788475888535944e-12	2.1509421720645882e-12	1.5577982253436102e-12	3.360480082447501e-17	4.78184422094987e-56	9.848100116289405e-07	3.4190355831315898e-06	5.397017124661121e-06	0.003306445915843027	4.4684649606173264e-05	0.00010088960198789374	2.0996833099937974e-06	0.0005216303214837264	5.940820202739379e-05	6.776557505456922e-08	1.8466192413518515e-09	3.820795522004756e-06	7.832558020697446e-10	3.914729339410393e-06	4.978204278653751e-14	1.06590918417301e-17	5.605797125990708e-09	0.006065597549740412	0.001490384976500487	9.16227639363256e-09	5.055988289864203e-05	5.702780111920798e-07	5.5091128437518217e-17	0.04067439238438722	3.956748329250336e-06	0.0003091135248457857	0.00014921279292338789	5.573486784629434e-10	5.403328745837566e-06	6.220224498899503e-06	6.6414947686680646e-21	5.410012924849131e-22	8.619436402345411e-25	2.0938148834228627e-56	3.5698185951618015e-28	1.810887913273633e-155	2.7611789254594666e-23	3.78222930899919e-18	2.6653194019166456e-12	1.1984981736808751e-07	3.827133322846033e-05	1.268523345123339e-05	2.0721470918339063e-11	1.0263976968306352e-19	1.1802429532432903e-14	9.119537659443816e-13	6.065420810179809e-12	4.86516027590457e-16	2.887108891682026e-17	1.952215111634272e-20	1.6998482027459618e-19	4.864854132448133e-20	4.476839415286934e-29	3.553118286891648e-38	2.559725202710044e-32	2.0013160063692725e-12	0.0004955162036263809	1.4865165365351408e-11	1.1527033179205187e-05	4.771307168815731e-08	0.004100847239336531	0.0008381050628062669	1.101547904870647e-08	7.580804991080547e-22	1.0992125247061567e-16	0.0387112718766657	5.955926431089954e-10	0.0010339442516230889	1.6303480452118293e-16	1.6271929132963868e-69	6.193492202583511e-11	1.0876215212655206e-20	4.253451615661776e-11	7.143377815089237e-23	1.3846163281833561e-27	2.1318432898052e-33	1.977794227325117e-39	2.5872088775287448e-15	6.141709849060842e-21	8.708372549765897e-18	1.718284993021201e-27	1.4206075445686297e-34	2.032038440724933e-39	2.849297658191888e-46	4.522782099959666e-15	3.025961981736939e-15	1.544773719007264e-20	1.540527193862491e-20	4.700204357893413e-31	1.5819224628295513e-44	1.3384773329907386e-36	4.613567182201441e-58	0.0076744681614126274	3.315172195399458e-08	4.7006054101657694e-05	8.712618847935574e-62	3.2437293678129866e-76	4.0931777125519216e-13	3.6941829819681727e-07	0.00017960743267602828	4.1250252654835387e-13	1.482123575616292e-09	3.3398320564294204e-19	2.645630115880621e-19	5.355819614242155e-25	4.266005830066349e-25	8.777162532403673e-17	4.403363063772666e-39	0.00019576223904300052	5.591041406190643e-11	0.0	0.0	0.0	0.0	0.0	0.0	5.038001137174231	0.12419853224891123	0.4967964482923879	0.0	0.0	0.0	0.0	0.0	0.0	0.0	0.0	0.190800000010904	0.0	0.0	0.0	0.19800006837166845	0.0
1.3928571429	-2.2177786707124932e-08	42.85714	1.0	1.44e-10	0.021428	0.18	1.0	7.0457507427882105	-2.74033167915904	1.3936457383606616e-07	1.131999952828345e-07	55.44715768067203	6.983489435008788e-08	2.916549918028454e-10	1.3869917743101127e-08	1.1090777720965176e-09	8.495681380872319e-11	5.788475888539495e-12	2.150942172066409e-12	1.5577982253448399e-12	3.3604800824468963e-17	4.781844220947914e-56	9.848100116287147e-07	3.4190355831308698e-06	5.397017124661132e-06	0.0033064459158429834	4.468464960617226e-05	0.00010088960198791571	2.0996833099938016e-06	0.0005216303214838256	5.940820202740666e-05	6.776557505455453e-08	1.8466192413519193e-09	3.820795522004756e-06	7.832558020695812e-10	3.914729339410393e-06	4.9782042786529564e-14	1.0659091841731146e-17	5.605797125990822e-09	0.0060655975497419315	0.001490384976500807	9.162276393632784e-09	5.055988289865371e-05	5.702780111922046e-07	5.509112843753219e-17	0.04067439238438718	3.956748329250297e-06	0.0003091135248457819	0.00014921279292342236	5.573486784630551e-10	5.403328745837632e-06	6.220224498900915e-06	6.6414947686713244e-21	5.410012924851654e-22	8.619436402349432e-25	2.0938148834238906e-56	3.569818595163437e-28	1.8108879132742255e-155	2.761178925457818e-23	3.7822293089976435e-18	2.6653194019161225e-12	1.1984981736809021e-07	3.82713332284698e-05	1.2685233451236113e-05	2.0721470918340504e-11	1.0263976968305344e-19	1.1802429532428799e-14	9.119537659442287e-13	6.0654208101802066e-12	4.865160275906003e-16	2.887108891682852e-17	1.952215111635294e-20	1.6998482027467682e-19	4.8648541324503214e-20	4.4768394152897176e-29	3.5531182868943804e-38	2.5597252027113214e-32	2.0013160063690842e-12	0.0004955162036263814	1.4865165365348125e-11	1.1527033179204999e-05	4.771307168815848e-08	0.004100847239337559	0.0008381050628064469	1.1015479048706739e-08	7.580804991081725e-22	1.099212524706422e-16	0.0387112718766657	5.955926431088639e-10	0.001033944251623075	1.6303480452118562e-16	1.627192913296653e-69	6.193492202582524e-11	1.0876215212651291e-20	4.253451615661967e-11	7.143377815087718e-23	1.3846163281832203e-27	2.1318432898053048e-33	1.977794227325538e-39	2.5872088775288403e-15	6.141709849062198e-21	8.708372549766182e-18	1.7182849930219602e-27	1.4206075445688157e-34	2.032038440725598e-39	2.84929765819338e-46	4.522782099959314e-15	3.0259619817372855e-15	1.5447737190077693e-20	1.5405271938629825e-20	4.700204357894566e-31	1.5819224628303277e-44	1.3384773329916146e-36	4.613567182204989e-58	0.007674468161412667	3.315172195400109e-08	4.7006054101657694e-05	8.712618847937997e-62	3.243729367814473e-76	4.0931777125502807e-13	3.694182981967417e-07	0.0001796074326760281	4.1250252654818853e-13	1.482123575615989e-09	3.3398320564274535e-19	2.645630115879041e-19	5.355819614238036e-25	4.266005830063069e-25	8.777162532400154e-17	4.403363063767911e-39	0.00019576223904300714	5.591041406189568e-11	0.0	0.0	0.0	0.0	0.0	0.0	5.0380011371742315	0.12419853224891121	0.49679644829238767	0.0	0.0	0.0	0.0	0.0	0.0	0.0	0.0	0.190800000010904	0.0	0.0	0.0	0.19800006837166848	0.0
1.4357142857	-2.2177780569015983e-08	42.85714	1.0	1.44e-10	0.021428	0.18	1.0	7.045750742788151	-2.7403316791589685	1.3936457383604764e-07	1.1319999528285047e-07	55.44715768067203	6.98348943500853e-08	2.9165499180283706e-10	1.3869917743102687e-08	1.1090777720967898e-09	8.495681380875655e-11	5.788475888541768e-12	2.150942172067597e-12	1.5577982253455663e-12	3.360480082446319e-17	4.781844220946506e-56	9.848100116284954e-07	3.4190355831301566e-06	5.397017124661121e-06	0.003306445915842706	4.468464960616815e-05	0.00010088960198792974	2.0996833099937974e-06	0.0005216303214838512	5.940820202741493e-05	6.776557505454303e-08	1.8466192413519799e-09	3.820795522004747e-06	7.832558020694211e-10	3.914729339410289e-06	4.978204278651735e-14	1.0659091841731146e-17	5.60579712599135e-09	0.006065597549743389	0.0014903849765010556	9.162276393633646e-09	5.055988289866498e-05	5.702780111923259e-07	5.5091128437541205e-17	0.040674392384387116	3.956748329250256e-06	0.0003091135248457797	0.00014921279292345562	5.57348678463128e-10	5.403328745837941e-06	6.220224498902302e-06	6.641494768673987e-21	5.410012924853779e-22	8.619436402352675e-25	2.093814883424541e-56	3.5698185951647804e-28	1.8108879132745812e-155	2.761178925456982e-23	3.782229308996993e-18	2.6653194019159808e-12	1.1984981736810125e-07	3.827133322847904e-05	1.2685233451238189e-05	2.0721470918342368e-11	1.0263976968304756e-19	1.1802429532427013e-14	9.119537659442138e-13	6.0654208101809506e-12	4.865160275907316e-16	2.887108891683632e-17	1.9522151116361245e-20	1.6998482027473383e-19	4.864854132451715e-20	4.476839415292281e-29	3.5531182868969384e-38	2.5597252027122005e-32	2.001316006368986e-12	0.0004955162036263819	1.4865165365346057e-11	1.1527033179204362e-05	4.771307168816297e-08	0.004100847239338544	0.0008381050628065866	1.1015479048707776e-08	7.580804991084888e-22	1.0992125247066064e-16	0.03871127187666578	5.955926431087811e-10	0.0010339442516230158	1.6303480452117694e-16	1.627192913296866e-69	6.193492202581687e-11	1.0876215212648444e-20	4.2534516156619505e-11	7.143377815086199e-23	1.3846163281830164e-27	2.1318432898051303e-33	1.9777942273254407e-39	2.587208877528734e-15	6.1417098490627505e-21	8.708372549766182e-18	1.7182849930223257e-27	1.4206075445688157e-34	2.0320384407258305e-39	2.8492976581941257e-46	4.5227820999588705e-15	3.0259619817373723e-15	1.5447737190080094e-20	1.540527193863222e-20	4.700204357894836e-31	1.5819224628306124e-44	1.3384773329918774e-36	4.613567182206121e-58	0.007674468161412338	3.3151721954003936e-08	4.70060541016576e-05	8.712618847939139e-62	3.2437293678152153e-76	4.093177712549226e-13	3.6941829819669333e-07	0.00017960743267602847	4.1250252654808225e-13	1.482123575615795e-09	3.339832056426224e-19	2.6456301158780455e-19	5.355819614235495e-25	4.2660058300610445e-25	8.777162532397928e-17	4.4033630637649575e-39	0.00019576223904302134	5.591041406189134e-11	0.0	0.0	0.0	0.0	0.0	0.0	5.0380011371742315	0.12419853224891121	0.49679644829238745	0.0	0.0	0.0	0.0	0.0	0.0	0.0	0.0	0.190800000010904	0.0	0.0	0.0	0.19800006837166845	0.0
1.4785714286	-2.2177783481952968e-08	42.85714	1.0	1.44e-10	0.021428	0.18	1.0	7.045750742788172	-2.740331679158993	1.393645738360542e-07	1.1319999528284467e-07	55.44715768067203	6.98348943500863e-08	2.91654991802843e-10	1.3869917743102232e-08	1.109077772096699e-09	8.495681380874473e-11	5.788475888540987e-12	2.1509421720671832e-12	1.5577982253453369e-12	3.360480082446511e-17	4.781844220947054e-56	9.84810011628594e-07	3.419035583130478e-06	5.397017124661121e-06	0.0033064459158428684	4.468464960617043e-05	0.00010088960198792459	2.0996833099937974e-06	0.0005216303214838512	5.940820202741189e-05	6.776557505454774e-08	1.8466192413519646e-09	3.820795522004747e-06	7.832558020694916e-10	3.914729339410353e-06	4.978204278652407e-14	1.065909184173132e-17	5.605797125991074e-09	0.006065597549742737	0.0014903849765009534	9.162276393633197e-09	5.055988289865981e-05	5.702780111922698e-07	5.5091128437537143e-17	0.04067439238438716	3.956748329250272e-06	0.00030911352484578035	0.00014921279292344069	5.573486784631029e-10	5.403328745837764e-06	6.220224498901691e-06	6.641494768672955e-21	5.410012924852938e-22	8.619436402351406e-25	2.09381488342437e-56	3.569818595164225e-28	1.8108879132745812e-155	2.761178925457231e-23	3.782229308997148e-18	2.6653194019159808e-12	1.1984981736809463e-07	3.8271333228474965e-05	1.2685233451237359e-05	2.0721470918341182e-11	1.0263976968304588e-19	1.18024295324274e-14	9.119537659442138e-13	6.065420810180603e-12	4.865160275906759e-16	2.887108891683301e-17	1.952215111635789e-20	1.6998482027471298e-19	4.864854132451237e-20	4.4768394152912187e-29	3.553118286895718e-38	2.5597252027118447e-32	2.001316006369019e-12	0.0004955162036263814	1.4865165365346787e-11	1.1527033179204716e-05	4.7713071688160335e-08	0.0041008472393381035	0.0008381050628065292	1.1015479048707212e-08	7.580804991083151e-22	1.099212524706521e-16	0.03871127187666574	5.955926431088102e-10	0.0010339442516230488	1.6303480452118094e-16	1.6271929132968127e-69	6.19349220258194e-11	1.0876215212649333e-20	4.2534516156619156e-11	7.143377815086607e-23	1.384616328183073e-27	2.1318432898051652e-33	1.9777942273254407e-39	2.5872088775287768e-15	6.1417098490625496e-21	8.708372549766111e-18	1.718284993022199e-27	1.4206075445688388e-34	2.032038440725764e-39	2.8492976581939394e-46	4.522782099959055e-15	3.0259619817373723e-15	1.5447737190079336e-20	1.5405271938631465e-20	4.7002043578947976e-31	1.581922462830509e-44	1.3384773329918116e-36	4.613567182205819e-58	0.007674468161412542	3.315172195400333e-08	4.70060541016576e-05	8.712618847938996e-62	3.243729367815003e-76	4.093177712549611e-13	3.6941829819671075e-07	0.00017960743267602847	4.1250252654812103e-13	1.4821235756158678e-09	3.339832056426661e-19	2.645630115878392e-19	5.355819614236415e-25	4.266005830061777e-25	8.777162532398718e-17	4.403363063766038e-39	0.00019576223904301372	5.591041406189225e-11	0.0	0.0	0.0	0.0	0.0	0.0	5.0380011371742315	0.12419853224891121	0.49679644829238756	0.0	0.0	0.0	0.0	0.0	0.0	0.0	0.0	0.190800000010904	0.0	0.0	0.0	0.19800006837166848	0.0
1.5214285714	-2.217778343135037e-08	42.85714	1.0	1.44e-10	0.021428	0.18	1.0	7.045750742788197	-2.740331679159026	1.3936457383606188e-07	1.1319999528283796e-07	55.44715768067203	6.98348943500873e-08	2.9165499180284776e-10	1.3869917743101466e-08	1.1090777720965811e-09	8.495681380873014e-11	5.788475888539969e-12	2.150942172066682e-12	1.5577982253449291e-12	3.3604800824467034e-17	4.781844220947523e-56	9.848100116286262e-07	3.419035583130576e-06	5.397017124661132e-06	0.003306445915842787	4.4684649606169604e-05	0.0001008896019879186	2.0996833099938016e-06	0.0005216303214838107	5.9408202027408364e-05	6.776557505455314e-08	1.8466192413519118e-09	3.820795522004756e-06	7.832558020695108e-10	3.914729339410425e-06	4.978204278652264e-14	1.0659091841730884e-17	5.605797125991189e-09	0.006065597549742489	0.0014903849765008392	9.162276393633384e-09	5.0559882898658055e-05	5.702780111922535e-07	5.509112843753219e-17	0.04067439238438716	3.956748329250297e-06	0.0003091135248457816	0.00014921279292343535	5.57348678463071e-10	5.403328745837996e-06	6.220224498901462e-06	6.641494768672086e-21	5.410012924852274e-22	8.619436402350418e-25	2.0938148834240273e-56	3.5698185951638163e-28	1.8108879132742255e-155	2.7611789254577504e-23	3.782229308997674e-18	2.665319401916177e-12	1.198498173680973e-07	3.82713332284734e-05	1.2685233451236398e-05	2.0721470918341266e-11	1.0263976968305091e-19	1.1802429532428752e-14	9.119537659442511e-13	6.065420810180554e-12	4.8651602759064e-16	2.887108891683088e-17	1.9522151116355335e-20	1.6998482027468378e-19	4.864854132450242e-20	4.476839415290523e-29	3.5531182868951363e-38	2.559725202711384e-32	2.0013160063690927e-12	0.0004955162036263819	1.48651653653477e-11	1.1527033179204245e-05	4.771307168816131e-08	0.004100847239337936	0.0008381050628064649	1.1015479048707371e-08	7.580804991083585e-22	1.099212524706422e-16	0.03871127187666578	5.955926431088469e-10	0.0010339442516230054	1.6303480452117228e-16	1.627192913296653e-69	6.193492202582194e-11	1.0876215212650311e-20	4.253451615661846e-11	7.143377815086841e-23	1.384616328183039e-27	2.131843289805026e-33	1.9777942273252143e-39	2.587208877528607e-15	6.141709849061846e-21	8.708372549765968e-18	1.718284993021904e-27	1.4206075445687227e-34	2.0320384407254647e-39	2.84929765819338e-46	4.522782099958963e-15	3.025961981737162e-15	1.544773719007744e-20	1.5405271938629575e-20	4.700204357894106e-31	1.5819224628301726e-44	1.3384773329914394e-36	4.613567182204234e-58	0.007674468161412173	3.3151721954000005e-08	4.7006054101657694e-05	8.712618847937712e-62	3.2437293678142605e-76	4.0931777125500293e-13	3.694182981967304e-07	0.00017960743267602828	4.1250252654816323e-13	1.4821235756159525e-09	3.33983205642718e-19	2.645630115878846e-19	5.355819614237467e-25	4.266005830062615e-25	8.777162532399652e-17	4.403363063767263e-39	0.00019576223904302093	5.5910414061897735e-11	0.0	0.0	0.0	0.0	0.0	0.0	5.0380011371742315	0.12419853224891121	0.4967964482923876	0.0	0.0	0.0	0.0	0.0	0.0	0.0	0.0	0.190800000010904	0.0	0.0	0.0	0.19800006837166845	0.0
1.5642857143	-2.2177793087478527e-08	42.85714	1.0	1.44e-10	0.021428	0.18	1.0	7.0457507427883	-2.7403316791591465	1.3936457383609438e-07	1.1319999528281065e-07	55.447157680672035	6.983489435009045e-08	2.916549918028597e-10	1.3869917743098858e-08	1.1090777720961001e-09	8.495681380867211e-11	5.788475888536015e-12	2.1509421720646233e-12	1.5577982253436803e-12	3.360480082447391e-17	4.781844220949714e-56	9.848100116289646e-07	3.4190355831316736e-06	5.397017124661132e-06	0.0033064459158431217	4.4684649606174544e-05	0.00010088960198789415	2.0996833099938016e-06	0.0005216303214837435	5.940820202739403e-05	6.776557505456866e-08	1.8466192413518438e-09	3.820795522004756e-06	7.832558020697638e-10	3.9147293394103856e-06	4.9782042786540356e-14	1.0659091841730274e-17	5.605797125990547e-09	0.006065597549740269	0.0014903849765004976	9.162276393632297e-09	5.055988289864089e-05	5.702780111920658e-07	5.5091128437518217e-17	0.04067439238438724	3.956748329250336e-06	0.0003091135248457854	0.00014921279292338452	5.573486784629457e-10	5.403328745837411e-06	6.220224498899351e-06	6.641494768667902e-21	5.4100129248489985e-22	8.6194364023452e-25	2.093814883422897e-56	3.569818595161714e-28	1.810887913273633e-155	2.7611789254593766e-23	3.782229308999066e-18	2.6653194019165365e-12	1.1984981736808407e-07	3.827133322845939e-05	1.2685233451233467e-05	2.0721470918338216e-11	1.0263976968305763e-19	1.1802429532432516e-14	9.119537659443368e-13	6.065420810179611e-12	4.86516027590443e-16	2.887108891681931e-17	1.952215111634224e-20	1.6998482027459757e-19	4.864854132448292e-20	4.476839415286678e-29	3.553118286891358e-38	2.559725202710023e-32	2.0013160063692563e-12	0.0004955162036263809	1.4865165365351346e-11	1.1527033179205517e-05	4.771307168815604e-08	0.004100847239336435	0.0008381050628062729	1.1015479048706153e-08	7.580804991079678e-22	1.0992125247061477e-16	0.03871127187666566	5.955926431089906e-10	0.0010339442516231194	1.6303480452118562e-16	1.6271929132963868e-69	6.19349220258341e-11	1.0876215212654938e-20	4.253451615661724e-11	7.14337781508912e-23	1.3846163281833109e-27	2.1318432898051652e-33	1.977794227325117e-39	2.587208877528787e-15	6.141709849060942e-21	8.708372549765755e-18	1.7182849930212434e-27	1.420607544568676e-34	2.032038440724999e-39	2.8492976581919815e-46	4.52278209995974e-15	3.025961981737001e-15	1.544773719007302e-20	1.5405271938625164e-20	4.700204357893606e-31	1.5819224628296807e-44	1.338477332990848e-36	4.6135671822015924e-58	0.007674468161412863	3.3151721953995664e-08	4.7006054101657694e-05	8.712618847936002e-62	3.243729367813199e-76	4.0931777125518877e-13	3.6941829819681573e-07	0.00017960743267602828	4.125025265483505e-13	1.4821235756162861e-09	3.339832056429366e-19	2.6456301158805776e-19	5.355819614242067e-25	4.266005830066279e-25	8.7771625324036e-17	4.4033630637725216e-39	0.0001957622390429945	5.591041406190437e-11	0.0	0.0	0.0	0.0	0.0	0.0	5.03800113717423	0.12419853224891123	0.49679644829238795	0.0	0.0	0.0	0.0	0.0	0.0	0.0	0.0	0.190800000010904	0.0	0.0	0.0	0.19800006837166845	0.0
1.6071428571	-2.2177784348825964e-08	42.85714	1.0	1.44e-10	0.021428	0.18	1.0	7.0457507427882	-2.7403316791590244	1.3936457383606301e-07	1.131999952828375e-07	55.44715768067203	6.983489435008801e-08	2.916549918028454e-10	1.3869917743101466e-08	1.1090777720965766e-09	8.495681380872979e-11	5.788475888539945e-12	2.150942172066647e-12	1.5577982253449736e-12	3.360480082446539e-17	4.7818442209473665e-56	9.848100116286302e-07	3.419035583130597e-06	5.397017124661132e-06	0.003306445915842784	4.468464960616943e-05	0.00010088960198791828	2.0996833099938016e-06	0.0005216303214838064	5.940820202740824e-05	6.776557505455009e-08	1.8466192413519495e-09	3.820795522004756e-06	7.832558020695204e-10	3.914729339410233e-06	4.9782042786523664e-14	1.0659091841730536e-17	5.605797125991212e-09	0.006065597549742489	0.0014903849765009077	9.162276393633384e-09	5.055988289865795e-05	5.702780111922512e-07	5.5091128437533544e-17	0.04067439238438716	3.956748329250288e-06	0.000309113524845781	0.00014921279292343502	5.573486784630687e-10	5.403328745837731e-06	6.22022449890145e-06	6.641494768672194e-21	5.410012924852318e-22	8.619436402350418e-25	2.0938148834240617e-56	3.569818595163846e-28	1.8108879132744625e-155	2.76117892545784e-23	3.782229308997674e-18	2.6653194019162098e-12	1.198498173680978e-07	3.8271333228473325e-05	1.2685233451236969e-05	2.0721470918340504e-11	1.0263976968304337e-19	1.1802429532429233e-14	9.119537659442808e-13	6.0654208101806775e-12	4.8651602759065e-16	2.887108891683159e-17	1.9522151116355654e-20	1.699848202746935e-19	4.8648541324507596e-20	4.4768394152907064e-29	3.553118286895427e-38	2.559725202711489e-32	2.0013160063690434e-12	0.0004955162036263819	1.486516536534776e-11	1.1527033179204835e-05	4.771307168816151e-08	0.004100847239337936	0.0008381050628065035	1.1015479048707439e-08	7.580804991083772e-22	1.0992125247064535e-16	0.03871127187666572	5.955926431088492e-10	0.001033944251623055	1.6303480452117694e-16	1.6271929132967595e-69	6.193492202581991e-11	1.0876215212650134e-20	4.2534516156616894e-11	7.143377815086665e-23	1.3846163281829597e-27	2.1318432898048166e-33	1.977794227324988e-39	2.5872088775287026e-15	6.1417098490619974e-21	8.708372549765826e-18	1.7182849930219322e-27	1.4206075445687458e-34	2.032038440725498e-39	2.84929765819338e-46	4.522782099959129e-15	3.0259619817372484e-15	1.5447737190077693e-20	1.5405271938629952e-20	4.700204357894413e-31	1.58192246283025e-44	1.338477332991505e-36	4.61356718220431e-58	0.007674468161412573	3.315172195400143e-08	4.7006054101657694e-05	8.712618847938426e-62	3.243729367814579e-76	4.093177712550113e-13	3.694182981967334e-07	0.00017960743267602828	4.1250252654817166e-13	1.4821235756159587e-09	3.3398320564272624e-19	2.645630115878911e-19	5.355819614237686e-25	4.266005830062789e-25	8.777162532399795e-17	4.403363063767479e-39	0.00019576223904301193	5.591041406189545e-11	0.0	0.0	0.0	0.0	0.0	0.0	5.0380011371742315	0.12419853224891121	0.4967964482923876	0.0	0.0	0.0	0.0	0.0	0.0	0.0	0.0	0.190800000010904	0.0	0.0	0.0	0.19800006837166845	0.0
1.65	-2.21777937665423e-08	42.85714	1.0	1.44e-10	0.021428	0.18	1.0	7.04575074278831	-2.7403316791591577	1.3936457383609724e-07	1.1319999528280787e-07	55.447157680672035	6.983489435008973e-08	2.916549918028669e-10	1.3869917743098631e-08	1.1090777720960594e-09	8.495681380866725e-11	5.788475888535684e-12	2.1509421720644472e-12	1.5577982253435718e-12	3.3604800824474183e-17	4.781844220949792e-56	9.848100116289866e-07	3.4190355831317435e-06	5.397017124661132e-06	0.0033064459158431217	4.4684649606174544e-05	0.00010088960198789188	2.0996833099938016e-06	0.0005216303214837307	5.940820202739257e-05	6.77655750545695e-08	1.8466192413518515e-09	3.820795522004756e-06	7.832558020697831e-10	3.91472933941033e-06	4.978204278654158e-14	1.0659091841730186e-17	5.60579712599057e-09	0.0060655975497401265	0.0014903849765004825	9.162276393632336e-09	5.055988289863965e-05	5.702780111920542e-07	5.509112843751642e-17	0.04067439238438722	3.956748329250336e-06	0.0003091135248457854	0.00014921279292338116	5.573486784629342e-10	5.4033287458373336e-06	6.220224498899197e-06	6.6414947686675756e-21	5.4100129248487775e-22	8.619436402344847e-25	2.0938148834227944e-56	3.569818595161568e-28	1.810887913273633e-155	2.761178925459512e-23	3.78222930899919e-18	2.665319401916613e-12	1.198498173680836e-07	3.827133322845845e-05	1.2685233451233337e-05	2.07214709183383e-11	1.0263976968306016e-19	1.1802429532432999e-14	9.119537659443667e-13	6.0654208101796355e-12	4.865160275904351e-16	2.8871088916818606e-17	1.9522151116341282e-20	1.6998482027459338e-19	4.8648541324482125e-20	4.4768394152864946e-29	3.5531182868912415e-38	2.559725202709897e-32	2.0013160063692644e-12	0.0004955162036263809	1.486516536535165e-11	1.1527033179205636e-05	4.771307168815594e-08	0.004100847239336338	0.0008381050628062643	1.1015479048706132e-08	7.580804991079616e-22	1.0992125247061117e-16	0.03871127187666564	5.955926431090052e-10	0.0010339442516231322	1.630348045211843e-16	1.6271929132963868e-69	6.193492202583563e-11	1.0876215212655384e-20	4.253451615661741e-11	7.143377815089354e-23	1.3846163281833561e-27	2.131843289805235e-33	1.977794227325182e-39	2.587208877528766e-15	6.1417098490607915e-21	8.708372549765612e-18	1.7182849930211448e-27	1.420607544568653e-34	2.032038440724933e-39	2.849297658191795e-46	4.522782099959869e-15	3.0259619817370256e-15	1.5447737190072767e-20	1.540527193862491e-20	4.700204357893644e-31	1.5819224628296807e-44	1.3384773329908261e-36	4.613567182201743e-58	0.007674468161412949	3.315172195399519e-08	4.7006054101657694e-05	8.712618847935717e-62	3.243729367813093e-76	4.093177712552072e-13	3.694182981968233e-07	0.00017960743267602828	4.1250252654836735e-13	1.4821235756163163e-09	3.339832056429557e-19	2.6456301158807293e-19	5.355819614242462e-25	4.266005830066593e-25	8.777162532403888e-17	4.403363063773098e-39	0.0001957622390429919	5.591041406190506e-11	0.0	0.0	0.0	0.0	0.0	0.0	5.038001137174231	0.12419853224891123	0.49679644829238795	0.0	0.0	0.0	0.0	0.0	0.0	0.0	0.0	0.190800000010904	0.0	0.0	0.0	0.19800006837166845	0.0
1.6928571429	-2.2177789473910617e-08	42.85714	1.0	1.44e-10	0.021428	0.18	1.0	7.045750742788266	-2.740331679159105	1.3936457383608382e-07	1.1319999528281967e-07	55.447157680672035	6.98348943500883e-08	2.9165499180285257e-10	1.3869917743099766e-08	1.1090777720962498e-09	8.495681380869088e-11	5.788475888537294e-12	2.1509421720653007e-12	1.5577982253441135e-12	3.360480082447006e-17	4.781844220948697e-56	9.848100116288215e-07	3.419035583131219e-06	5.397017124661132e-06	0.0033064459158429157	4.4684649606171434e-05	0.0001008896019879023	2.0996833099938016e-06	0.0005216303214837494	5.940820202739877e-05	6.776557505456035e-08	1.8466192413518816e-09	3.820795522004756e-06	7.832558020696646e-10	3.914729339410209e-06	4.9782042786532215e-14	1.0659091841730012e-17	5.605797125990937e-09	0.0060655975497412055	0.0014903849765006806	9.162276393632934e-09	5.0559882898648026e-05	5.70278011192144e-07	5.509112843752408e-17	0.0406743923843872	3.956748329250313e-06	0.0003091135248457835	0.00014921279292340575	5.573486784629843e-10	5.403328745837499e-06	6.220224498900228e-06	6.6414947686695316e-21	5.410012924850282e-22	8.619436402347246e-25	2.093814883423274e-56	3.5698185951625316e-28	1.8108879132739885e-155	2.7611789254589476e-23	3.782229308998695e-18	2.665319401916504e-12	1.1984981736809217e-07	3.827133322846526e-05	1.268523345123505e-05	2.0721470918339573e-11	1.0263976968305511e-19	1.1802429532431792e-14	9.11953765944348e-13	6.0654208101801815e-12	4.865160275905306e-16	2.887108891682451e-17	1.952215111634751e-20	1.699848202746365e-19	4.8648541324493266e-20	4.476839415288362e-29	3.553118286893218e-38	2.559725202710567e-32	2.0013160063691662e-12	0.0004955162036263814	1.486516536535007e-11	1.1527033179205306e-05	4.7713071688159263e-08	0.004100847239337068	0.0008381050628063758	1.1015479048706898e-08	7.580804991081973e-22	1.0992125247062647e-16	0.038711271876665676	5.955926431089419e-10	0.0010339442516231004	1.6303480452118094e-16	1.6271929132965466e-69	6.19349220258293e-11	1.0876215212653337e-20	4.2534516156616894e-11	7.143377815088243e-23	1.3846163281832088e-27	2.1318432898050957e-33	1.9777942273250848e-39	2.587208877528734e-15	6.1417098490612436e-21	8.708372549765682e-18	1.718284993021454e-27	1.4206075445686994e-34	2.0320384407251655e-39	2.8492976581924475e-46	4.522782099959573e-15	3.0259619817371e-15	1.5447737190074663e-20	1.5405271938626927e-20	4.700204357893913e-31	1.581922462829862e-44	1.338477332991067e-36	4.6135671822027244e-58	0.0076744681614128	3.3151721953997696e-08	4.7006054101657694e-05	8.712618847936716e-62	3.2437293678136236e-76	4.093177712551302e-13	3.694182981967878e-07	0.00017960743267602828	4.125025265482914e-13	1.482123575616177e-09	3.33983205642871e-19	2.645630115880037e-19	5.3558196142406215e-25	4.2660058300651275e-25	8.777162532402309e-17	4.403363063771009e-39	0.0001957622390430003	5.5910414061901167e-11	0.0	0.0	0.0	0.0	0.0	0.0	5.0380011371742315	0.12419853224891123	0.4967964482923878	0.0	0.0	0.0	0.0	0.0	0.0	0.0	0.0	0.190800000010904	0.0	0.0	0.0	0.19800006837166848	0.0
1.7357142857	-2.2177792775237616e-08	42.85714	1.0	1.44e-10	0.021428	0.18	1.0	7.045750742788304	-2.740331679159153	1.3936457383609523e-07	1.1319999528280948e-07	55.447157680672035	6.98348943500903e-08	2.9165499180286446e-10	1.3869917743098972e-08	1.1090777720960912e-09	8.495681380867038e-11	5.788475888535896e-12	2.1509421720645704e-12	1.5577982253436102e-12	3.3604800824476384e-17	4.781844220950027e-56	9.848100116289705e-07	3.419035583131695e-06	5.397017124661132e-06	0.0033064459158431182	4.4684649606174544e-05	0.00010088960198789323	2.0996833099938016e-06	0.0005216303214837392	5.940820202739342e-05	6.776557505457087e-08	1.8466192413518438e-09	3.820795522004756e-06	7.83255802069767e-10	3.914729339410474e-06	4.9782042786540154e-14	1.065909184173036e-17	5.605797125990547e-09	0.006065597549740207	0.0014903849765004443	9.162276393632297e-09	5.0559882898640375e-05	5.702780111920623e-07	5.509112843751732e-17	0.04067439238438724	3.956748329250345e-06	0.00030911352484578605	0.00014921279292338317	5.57348678462941e-10	5.403328745837532e-06	6.220224498899286e-06	6.641494768667739e-21	5.41001292484891e-22	8.61943640234513e-25	2.0938148834228283e-56	3.5698185951616554e-28	1.810887913273633e-155	2.761178925459399e-23	3.782229308999097e-18	2.66531940191658e-12	1.1984981736808383e-07	3.8271333228459e-05	1.2685233451233027e-05	2.0721470918338555e-11	1.0263976968306183e-19	1.180242953243271e-14	9.119537659443442e-13	6.065420810179611e-12	4.865160275904371e-16	2.887108891681884e-17	1.952215111634176e-20	1.6998482027459061e-19	4.8648541324479736e-20	4.476839415286568e-29	3.5531182868912994e-38	2.55972520270996e-32	2.001316006369289e-12	0.0004955162036263809	1.486516536535147e-11	1.1527033179205187e-05	4.771307168815594e-08	0.004100847239336393	0.000838105062806243	1.1015479048706132e-08	7.580804991079616e-22	1.0992125247061297e-16	0.0387112718766657	5.955926431089978e-10	0.001033944251623092	1.6303480452118495e-16	1.6271929132963335e-69	6.193492202583563e-11	1.0876215212655206e-20	4.2534516156617935e-11	7.143377815089295e-23	1.3846163281833561e-27	2.13184328980527e-33	1.977794227325182e-39	2.5872088775287555e-15	6.141709849060842e-21	8.708372549765897e-18	1.718284993021201e-27	1.4206075445686297e-34	2.032038440724933e-39	2.849297658191888e-46	4.522782099959684e-15	3.0259619817369514e-15	1.544773719007264e-20	1.540527193862491e-20	4.700204357893413e-31	1.5819224628295772e-44	1.3384773329907824e-36	4.6135671822015924e-58	0.007674468161412635	3.3151721953994446e-08	4.70060541016576e-05	8.712618847935717e-62	3.2437293678128804e-76	4.093177712551938e-13	3.69418298196818e-07	0.00017960743267602828	4.1250252654835554e-13	1.482123575616298e-09	3.339832056429448e-19	2.6456301158805993e-19	5.355819614242198e-25	4.266005830066384e-25	8.777162532403673e-17	4.4033630637727376e-39	0.00019576223904299892	5.59104140619062e-11	0.0	0.0	0.0	0.0	0.0	0.0	5.038001137174231	0.12419853224891123	0.49679644829238795	0.0	0.0	0.0	0.0	0.0	0.0	0.0	0.0	0.190800000010904	0.0	0.0	0.0	0.19800006837166848	0.0
1.7785714286	-2.2177794181196265e-08	42.85714	1.0	1.44e-10	0.021428	0.18	1.0	7.045750742788324	-2.7403316791591728	1.393645738361018e-07	1.1319999528280416e-07	55.447157680672035	6.983489435009087e-08	2.916549918028669e-10	1.3869917743098176e-08	1.1090777720959868e-09	8.49568138086589e-11	5.788475888535115e-12	2.1509421720641746e-12	1.5577982253434062e-12	3.360480082447254e-17	4.781844220949714e-56	9.848100116289947e-07	3.4190355831317786e-06	5.397017124661132e-06	0.0033064459158430406	4.4684649606173447e-05	0.00010088960198788858	2.0996833099938016e-06	0.0005216303214837008	5.940820202739063e-05	6.776557505456866e-08	1.8466192413518515e-09	3.820795522004756e-06	7.832558020697895e-10	3.914729339410161e-06	4.9782042786540766e-14	1.0659091841729576e-17	5.605797125990708e-09	0.006065597549740076	0.0014903849765004976	9.16227639363256e-09	5.055988289863924e-05	5.702780111920495e-07	5.509112843751506e-17	0.04067439238438726	3.956748329250336e-06	0.0003091135248457857	0.00014921279292337994	5.57348678462916e-10	5.403328745837234e-06	6.2202244988991465e-06	6.641494768667304e-21	5.410012924848556e-22	8.619436402344566e-25	2.093814883422657e-56	3.5698185951614217e-28	1.810887913273633e-155	2.7611789254598733e-23	3.782229308999562e-18	2.6653194019167655e-12	1.1984981736808653e-07	3.827133322845822e-05	1.2685233451233467e-05	2.0721470918338132e-11	1.0263976968305932e-19	1.1802429532434157e-14	9.119537659444115e-13	6.065420810179785e-12	4.865160275904311e-16	2.8871088916818366e-17	1.9522151116340484e-20	1.6998482027458922e-19	4.8648541324482125e-20	4.476839415286458e-29	3.553118286891358e-38	2.559725202709751e-32	2.0013160063692725e-12	0.0004955162036263804	1.4865165365352138e-11	1.1527033179205824e-05	4.771307168815711e-08	0.004100847239336305	0.0008381050628062729	1.1015479048706401e-08	7.580804991080423e-22	1.0992125247060849e-16	0.03871127187666566	5.955926431090247e-10	0.001033944251623151	1.630348045211816e-16	1.6271929132963868e-69	6.193492202583563e-11	1.087621521265574e-20	4.253451615661602e-11	7.143377815089354e-23	1.3846163281832996e-27	2.131843289805061e-33	1.9777942273249552e-39	2.5872088775287235e-15	6.14170984906049e-21	8.708372549765256e-18	1.718284993021004e-27	1.4206075445686297e-34	2.032038440724833e-39	2.8492976581916085e-46	4.5227820999599615e-15	3.0259619817369763e-15	1.5447737190072135e-20	1.5405271938624282e-20	4.7002043578935285e-31	1.5819224628295513e-44	1.3384773329907167e-36	4.613567182201064e-58	0.007674468161413091	3.3151721953994784e-08	4.7006054101657694e-05	8.712618847935574e-62	3.2437293678129866e-76	4.09317771255234e-13	3.6941829819683537e-07	0.00017960743267602828	4.1250252654839436e-13	1.4821235756163649e-09	3.339832056429885e-19	2.645630115880989e-19	5.355819614243207e-25	4.266005830067186e-25	8.777162532404462e-17	4.4033630637739624e-39	0.0001957622390429883	5.591041406190574e-11	0.0	0.0	0.0	0.0	0.0	0.0	5.038001137174231	0.12419853224891123	0.49679644829238795	0.0	0.0	0.0	0.0	0.0	0.0	0.0	0.0	0.190800000010904	0.0	0.0	0.0	0.19800006837166845	0.0
1.85	-2.2177788230223152e-08	100.0	1.0	1.44e-10	0.05	0.18	1.0	7.045750742788246	-2.740331679159084	1.3936457383607728e-07	1.1319999528282499e-07	55.447157680672035	6.983489435008887e-08	2.9165499180285733e-10	1.3869917743100219e-08	1.1090777720963543e-09	8.495681380870269e-11	5.788475888538098e-12	2.1509421720657054e-12	1.5577982253443302e-12	3.3604800824471435e-17	4.781844220948697e-56	9.848100116288035e-07	3.4190355831311425e-06	5.397017124661132e-06	0.0033064459158429933	4.468464960617263e-05	0.00010088960198790694	2.0996833099938016e-06	0.0005216303214837856	5.940820202740156e-05	6.7765575054562e-08	1.8466192413518967e-09	3.820795522004756e-06	7.832558020696421e-10	3.91472933941049e-06	4.978204278653262e-14	1.0659091841730796e-17	5.605797125990822e-09	0.006065597549741336	0.0014903849765006425	9.162276393632747e-09	5.0559882898649164e-05	5.702780111921568e-07	5.509112843752408e-17	0.0406743923843872	3.956748329250329e-06	0.0003091135248457838	0.00014921279292340895	5.573486784630117e-10	5.403328745837753e-06	6.220224498900368e-06	6.641494768670021e-21	5.41001292485068e-22	8.61943640234788e-25	2.0938148834234794e-56	3.5698185951628235e-28	1.8108879132739885e-155	2.7611789254584727e-23	3.782229308998262e-18	2.6653194019163297e-12	1.19849817368089e-07	3.827133322846612e-05	1.2685233451234712e-05	2.0721470918339912e-11	1.0263976968305596e-19	1.1802429532430344e-14	9.119537659442921e-13	6.065420810180058e-12	4.865160275905426e-16	2.887108891682522e-17	1.9522151116348787e-20	1.6998482027464066e-19	4.8648541324492074e-20	4.4768394152886184e-29	3.553118286893218e-38	2.559725202710693e-32	2.0013160063691743e-12	0.0004955162036263819	1.4865165365349463e-11	1.1527033179204787e-05	4.771307168815809e-08	0.0041008472393371555	0.0008381050628063543	1.1015479048706626e-08	7.580804991081229e-22	1.0992125247062647e-16	0.03871127187666574	5.955926431089175e-10	0.0010339442516230507	1.6303480452117694e-16	1.6271929132965466e-69	6.193492202582878e-11	1.0876215212652714e-20	4.253451615661881e-11	7.143377815088185e-23	1.3846163281832316e-27	2.1318432898052e-33	1.9777942273253112e-39	2.58720887752866e-15	6.141709849061394e-21	8.708372549765826e-18	1.7182849930215667e-27	1.420607544568676e-34	2.032038440725232e-39	2.849297658192634e-46	4.522782099959333e-15	3.0259619817370875e-15	1.5447737190075418e-20	1.540527193862756e-20	4.700204357893913e-31	1.5819224628299655e-44	1.3384773329911985e-36	4.613567182203177e-58	0.007674468161412424	3.315172195399763e-08	4.7006054101657694e-05	8.712618847936716e-62	3.2437293678136236e-76	4.0931777125509e-13	3.6941829819677116e-07	0.00017960743267602828	4.1250252654825093e-13	1.4821235756161101e-09	3.339832056428191e-19	2.6456301158796257e-19	5.355819614239614e-25	4.266005830064325e-25	8.777162532401519e-17	4.403363063769712e-39	0.00019576223904300933	5.5910414061901167e-11	0.0	0.0	0.0	0.0	0.0	0.0	5.0380011371742315	0.12419853224891123	0.4967964482923878	0.0	0.0	0.0	0.0	0.0	0.0	0.0	0.0	0.190800000010904	0.0	0.0	0.0	0.19800006837166845	0.0
1.95	-2.217778780772227e-08	100.0	1.0	1.44e-10	0.05	0.18	1.0	7.045750742788248	-2.740331679159084	1.3936457383607784e-07	1.1319999528282453e-07	55.447157680672035	6.983489435008773e-08	2.9165499180285014e-10	1.3869917743099992e-08	1.109077772096327e-09	8.495681380870026e-11	5.788475888537956e-12	2.1509421720656525e-12	1.557798225344311e-12	3.3604800824469235e-17	4.781844220948462e-56	9.848100116287692e-07	3.4190355831310515e-06	5.397017124661132e-06	0.003306445915842882	4.468464960617107e-05	0.00010088960198790663	2.0996833099938016e-06	0.0005216303214837664	5.9408202027401316e-05	6.77655750545584e-08	1.846619241351889e-09	3.820795522004756e-06	7.832558020696197e-10	3.914729339410273e-06	4.978204278652977e-14	1.0659091841730274e-17	5.6057971259910055e-09	0.006065597549741546	0.0014903849765007188	9.162276393633047e-09	5.055988289865071e-05	5.702780111921731e-07	5.5091128437526783e-17	0.0406743923843872	3.956748329250313e-06	0.0003091135248457832	0.00014921279292341353	5.573486784630072e-10	5.403328745837632e-06	6.2202244989005585e-06	6.641494768670184e-21	5.4100129248508135e-22	8.619436402348091e-25	2.0938148834234794e-56	3.569818595162882e-28	1.8108879132739885e-155	2.7611789254586085e-23	3.782229308998448e-18	2.665319401916406e-12	1.198498173680934e-07	3.827133322846746e-05	1.2685233451235361e-05	2.0721470918339825e-11	1.026397696830526e-19	1.1802429532430923e-14	9.119537659443182e-13	6.065420810180256e-12	4.865160275905565e-16	2.887108891682592e-17	1.9522151116349425e-20	1.6998482027464762e-19	4.864854132449526e-20	4.4768394152889116e-29	3.553118286893683e-38	2.5597252027107976e-32	2.0013160063691497e-12	0.0004955162036263814	1.4865165365349463e-11	1.1527033179204975e-05	4.7713071688159746e-08	0.004100847239337299	0.0008381050628063972	1.1015479048707032e-08	7.580804991082469e-22	1.0992125247063141e-16	0.03871127187666572	5.95592643108915e-10	0.001033944251623072	1.630348045211796e-16	1.6271929132965466e-69	6.193492202582676e-11	1.0876215212652359e-20	4.2534516156616894e-11	7.143377815087718e-23	1.3846163281831183e-27	2.131843289804956e-33	1.97779422732502e-39	2.5872088775287132e-15	6.1417098490614445e-21	8.708372549765826e-18	1.7182849930215946e-27	1.420607544568676e-34	2.0320384407251988e-39	2.849297658192634e-46	4.522782099959388e-15	3.0259619817371123e-15	1.5447737190075418e-20	1.540527193862756e-20	4.7002043578939515e-31	1.5819224628299396e-44	1.3384773329911547e-36	4.613567182202875e-58	0.007674468161412604	3.315172195399817e-08	4.7006054101657694e-05	8.712618847937142e-62	3.243729367813836e-76	4.09317771255095e-13	3.694182981967727e-07	0.00017960743267602828	4.1250252654825603e-13	1.4821235756161163e-09	3.339832056428273e-19	2.64563011587969e-19	5.355819614239789e-25	4.266005830064464e-25	8.77716253240159e-17	4.40336306377e-39	0.00019576223904300613	5.5910414061900255e-11	0.0	0.0	0.0	0.0	0.0	0.0	5.0380011371742315	0.12419853224891121	0.4967964482923877	0.0	0.0	0.0	0.0	0.0	0.0	0.0	0.0	0.190800000010904	0.0	0.0	0.0	0.19800006837166845	0.0
2.05	-2.2177778680142675e-08	100.0	1.0	1.44e-10	0.05	0.18	1.0	7.045750742788117	-2.7403316791589294	1.393645738360368e-07	1.1319999528285926e-07	55.44715768067203	6.98348943500853e-08	2.9165499180283226e-10	1.3869917743103594e-08	1.1090777720969575e-09	8.495681380877566e-11	5.7884758885430946e-12	2.150942172068257e-12	1.5577982253459805e-12	3.360480082446319e-17	4.781844220946115e-56	9.848100116284348e-07	3.4190355831299537e-06	5.39701712466111e-06	0.0033064459158427535	4.4684649606168784e-05	0.00010088960198793758	2.099683309993793e-06	0.0005216303214838976	5.9408202027419544e-05	6.776557505454136e-08	1.8466192413519873e-09	3.820795522004747e-06	7.832558020693698e-10	3.91472933941049e-06	4.978204278651572e-14	1.0659091841731843e-17	5.605797125991281e-09	0.00606559754974378	0.001490384976501092	9.162276393633535e-09	5.055988289866798e-05	5.702780111923597e-07	5.509112843754481e-17	0.040674392384387116	3.956748329250256e-06	0.0003091135248457791	0.00014921279292346478	5.573486784631713e-10	5.40332874583814e-06	6.220224498902696e-06	6.641494768674965e-21	5.410012924854575e-22	8.619436402353945e-25	2.0938148834249523e-56	3.569818595165306e-28	1.8108879132748182e-155	2.7611789254563045e-23	3.782229308996375e-18	2.665319401915741e-12	1.198498173680993e-07	3.827133322848162e-05	1.2685233451238551e-05	2.072147091834279e-11	1.026397696830442e-19	1.1802429532425131e-14	9.119537659441393e-13	6.0654208101809255e-12	4.865160275907654e-16	2.8871088916838445e-17	1.952215111636428e-20	1.699848202747533e-19	4.864854132452073e-20	4.476839415292977e-29	3.5531182868974035e-38	2.5597252027125776e-32	2.0013160063689207e-12	0.0004955162036263825	1.4865165365344903e-11	1.1527033179203962e-05	4.771307168816219e-08	0.004100847239338808	0.0008381050628066072	1.1015479048707596e-08	7.580804991084515e-22	1.0992125247066738e-16	0.038711271876665815	5.955926431087348e-10	0.00103394425162298	1.630348045211776e-16	1.6271929132969193e-69	6.19349220258141e-11	1.0876215212647021e-20	4.253451615662072e-11	7.143377815085672e-23	1.3846163281829938e-27	2.131843289805235e-33	1.9777942273256348e-39	2.587208877528734e-15	6.141709849063253e-21	8.708372549766467e-18	1.7182849930225926e-27	1.4206075445688854e-34	2.032038440726063e-39	2.8492976581946854e-46	4.522782099958574e-15	3.025961981737422e-15	1.5447737190081485e-20	1.5405271938633734e-20	4.700204357894951e-31	1.581922462830742e-44	1.3384773329920745e-36	4.6135671822069515e-58	0.007674468161412086	3.315172195400529e-08	4.70060541016576e-05	8.712618847939709e-62	3.24372936781564e-76	4.0931777125486066e-13	3.6941829819666464e-07	0.00017960743267602847	4.1250252654802147e-13	1.482123575615692e-09	3.339832056425486e-19	2.645630115877483e-19	5.355819614233918e-25	4.266005830059788e-25	8.777162532396636e-17	4.403363063763084e-39	0.00019576223904302915	5.5910414061889276e-11	0.0	0.0	0.0	0.0	0.0	0.0	5.038001137174231	0.12419853224891123	0.49679644829238745	0.0	0.0	0.0	0.0	0.0	0.0	0.0	0.0	0.190800000010904	0.0	0.0	0.0	0.19800006837166848	0.0
2.15	-2.217778114687202e-08	100.0	1.0	1.44e-10	0.05	0.18	1.0	7.045750742788162	-2.7403316791589813	1.3936457383605076e-07	1.1319999528284745e-07	55.44715768067203	6.98348943500863e-08	2.91654991802843e-10	1.3869917743102459e-08	1.1090777720967443e-09	8.495681380875134e-11	5.788475888541437e-12	2.1509421720674034e-12	1.5577982253454261e-12	3.360480082446456e-17	4.781844220946741e-56	9.848100116285214e-07	3.4190355831302404e-06	5.39701712466111e-06	0.0033064459158427093	4.4684649606168236e-05	0.00010088960198792716	2.099683309993793e-06	0.0005216303214838384	5.9408202027413344e-05	6.776557505454524e-08	1.8466192413519646e-09	3.820795522004747e-06	7.832558020694371e-10	3.914729339410305e-06	4.978204278651837e-14	1.0659091841730972e-17	5.6057971259913265e-09	0.006065597549743196	0.0014903849765010053	9.16227639363361e-09	5.0559882898663537e-05	5.702780111923107e-07	5.50911284375394e-17	0.04067439238438716	3.9567483292502635e-06	0.00030911352484578035	0.0001492127929234515	5.573486784631143e-10	5.403328745837952e-06	6.2202244989021366e-06	6.641494768673607e-21	5.410012924853468e-22	8.619436402352251e-25	2.0938148834244384e-56	3.569818595164605e-28	1.8108879132745812e-155	2.76117892545714e-23	3.782229308997148e-18	2.6653194019160462e-12	1.198498173681005e-07	3.827133322847794e-05	1.2685233451237799e-05	2.072147091834203e-11	1.0263976968304672e-19	1.18024295324274e-14	9.119537659442362e-13	6.065420810180901e-12	4.865160275907137e-16	2.8871088916835135e-17	1.9522151116359966e-20	1.699848202747241e-19	4.8648541324513963e-20	4.4768394152919513e-29	3.553118286896473e-38	2.559725202712033e-32	2.0013160063690026e-12	0.0004955162036263819	1.4865165365346422e-11	1.1527033179204269e-05	4.771307168816268e-08	0.004100847239338414	0.0008381050628065584	1.1015479048707708e-08	7.580804991084702e-22	1.099212524706566e-16	0.03871127187666578	5.955926431087957e-10	0.0010339442516230106	1.630348045211756e-16	1.6271929132968127e-69	6.193492202581738e-11	1.087621521264871e-20	4.253451615661881e-11	7.143377815086199e-23	1.3846163281829823e-27	2.131843289804991e-33	1.9777942273252466e-39	2.5872088775287026e-15	6.1417098490625496e-21	8.708372549766111e-18	1.718284993022227e-27	1.4206075445688157e-34	2.0320384407257972e-39	2.8492976581940328e-46	4.5227820999588516e-15	3.025961981737298e-15	1.5447737190079336e-20	1.5405271938631465e-20	4.700204357894566e-31	1.581922462830457e-44	1.3384773329917459e-36	4.6135671822055175e-58	0.007674468161412274	3.315172195400292e-08	4.70060541016576e-05	8.712618847938996e-62	3.243729367815003e-76	4.093177712549427e-13	3.6941829819670165e-07	0.00017960743267602847	4.125025265481025e-13	1.4821235756158314e-09	3.339832056426415e-19	2.6456301158782405e-19	5.355819614235977e-25	4.266005830061428e-25	8.777162532398288e-17	4.403363063765461e-39	0.00019576223904302153	5.5910414061892934e-11	0.0	0.0	0.0	0.0	0.0	0.0	5.0380011371742315	0.12419853224891121	0.4967964482923875	0.0	0.0	0.0	0.0	0.0	0.0	0.0	0.0	0.190800000010904	0.0	0.0	0.0	0.19800006837166845	0.0
2.25	-2.2177794730891848e-08	100.0	1.0	1.44e-10	0.05	0.18	1.0	7.045750742788327	-2.7403316791591803	1.3936457383610264e-07	1.1319999528280347e-07	55.447157680672035	6.983489435009144e-08	2.9165499180286927e-10	1.3869917743098206e-08	1.1090777720959823e-09	8.495681380865717e-11	5.788475888534997e-12	2.150942172064113e-12	1.5577982253433297e-12	3.360480082447666e-17	4.7818442209503395e-56	9.848100116290351e-07	3.4190355831319044e-06	5.397017124661132e-06	0.0033064459158431555	4.468464960617518e-05	0.00010088960198788775	2.0996833099938016e-06	0.0005216303214837178	5.9408202027390264e-05	6.776557505457378e-08	1.8466192413518364e-09	3.820795522004763e-06	7.832558020698151e-10	3.914729339410425e-06	4.978204278654341e-14	1.06590918417301e-17	5.605797125990479e-09	0.006065597549739779	0.0014903849765003864	9.162276393632185e-09	5.055988289863706e-05	5.702780111920273e-07	5.509112843751371e-17	0.04067439238438724	3.956748329250361e-06	0.00030911352484578637	0.00014921279292337325	5.573486784629114e-10	5.4033287458374e-06	6.2202244988988924e-06	6.641494768666924e-21	5.410012924848202e-22	8.619436402344072e-25	2.093814883422589e-56	3.5698185951612173e-28	1.810887913273396e-155	2.7611789254598057e-23	3.782229308999407e-18	2.6653194019166892e-12	1.1984981736808238e-07	3.827133322845634e-05	1.268523345123256e-05	2.0721470918338048e-11	1.0263976968306352e-19	1.1802429532433674e-14	9.119537659443816e-13	6.065420810179512e-12	4.865160275904013e-16	2.8871088916816714e-17	1.9522151116339205e-20	1.6998482027457254e-19	4.864854132447576e-20	4.476839415285872e-29	3.553118286890602e-38	2.559725202709646e-32	2.001316006369305e-12	0.0004955162036263809	1.486516536535226e-11	1.1527033179205541e-05	4.771307168815526e-08	0.004100847239336103	0.0008381050628062103	1.1015479048705996e-08	7.58080499107912e-22	1.0992125247060669e-16	0.03871127187666564	5.955926431090296e-10	0.0010339442516231184	1.6303480452118562e-16	1.6271929132962802e-69	6.193492202583816e-11	1.0876215212656184e-20	4.253451615661741e-11	7.143377815089763e-23	1.3846163281833902e-27	2.13184328980527e-33	1.977794227325182e-39	2.587208877528766e-15	6.14170984906054e-21	8.708372549765755e-18	1.7182849930210325e-27	1.4206075445686297e-34	2.0320384407247998e-39	2.849297658191562e-46	4.522782099959851e-15	3.0259619817369143e-15	1.544773719007163e-20	1.5405271938623903e-20	4.700204357893298e-31	1.5819224628294995e-44	1.3384773329906948e-36	4.6135671822008375e-58	0.0076744681614128165	3.315172195399356e-08	4.700605410165779e-05	8.712618847935289e-62	3.243729367812562e-76	4.093177712552357e-13	3.6941829819683765e-07	0.00017960743267602828	4.1250252654839775e-13	1.4821235756163769e-09	3.3398320564299124e-19	2.6456301158810104e-19	5.35581961424325e-25	4.266005830067221e-25	8.777162532404606e-17	4.4033630637738906e-39	0.0001957622390429933	5.59104140619078e-11	0.0	0.0	0.0	0.0	0.0	0.0	5.038001137174231	0.12419853224891123	0.496796448292388	0.0	0.0	0.0	0.0	0.0	0.0	0.0	0.0	0.190800000010904	0.0	0.0	0.0	0.19800006837166845	0.0
2.35	-2.2177783273804785e-08	100.0	1.0	1.44e-10	0.05	0.18	1.0	7.045750742788189	-2.740331679159013	1.393645738360596e-07	1.1319999528284028e-07	55.447157680672035	6.983489435008573e-08	2.9165499180284063e-10	1.386991774310158e-08	1.1090777720966037e-09	8.495681380873432e-11	5.788475888540253e-12	2.1509421720668226e-12	1.5577982253450628e-12	3.360480082446484e-17	4.781844220947132e-56	9.848100116286e-07	3.419035583130492e-06	5.397017124661132e-06	0.00330644591584276	4.468464960616906e-05	0.00010088960198792066	2.0996833099938016e-06	0.000521630321483815	5.940820202740958e-05	6.776557505454898e-08	1.8466192413519495e-09	3.820795522004756e-06	7.83255802069498e-10	3.914729339410273e-06	4.978204278652183e-14	1.065909184173071e-17	5.605797125991258e-09	0.006065597549742688	0.0014903849765009244	9.162276393633459e-09	5.0559882898659606e-05	5.702780111922687e-07	5.5091128437533544e-17	0.04067439238438716	3.956748329250288e-06	0.000309113524845781	0.00014921279292343976	5.573486784630801e-10	5.403328745837831e-06	6.220224498901653e-06	6.641494768672574e-21	5.4100129248526275e-22	8.619436402350912e-25	2.0938148834241645e-56	3.56981859516405e-28	1.8108879132744625e-155	2.76117892545766e-23	3.7822293089975194e-18	2.665319401916166e-12	1.198498173680988e-07	3.827133322847465e-05	1.2685233451237125e-05	2.0721470918341182e-11	1.0263976968304672e-19	1.1802429532428654e-14	9.119537659442586e-13	6.065420810180728e-12	4.865160275906679e-16	2.887108891683254e-17	1.9522151116356773e-20	1.6998482027470047e-19	4.864854132450839e-20	4.476839415291036e-29	3.5531182868956594e-38	2.5597252027115513e-32	2.0013160063690354e-12	0.0004955162036263819	1.4865165365347395e-11	1.1527033179204598e-05	4.77130716881619e-08	0.00410084723933807	0.0008381050628065129	1.1015479048707528e-08	7.580804991084081e-22	1.0992125247064535e-16	0.03871127187666576	5.955926431088346e-10	0.0010339442516230349	1.6303480452117162e-16	1.6271929132967595e-69	6.193492202581991e-11	1.0876215212649868e-20	4.2534516156617935e-11	7.143377815086665e-23	1.384616328183005e-27	2.131843289804956e-33	1.977794227325182e-39	2.5872088775286284e-15	6.1417098490619974e-21	8.708372549765682e-18	1.7182849930219602e-27	1.4206075445687458e-34	2.0320384407255646e-39	2.849297658193473e-46	4.522782099959055e-15	3.0259619817372484e-15	1.54477371900782e-20	1.540527193863033e-20	4.700204357894452e-31	1.5819224628303018e-44	1.3384773329915707e-36	4.6135671822047626e-58	0.007674468161412424	3.315172195400156e-08	4.7006054101657694e-05	8.712618847938284e-62	3.243729367814579e-76	4.093177712549929e-13	3.6941829819672436e-07	0.00017960743267602847	4.125025265481531e-13	1.4821235756159283e-09	3.339832056427044e-19	2.645630115878695e-19	5.355819614237204e-25	4.2660058300624055e-25	8.777162532399437e-17	4.4033630637669745e-39	0.00019576223904301573	5.5910414061894995e-11	0.0	0.0	0.0	0.0	0.0	0.0	5.0380011371742315	0.12419853224891123	0.49679644829238756	0.0	0.0	0.0	0.0	0.0	0.0	0.0	0.0	0.190800000010904	0.0	0.0	0.0	0.19800006837166848	0.0
2.45	-2.2177793666108756e-08	100.0	1.0	1.44e-10	0.05	0.18	1.0	7.045750742788306	-2.7403316791591545	1.3936457383609607e-07	1.1319999528280879e-07	55.447157680672035	6.983489435008973e-08	2.916549918028669e-10	1.3869917743098743e-08	1.1090777720960776e-09	8.495681380866933e-11	5.788475888535826e-12	2.1509421720645175e-12	1.557798225343623e-12	3.360480082447501e-17	4.781844220949948e-56	9.848100116289826e-07	3.4190355831317295e-06	5.397017124661132e-06	0.003306445915843135	4.468464960617473e-05	0.00010088960198789271	2.0996833099938016e-06	0.0005216303214837392	5.9408202027393056e-05	6.776557505456922e-08	1.8466192413518515e-09	3.820795522004756e-06	7.832558020697799e-10	3.914729339410353e-06	4.9782042786541176e-14	1.0659091841730274e-17	5.605797125990524e-09	0.006065597549740151	0.001490384976500484	9.16227639363226e-09	5.0559882898639854e-05	5.702780111920565e-07	5.5091128437518667e-17	0.04067439238438724	3.956748329250345e-06	0.0003091135248457857	0.0001492127929233818	5.573486784629387e-10	5.4033287458373446e-06	6.220224498899223e-06	6.6414947686676305e-21	5.410012924848822e-22	8.619436402344989e-25	2.0938148834228283e-56	3.569818595161597e-28	1.810887913273633e-155	2.7611789254594666e-23	3.7822293089991596e-18	2.6653194019165693e-12	1.198498173680836e-07	3.827133322845861e-05	1.2685233451233337e-05	2.072147091833847e-11	1.0263976968306183e-19	1.1802429532432806e-14	9.119537659443442e-13	6.065420810179586e-12	4.865160275904351e-16	2.8871088916818606e-17	1.952215111634144e-20	1.6998482027459338e-19	4.8648541324482125e-20	4.4768394152864946e-29	3.5531182868912415e-38	2.559725202710023e-32	2.0013160063692725e-12	0.0004955162036263809	1.486516536535153e-11	1.1527033179205612e-05	4.771307168815575e-08	0.004100847239336355	0.0008381050628062652	1.1015479048706087e-08	7.580804991079493e-22	1.0992125247061613e-16	0.03871127187666564	5.955926431090003e-10	0.001033944251623129	1.6303480452119094e-16	1.6271929132963868e-69	6.193492202583613e-11	1.0876215212655384e-20	4.253451615661811e-11	7.14337781508947e-23	1.3846163281833902e-27	2.1318432898053397e-33	1.9777942273253112e-39	2.587208877528872e-15	6.141709849061093e-21	8.708372549765968e-18	1.7182849930212574e-27	1.420607544568676e-34	2.032038440724966e-39	2.849297658191888e-46	4.522782099959851e-15	3.0259619817370256e-15	1.544773719007302e-20	1.5405271938625164e-20	4.700204357893683e-31	1.5819224628297066e-44	1.3384773329909138e-36	4.613567182201894e-58	0.007674468161412926	3.315172195399539e-08	4.7006054101657694e-05	8.71261884793586e-62	3.243729367813093e-76	4.093177712552005e-13	3.694182981968203e-07	0.00017960743267602828	4.1250252654836064e-13	1.4821235756163043e-09	3.3398320564295027e-19	2.6456301158806426e-19	5.355819614242286e-25	4.266005830066454e-25	8.777162532403745e-17	4.403363063772954e-39	0.0001957622390429923	5.59104140619046e-11	0.0	0.0	0.0	0.0	0.0	0.0	5.038001137174231	0.12419853224891123	0.49679644829238795	0.0	0.0	0.0	0.0	0.0	0.0	0.0	0.0	0.190800000010904	0.0	0.0	0.0	0.19800006837166848	0.0
2.55	-2.2177794053845708e-08	100.0	1.0	1.44e-10	0.05	0.18	1.0	7.045750742788323	-2.740331679159173	1.393645738361015e-07	1.131999952828044e-07	55.447157680672035	6.98348943500903e-08	2.9165499180286446e-10	1.3869917743098176e-08	1.1090777720959823e-09	8.495681380865856e-11	5.788475888535092e-12	2.1509421720641746e-12	1.5577982253433935e-12	3.360480082447391e-17	4.781844220949948e-56	9.848100116289928e-07	3.4190355831317714e-06	5.397017124661132e-06	0.0033064459158430475	4.4684649606173447e-05	0.00010088960198788878	2.0996833099938016e-06	0.000521630321483703	5.940820202739075e-05	6.776557505456922e-08	1.8466192413518438e-09	3.820795522004756e-06	7.832558020697895e-10	3.914729339410193e-06	4.9782042786540766e-14	1.0659091841729664e-17	5.6057971259906846e-09	0.006065597549740076	0.0014903849765004855	9.162276393632522e-09	5.055988289863924e-05	5.702780111920495e-07	5.509112843751642e-17	0.04067439238438722	3.956748329250336e-06	0.0003091135248457854	0.00014921279292337994	5.57348678462916e-10	5.403328745837267e-06	6.2202244988991465e-06	6.641494768667304e-21	5.410012924848556e-22	8.619436402344495e-25	2.093814883422657e-56	3.5698185951614217e-28	1.810887913273633e-155	2.761178925459851e-23	3.782229308999562e-18	2.6653194019167546e-12	1.198498173680863e-07	3.827133322845814e-05	1.2685233451233364e-05	2.07214709183383e-11	1.0263976968306099e-19	1.180242953243406e-14	9.119537659444115e-13	6.06542081017976e-12	4.865160275904291e-16	2.887108891681813e-17	1.9522151116340484e-20	1.6998482027458782e-19	4.864854132448133e-20	4.476839415286385e-29	3.5531182868912994e-38	2.5597252027098134e-32	2.0013160063692725e-12	0.0004955162036263809	1.4865165365352138e-11	1.1527033179205777e-05	4.7713071688157013e-08	0.004100847239336305	0.0008381050628062661	1.1015479048706401e-08	7.580804991080361e-22	1.0992125247061117e-16	0.03871127187666562	5.955926431090222e-10	0.0010339442516231418	1.6303480452118562e-16	1.6271929132963335e-69	6.193492202583613e-11	1.0876215212655829e-20	4.253451615661637e-11	7.143377815089413e-23	1.3846163281833222e-27	2.1318432898051303e-33	1.977794227324988e-39	2.587208877528787e-15	6.141709849060641e-21	8.70837254976554e-18	1.7182849930210605e-27	1.420607544568676e-34	2.0320384407248996e-39	2.849297658191702e-46	4.5227820999599244e-15	3.025961981736964e-15	1.544773719007201e-20	1.5405271938624156e-20	4.700204357893451e-31	1.5819224628295254e-44	1.3384773329906948e-36	4.613567182200988e-58	0.007674468161413028	3.3151721953994645e-08	4.7006054101657694e-05	8.712618847935574e-62	3.2437293678128804e-76	4.093177712552323e-13	3.6941829819683463e-07	0.00017960743267602828	4.1250252654839436e-13	1.4821235756163649e-09	3.339832056429885e-19	2.645630115880989e-19	5.355819614243163e-25	4.266005830067152e-25	8.777162532404462e-17	4.4033630637739624e-39	0.00019576223904298952	5.591041406190597e-11	0.0	0.0	0.0	0.0	0.0	0.0	5.0380011371742315	0.12419853224891124	0.49679644829238795	0.0	0.0	0.0	0.0	0.0	0.0	0.0	0.0	0.190800000010904	0.0	0.0	0.0	0.19800006837166845	0.0
2.65	-2.2177792252465825e-08	100.0	1.0	1.44e-10	0.05	0.18	1.0	7.045750742788289	-2.7403316791591337	1.3936457383609067e-07	1.1319999528281365e-07	55.447157680672035	6.983489435008988e-08	2.916549918028621e-10	1.3869917743099084e-08	1.1090777720961502e-09	8.495681380867871e-11	5.788475888536465e-12	2.150942172064861e-12	1.5577982253438394e-12	3.3604800824473635e-17	4.781844220949479e-56	9.848100116289303e-07	3.419035583131562e-06	5.397017124661132e-06	0.0033064459158430983	4.4684649606174084e-05	0.00010088960198789694	2.0996833099938016e-06	0.0005216303214837514	5.940820202739561e-05	6.776557505456644e-08	1.8466192413518666e-09	3.820795522004756e-06	7.832558020697415e-10	3.914729339410353e-06	4.978204278653914e-14	1.0659091841730448e-17	5.605797125990616e-09	0.006065597549740499	0.0014903849765005434	9.16227639363241e-09	5.0559882898642544e-05	5.702780111920844e-07	5.509112843752047e-17	0.04067439238438722	3.956748329250329e-06	0.00030911352484578475	0.00014921279292338973	5.573486784629593e-10	5.4033287458374e-06	6.220224498899567e-06	6.641494768668391e-21	5.410012924849397e-22	8.619436402345836e-25	2.093814883423034e-56	3.5698185951619477e-28	1.8108879132737515e-155	2.761178925459173e-23	3.782229308998881e-18	2.665319401916504e-12	1.1984981736808481e-07	3.82713332284608e-05	1.2685233451233857e-05	2.072147091833915e-11	1.0263976968306267e-19	1.1802429532432227e-14	9.119537659443368e-13	6.065420810179735e-12	4.865160275904689e-16	2.8871088916820726e-17	1.9522151116343677e-20	1.6998482027461007e-19	4.8648541324486103e-20	4.476839415287154e-29	3.553118286891881e-38	2.559725202710232e-32	2.0013160063692397e-12	0.0004955162036263809	1.4865165365350923e-11	1.152703317920547e-05	4.771307168815643e-08	0.00410084723933659	0.0008381050628062987	1.1015479048706244e-08	7.580804991079988e-22	1.0992125247061927e-16	0.03871127187666566	5.955926431089759e-10	0.0010339442516231173	1.6303480452118695e-16	1.62719291329644e-69	6.19349220258346e-11	1.087621521265476e-20	4.253451615661881e-11	7.143377815089295e-23	1.3846163281834015e-27	2.1318432898053746e-33	1.9777942273254084e-39	2.587208877528819e-15	6.141709849061193e-21	8.708372549765826e-18	1.7182849930213417e-27	1.4206075445686994e-34	2.032038440725099e-39	2.849297658192168e-46	4.522782099959758e-15	3.0259619817370753e-15	1.5447737190073904e-20	1.5405271938626046e-20	4.7002043578938745e-31	1.581922462829836e-44	1.3384773329910451e-36	4.613567182202498e-58	0.007674468161412863	3.315172195399641e-08	4.70060541016576e-05	8.712618847936146e-62	3.243729367813305e-76	4.093177712551687e-13	3.694182981968067e-07	0.00017960743267602828	4.1250252654833024e-13	1.4821235756162497e-09	3.33983205642912e-19	2.6456301158803614e-19	5.355819614241542e-25	4.26600583006586e-25	8.77716253240317e-17	4.403363063772017e-39	0.0001957622390429951	5.591041406190277e-11	0.0	0.0	0.0	0.0	0.0	0.0	5.038001137174231	0.12419853224891123	0.4967964482923879	0.0	0.0	0.0	0.0	0.0	0.0	0.0	0.0	0.190800000010904	0.0	0.0	0.0	0.19800006837166845	0.0
2.75	-2.217779308296638e-08	100.0	1.0	1.44e-10	0.05	0.18	1.0	7.045750742788318	-2.740331679159169	1.3936457383609978e-07	1.1319999528280579e-07	55.447157680672035	6.98348943500903e-08	2.9165499180286446e-10	1.3869917743098517e-08	1.1090777720960187e-09	8.495681380866203e-11	5.7884758885353285e-12	2.150942172064289e-12	1.5577982253434317e-12	3.3604800824475287e-17	4.781844220950027e-56	9.848100116289746e-07	3.4190355831317088e-06	5.397017124661121e-06	0.0033064459158430237	4.4684649606173264e-05	0.00010088960198788992	2.0996833099937974e-06	0.0005216303214837072	5.940820202739148e-05	6.776557505457032e-08	1.8466192413518364e-09	3.820795522004756e-06	7.832558020697734e-10	3.914729339410305e-06	4.9782042786538936e-14	1.0659091841729838e-17	5.605797125990708e-09	0.006065597549740176	0.0014903849765004612	9.16227639363256e-09	5.0559882898640165e-05	5.702780111920588e-07	5.509112843751687e-17	0.04067439238438724	3.956748329250345e-06	0.00030911352484578605	0.00014921279292338238	5.573486784629228e-10	5.403328745837455e-06	6.220224498899261e-06	6.641494768667467e-21	5.410012924848689e-22	8.619436402344778e-25	2.0938148834226916e-56	3.5698185951615388e-28	1.8108879132735144e-155	2.7611789254597604e-23	3.7822293089994685e-18	2.665319401916733e-12	1.1984981736808728e-07	3.8271333228458844e-05	1.2685233451233183e-05	2.072147091833881e-11	1.0263976968306435e-19	1.1802429532433868e-14	9.11953765944404e-13	6.06542081017976e-12	4.865160275904331e-16	2.8871088916818606e-17	1.9522151116340963e-20	1.6998482027458645e-19	4.864854132447894e-20	4.4768394152864946e-29	3.553118286891358e-38	2.5597252027098555e-32	2.001316006369305e-12	0.0004955162036263809	1.4865165365351954e-11	1.1527033179205377e-05	4.771307168815721e-08	0.004100847239336371	0.0008381050628062524	1.1015479048706446e-08	7.580804991080485e-22	1.0992125247061253e-16	0.038711271876665676	5.955926431090149e-10	0.001033944251623108	1.630348045211843e-16	1.6271929132963335e-69	6.193492202583663e-11	1.087621521265574e-20	4.253451615661724e-11	7.14337781508947e-23	1.3846163281833561e-27	2.1318432898052e-33	1.9777942273250848e-39	2.5872088775287555e-15	6.141709849060641e-21	8.708372549765826e-18	1.718284993021089e-27	1.4206075445686297e-34	2.0320384407248664e-39	2.849297658191702e-46	4.522782099959795e-15	3.0259619817369266e-15	1.544773719007201e-20	1.5405271938624156e-20	4.700204357893337e-31	1.5819224628294995e-44	1.3384773329906948e-36	4.613567182201139e-58	0.007674468161412761	3.3151721953993904e-08	4.7006054101657694e-05	8.712618847935432e-62	3.243729367812774e-76	4.093177712552206e-13	3.6941829819683013e-07	0.00017960743267602828	4.1250252654838255e-13	1.4821235756163467e-09	3.3398320564297757e-19	2.6456301158808593e-19	5.3558196142429e-25	4.266005830066942e-25	8.777162532404247e-17	4.403363063773602e-39	0.0001957622390429961	5.5910414061907345e-11	0.0	0.0	0.0	0.0	0.0	0.0	5.038001137174231	0.12419853224891123	0.49679644829238795	0.0	0.0	0.0	0.0	0.0	0.0	0.0	0.0	0.190800000010904	0.0	0.0	0.0	0.19800006837166848	0.0
2.925	-2.2177788610728983e-08	250.0	1.0	1.44e-10	0.125	0.18	1.0	7.04575074278825	-2.740331679159091	1.393645738360787e-07	1.1319999528282384e-07	55.447157680672035	6.98348943500883e-08	2.9165499180285495e-10	1.3869917743100219e-08	1.1090777720963315e-09	8.495681380869991e-11	5.788475888537909e-12	2.1509421720656084e-12	1.55779822534426e-12	3.3604800824473086e-17	4.781844220949009e-56	9.848100116288215e-07	3.4190355831311984e-06	5.397017124661132e-06	0.00330644591584302	4.468464960617308e-05	0.00010088960198790591	2.0996833099938016e-06	0.0005216303214837856	5.940820202740096e-05	6.77655750545634e-08	1.846619241351874e-09	3.820795522004756e-06	7.83255802069655e-10	3.9147293394105295e-06	4.978204278653323e-14	1.0659091841730884e-17	5.605797125990753e-09	0.006065597549741212	0.0014903849765006121	9.162276393632635e-09	5.055988289864823e-05	5.702780111921474e-07	5.509112843752498e-17	0.0406743923843872	3.95674832925032e-06	0.0003091135248457845	0.00014921279292340634	5.573486784630072e-10	5.403328745837764e-06	6.220224498900266e-06	6.641494768669803e-21	5.410012924850459e-22	8.619436402347527e-25	2.0938148834234106e-56	3.5698185951626486e-28	1.81088791327387e-155	2.761178925458541e-23	3.782229308998324e-18	2.665319401916319e-12	1.1984981736808825e-07	3.827133322846534e-05	1.2685233451234453e-05	2.0721470918340164e-11	1.0263976968306099e-19	1.180242953243044e-14	9.119537659442772e-13	6.0654208101799336e-12	4.865160275905266e-16	2.887108891682427e-17	1.952215111634799e-20	1.699848202746337e-19	4.8648541324489684e-20	4.476839415288289e-29	3.5531182868929856e-38	2.559725202710672e-32	2.001316006369207e-12	0.0004955162036263814	1.4865165365349585e-11	1.152703317920474e-05	4.77130716881577e-08	0.004100847239337072	0.0008381050628063372	1.1015479048706537e-08	7.580804991080918e-22	1.0992125247062827e-16	0.03871127187666574	5.955926431089223e-10	0.0010339442516230496	1.6303480452118227e-16	1.6271929132964933e-69	6.19349220258308e-11	1.087621521265316e-20	4.253451615661967e-11	7.143377815088536e-23	1.3846163281833222e-27	2.1318432898053746e-33	1.977794227325473e-39	2.5872088775287448e-15	6.141709849061495e-21	8.708372549766111e-18	1.7182849930215946e-27	1.4206075445687227e-34	2.0320384407252654e-39	2.8492976581927275e-46	4.52278209995937e-15	3.0259619817370875e-15	1.5447737190075168e-20	1.5405271938627433e-20	4.7002043578938745e-31	1.5819224628299396e-44	1.3384773329911985e-36	4.613567182203177e-58	0.007674468161412392	3.3151721953997226e-08	4.7006054101657694e-05	8.712618847936572e-62	3.2437293678135174e-76	4.093177712550984e-13	3.6941829819677417e-07	0.00017960743267602828	4.125025265482594e-13	1.4821235756161223e-09	3.3398320564283004e-19	2.645630115879712e-19	5.355819614239789e-25	4.266005830064464e-25	8.777162532401663e-17	4.4033630637699285e-39	0.00019576223904300933	5.5910414061902084e-11	0.0	0.0	0.0	0.0	0.0	0.0	5.0380011371742315	0.12419853224891123	0.4967964482923878	0.0	0.0	0.0	0.0	0.0	0.0	0.0	0.0	0.190800000010904	0.0	0.0	0.0	0.19800006837166848	0.0
3.175	-2.2177786083044605e-08	250.0	1.0	1.44e-10	0.125	0.18	1.0	7.04575074278823	-2.7403316791590653	1.3936457383607215e-07	1.1319999528282916e-07	55.44715768067203	6.983489435008773e-08	2.9165499180285014e-10	1.3869917743100672e-08	1.1090777720964178e-09	8.495681380871172e-11	5.788475888538738e-12	2.150942172066022e-12	1.5577982253445085e-12	3.3604800824469235e-17	4.781844220948228e-56	9.848100116287268e-07	3.4190355831308977e-06	5.397017124661132e-06	0.003306445915842865	4.46846496061708e-05	0.00010088960198791107	2.0996833099938016e-06	0.0005216303214837856	5.940820202740387e-05	6.776557505455813e-08	1.846619241351889e-09	3.820795522004756e-06	7.832558020695876e-10	3.914729339410409e-06	4.978204278652712e-14	1.0659091841730536e-17	5.605797125991052e-09	0.006065597549741844	0.0014903849765007325	9.162276393633121e-09	5.055988289865309e-05	5.702780111921987e-07	5.5091128437527233e-17	0.04067439238438718	3.956748329250313e-06	0.0003091135248457832	0.00014921279292342068	5.573486784630299e-10	5.403328745837853e-06	6.220224498900839e-06	6.641494768670781e-21	5.4100129248513e-22	8.619436402348796e-25	2.0938148834236506e-56	3.569818595163174e-28	1.8108879132739885e-155	2.761178925458292e-23	3.782229308998169e-18	2.665319401916319e-12	1.1984981736809437e-07	3.8271333228469334e-05	1.2685233451235465e-05	2.072147091834076e-11	1.026397696830568e-19	1.1802429532430151e-14	9.119537659442958e-13	6.065420810180306e-12	4.865160275905823e-16	2.887108891682734e-17	1.9522151116351342e-20	1.6998482027465735e-19	4.8648541324495655e-20	4.476839415289388e-29	3.5531182868940317e-38	2.559725202710944e-32	2.0013160063691416e-12	0.0004955162036263819	1.4865165365348855e-11	1.1527033179204552e-05	4.771307168816014e-08	0.0041008472393375	0.000838105062806405	1.1015479048707123e-08	7.580804991082717e-22	1.0992125247063321e-16	0.03871127187666576	5.955926431088907e-10	0.0010339442516230338	1.6303480452117428e-16	1.6271929132965466e-69	6.193492202582676e-11	1.0876215212651914e-20	4.253451615661863e-11	7.143377815087718e-23	1.3846163281831862e-27	2.1318432898051652e-33	1.9777942273253112e-39	2.587208877528639e-15	6.141709849061495e-21	8.708372549765897e-18	1.718284993021679e-27	1.420607544568676e-34	2.0320384407252983e-39	2.849297658192867e-46	4.5227820999592405e-15	3.0259619817371123e-15	1.544773719007605e-20	1.5405271938628188e-20	4.70020435789399e-31	1.5819224628300173e-44	1.3384773329912641e-36	4.61356718220363e-58	0.007674468161412322	3.315172195399817e-08	4.7006054101657694e-05	8.712618847937e-62	3.243729367813836e-76	4.093177712550632e-13	3.6941829819675755e-07	0.00017960743267602828	4.1250252654822397e-13	1.4821235756160557e-09	3.3398320564278907e-19	2.6456301158793874e-19	5.3558196142389565e-25	4.266005830063801e-25	8.777162532400873e-17	4.4033630637689914e-39	0.00019576223904301432	5.5910414061900255e-11	0.0	0.0	0.0	0.0	0.0	0.0	5.038001137174231	0.12419853224891121	0.4967964482923877	0.0	0.0	0.0	0.0	0.0	0.0	0.0	0.0	0.190800000010904	0.0	0.0	0.0	0.19800006837166848	0.0
3.425	-2.2177787443437964e-08	250.0	1.0	1.44e-10	0.125	0.18	1.0	7.0457507427882335	-2.7403316791590697	1.3936457383607328e-07	1.1319999528282823e-07	55.447157680672035	6.983489435008887e-08	2.9165499180285014e-10	1.3869917743100672e-08	1.1090777720964178e-09	8.495681380870999e-11	5.7884758885386194e-12	2.1509421720659518e-12	1.557798225344483e-12	3.3604800824471435e-17	4.781844220948619e-56	9.848100116287753e-07	3.4190355831310515e-06	5.397017124661132e-06	0.003306445915842997	4.468464960617263e-05	0.00010088960198790994	2.0996833099938016e-06	0.0005216303214838027	5.940820202740326e-05	6.776557505456061e-08	1.846619241351889e-09	3.820795522004756e-06	7.832558020696229e-10	3.9147293394105295e-06	4.97820427865312e-14	1.0659091841730972e-17	5.605797125990776e-09	0.006065597549741522	0.00149038497650067	9.16227639363271e-09	5.055988289865061e-05	5.702780111921731e-07	5.509112843752633e-17	0.0406743923843872	3.95674832925032e-06	0.0003091135248457838	0.00014921279292341336	5.573486784630277e-10	5.403328745837798e-06	6.220224498900546e-06	6.641494768670401e-21	5.41001292485099e-22	8.619436402348374e-25	2.093814883423616e-56	3.569818595162999e-28	1.8108879132739885e-155	2.761178925458247e-23	3.7822293089980764e-18	2.6653194019162316e-12	1.1984981736808947e-07	3.8271333228467294e-05	1.2685233451234946e-05	2.072147091833974e-11	1.0263976968305176e-19	1.1802429532429765e-14	9.119537659442586e-13	6.065420810180058e-12	4.865160275905565e-16	2.887108891682592e-17	1.9522151116350066e-20	1.6998482027464902e-19	4.864854132449366e-20	4.476839415288875e-29	3.5531182868935087e-38	2.5597252027108813e-32	2.0013160063691497e-12	0.0004955162036263819	1.4865165365348975e-11	1.1527033179204645e-05	4.771307168815809e-08	0.004100847239337281	0.0008381050628063698	1.1015479048706626e-08	7.580804991081291e-22	1.0992125247063096e-16	0.03871127187666574	5.955926431088956e-10	0.0010339442516230412	1.630348045211796e-16	1.6271929132965466e-69	6.193492202582676e-11	1.0876215212652003e-20	4.2534516156618284e-11	7.143377815087718e-23	1.3846163281831636e-27	2.1318432898050957e-33	1.9777942273252143e-39	2.5872088775287132e-15	6.141709849061645e-21	8.708372549766111e-18	1.7182849930217073e-27	1.4206075445686994e-34	2.0320384407252983e-39	2.849297658192867e-46	4.5227820999592775e-15	3.025961981737137e-15	1.544773719007605e-20	1.5405271938628188e-20	4.700204357894029e-31	1.5819224628300173e-44	1.338477332991286e-36	4.61356718220363e-58	0.007674468161412361	3.315172195399817e-08	4.7006054101657694e-05	8.712618847937142e-62	3.243729367813836e-76	4.0931777125506826e-13	3.694182981967606e-07	0.00017960743267602828	4.12502526548229e-13	1.4821235756160677e-09	3.339832056427945e-19	2.6456301158794307e-19	5.355819614239044e-25	4.266005830063871e-25	8.777162532401016e-17	4.403363063769064e-39	0.00019576223904301172	5.5910414061900255e-11	0.0	0.0	0.0	0.0	0.0	0.0	5.0380011371742315	0.12419853224891123	0.4967964482923877	0.0	0.0	0.0	0.0	0.0	0.0	0.0	0.0	0.190800000010904	0.0	0.0	0.0	0.19800006837166848	0.0
3.675	-2.2177788050957102e-08	250.0	1.0	1.44e-10	0.125	0.18	1.0	7.0457507427882415	-2.7403316791590764	1.3936457383607585e-07	1.1319999528282616e-07	55.44715768067203	6.98348943500883e-08	2.9165499180285257e-10	1.3869917743100333e-08	1.109077772096368e-09	8.495681380870582e-11	5.788475888538312e-12	2.150942172065811e-12	1.5577982253444511e-12	3.3604800824468963e-17	4.781844220948306e-56	9.848100116287651e-07	3.4190355831310375e-06	5.397017124661132e-06	0.0033064459158429122	4.4684649606171346e-05	0.00010088960198790817	2.0996833099938016e-06	0.0005216303214837792	5.940820202740217e-05	6.776557505455674e-08	1.8466192413518967e-09	3.820795522004756e-06	7.832558020696197e-10	3.9147293394102255e-06	4.9782042786529975e-14	1.0659091841730448e-17	5.605797125990937e-09	0.006065597549741596	0.0014903849765007583	9.162276393632934e-09	5.055988289865092e-05	5.702780111921754e-07	5.509112843752813e-17	0.0406743923843872	3.956748329250304e-06	0.0003091135248457826	0.00014921279292341458	5.573486784630163e-10	5.403328745837521e-06	6.220224498900597e-06	6.641494768670347e-21	5.410012924850946e-22	8.619436402348302e-25	2.093814883423548e-56	3.5698185951629405e-28	1.8108879132739885e-155	2.7611789254584504e-23	3.782229308998262e-18	2.6653194019163516e-12	1.1984981736809268e-07	3.827133322846777e-05	1.2685233451235698e-05	2.072147091834008e-11	1.0263976968305511e-19	1.1802429532430634e-14	9.119537659443032e-13	6.065420810180231e-12	4.865160275905644e-16	2.8871088916826396e-17	1.9522151116350066e-20	1.6998482027465598e-19	4.864854132449844e-20	4.4768394152890584e-29	3.553118286893741e-38	2.5597252027109235e-32	2.0013160063691335e-12	0.0004955162036263814	1.486516536534922e-11	1.152703317920521e-05	4.7713071688159356e-08	0.0041008472393373315	0.0008381050628064195	1.1015479048706898e-08	7.580804991082283e-22	1.0992125247063456e-16	0.0387112718766657	5.955926431089053e-10	0.001033944251623093	1.6303480452118293e-16	1.6271929132966e-69	6.193492202582726e-11	1.0876215212652269e-20	4.2534516156617935e-11	7.143377815087893e-23	1.3846163281831862e-27	2.1318432898051652e-33	1.9777942273252143e-39	2.587208877528787e-15	6.141709849061696e-21	8.708372549765826e-18	1.718284993021679e-27	1.4206075445687924e-34	2.0320384407253982e-39	2.8492976581929605e-46	4.522782099959481e-15	3.025961981737199e-15	1.544773719007605e-20	1.5405271938628188e-20	4.70020435789422e-31	1.5819224628301208e-44	1.3384773329913737e-36	4.613567182203781e-58	0.007674468161412777	3.3151721953999396e-08	4.7006054101657694e-05	8.712618847937427e-62	3.243729367814048e-76	4.0931777125508497e-13	3.6941829819676666e-07	0.00017960743267602828	4.125025265482459e-13	1.4821235756160921e-09	3.3398320564281362e-19	2.6456301158795824e-19	5.355819614239526e-25	4.266005830064255e-25	8.777162532401303e-17	4.40336306376964e-39	0.00019576223904300253	5.5910414061898427e-11	0.0	0.0	0.0	0.0	0.0	0.0	5.0380011371742315	0.12419853224891121	0.4967964482923877	0.0	0.0	0.0	0.0	0.0	0.0	0.0	0.0	0.190800000010904	0.0	0.0	0.0	0.19800006837166845	0.0
3.925	-2.2177786101977486e-08	250.0	1.0	1.44e-10	0.125	0.18	1.0	7.045750742788239	-2.740331679159075	1.39364573836075e-07	1.1319999528282685e-07	55.447157680672035	6.983489435008773e-08	2.9165499180285014e-10	1.3869917743100446e-08	1.1090777720963816e-09	8.495681380870686e-11	5.788475888538383e-12	2.150942172065846e-12	1.5577982253443875e-12	3.3604800824469235e-17	4.781844220948306e-56	9.848100116287308e-07	3.4190355831309045e-06	5.397017124661132e-06	0.0033064459158428107	4.4684649606170065e-05	0.000100889601987909	2.0996833099938016e-06	0.0005216303214837643	5.940820202740266e-05	6.77655750545584e-08	1.846619241351889e-09	3.820795522004756e-06	7.832558020695908e-10	3.914729339410345e-06	4.978204278652651e-14	1.0659091841730274e-17	5.605797125991143e-09	0.00606559754974182	0.0014903849765007249	9.162276393633272e-09	5.0559882898652884e-05	5.702780111921975e-07	5.509112843752633e-17	0.04067439238438718	3.956748329250313e-06	0.0003091135248457832	0.00014921279292342022	5.573486784630186e-10	5.403328745837853e-06	6.220224498900826e-06	6.641494768670619e-21	5.410012924851167e-22	8.619436402348655e-25	2.093814883423582e-56	3.5698185951631154e-28	1.810887913274107e-155	2.7611789254584727e-23	3.782229308998324e-18	2.665319401916428e-12	1.1984981736809585e-07	3.82713332284691e-05	1.2685233451235414e-05	2.072147091834076e-11	1.026397696830568e-19	1.180242953243073e-14	9.119537659443182e-13	6.0654208101804045e-12	4.865160275905823e-16	2.887108891682734e-17	1.9522151116350863e-20	1.6998482027465179e-19	4.8648541324494463e-20	4.476839415289351e-29	3.553118286894148e-38	2.5597252027108397e-32	2.0013160063691497e-12	0.0004955162036263819	1.486516536534916e-11	1.1527033179204528e-05	4.771307168816092e-08	0.004100847239337483	0.0008381050628064006	1.1015479048707303e-08	7.580804991083151e-22	1.0992125247063096e-16	0.03871127187666574	5.955926431089029e-10	0.0010339442516230318	1.6303480452117162e-16	1.6271929132965466e-69	6.193492202582676e-11	1.087621521265218e-20	4.2534516156617935e-11	7.143377815087776e-23	1.3846163281831409e-27	2.131843289805026e-33	1.9777942273251494e-39	2.5872088775285965e-15	6.141709849061294e-21	8.708372549765755e-18	1.7182849930215667e-27	1.4206075445686064e-34	2.0320384407251655e-39	2.849297658192634e-46	4.5227820999592215e-15	3.025961981737038e-15	1.5447737190075418e-20	1.540527193862756e-20	4.700204357893759e-31	1.5819224628299137e-44	1.338477332991111e-36	4.613567182202875e-58	0.007674468161412306	3.31517219539975e-08	4.7006054101657694e-05	8.712618847936857e-62	3.2437293678136236e-76	4.0931777125507997e-13	3.694182981967651e-07	0.00017960743267602828	4.1250252654824083e-13	1.482123575616086e-09	3.339832056428082e-19	2.645630115879539e-19	5.35581961423935e-25	4.2660058300641155e-25	8.777162532401231e-17	4.403363063769424e-39	0.00019576223904301413	5.5910414061901625e-11	0.0	0.0	0.0	0.0	0.0	0.0	5.0380011371742315	0.12419853224891121	0.49679644829238767	0.0	0.0	0.0	0.0	0.0	0.0	0.0	0.0	0.190800000010904	0.0	0.0	0.0	0.19800006837166845	0.0
4.175	-2.2177791448781483e-08	250.0	1.0	1.44e-10	0.125	0.18	1.0	7.045750742788287	-2.7403316791591315	1.393645738360901e-07	1.1319999528281411e-07	55.447157680672035	6.983489435008872e-08	2.916549918028621e-10	1.3869917743099198e-08	1.1090777720961638e-09	8.495681380867941e-11	5.788475888536536e-12	2.150942172064896e-12	1.5577982253438459e-12	3.360480082447281e-17	4.7818442209494e-56	9.848100116289062e-07	3.419035583131485e-06	5.397017124661132e-06	0.0033064459158430306	4.468464960617317e-05	0.00010088960198789735	2.0996833099938016e-06	0.000521630321483743	5.9408202027395855e-05	6.776557505456588e-08	1.8466192413518666e-09	3.820795522004756e-06	7.832558020697223e-10	3.914729339410337e-06	4.978204278653731e-14	1.0659091841730274e-17	5.605797125990731e-09	0.006065597549740653	0.0014903849765005618	9.162276393632635e-09	5.0559882898643784e-05	5.702780111920984e-07	5.509112843752047e-17	0.04067439238438722	3.956748329250329e-06	0.0003091135248457845	0.00014921279292339323	5.573486784629616e-10	5.403328745837488e-06	6.2202244988997064e-06	6.6414947686686085e-21	5.41001292484953e-22	8.619436402346117e-25	2.0938148834230683e-56	3.5698185951620643e-28	1.8108879132737515e-155	2.761178925459173e-23	3.7822293089989115e-18	2.6653194019165474e-12	1.1984981736808728e-07	3.827133322846182e-05	1.2685233451234013e-05	2.0721470918339234e-11	1.0263976968306016e-19	1.1802429532432469e-14	9.119537659443592e-13	6.0654208101799085e-12	4.865160275904809e-16	2.8871088916821435e-17	1.9522151116344475e-20	1.6998482027461286e-19	4.86485413244869e-20	4.47683941528741e-29	3.553118286892172e-38	2.5597252027102535e-32	2.0013160063692397e-12	0.0004955162036263809	1.4865165365350862e-11	1.152703317920533e-05	4.7713071688157404e-08	0.004100847239336695	0.0008381050628063089	1.1015479048706514e-08	7.58080499108067e-22	1.0992125247061927e-16	0.038711271876665676	5.955926431089735e-10	0.0010339442516231047	1.630348045211836e-16	1.62719291329644e-69	6.193492202583334e-11	1.0876215212654405e-20	4.253451615661776e-11	7.143377815088886e-23	1.3846163281833109e-27	2.131843289805235e-33	1.9777942273252143e-39	2.5872088775287555e-15	6.141709849061043e-21	8.708372549765755e-18	1.7182849930213134e-27	1.420607544568676e-34	2.0320384407250324e-39	2.849297658192121e-46	4.522782099959684e-15	3.025961981737063e-15	1.5447737190073778e-20	1.540527193862592e-20	4.700204357893759e-31	1.5819224628297584e-44	1.3384773329909795e-36	4.613567182202347e-58	0.007674468161412777	3.315172195399614e-08	4.700605410165779e-05	8.712618847936287e-62	3.243729367813305e-76	4.0931777125516535e-13	3.694182981968052e-07	0.00017960743267602828	4.1250252654832686e-13	1.4821235756162497e-09	3.33983205642912e-19	2.6456301158803614e-19	5.355819614241498e-25	4.266005830065825e-25	8.777162532403099e-17	4.403363063772017e-39	0.00019576223904299852	5.591041406190391e-11	0.0	0.0	0.0	0.0	0.0	0.0	5.038001137174231	0.12419853224891123	0.4967964482923879	0.0	0.0	0.0	0.0	0.0	0.0	0.0	0.0	0.190800000010904	0.0	0.0	0.0	0.19800006837166845	0.0
4.425	-2.217778532613258e-08	250.0	1.0	1.44e-10	0.125	0.18	1.0	7.0457507427882184	-2.7403316791590484	1.3936457383606873e-07	1.131999952828324e-07	55.447157680672035	6.983489435008616e-08	2.9165499180284776e-10	1.3869917743100786e-08	1.1090777720964722e-09	8.495681380871763e-11	5.788475888539117e-12	2.150942172066242e-12	1.557798225344687e-12	3.3604800824467034e-17	4.7818442209478365e-56	9.848100116286745e-07	3.419035583130737e-06	5.397017124661121e-06	0.003306445915842787	4.4684649606169604e-05	0.00010088960198791365	2.0996833099937974e-06	0.000521630321483785	5.940820202740545e-05	6.776557505455314e-08	1.8466192413519118e-09	3.820795522004756e-06	7.832558020695492e-10	3.914729339410233e-06	4.978204278652488e-14	1.065909184173036e-17	5.605797125991189e-09	0.0060655975497421796	0.0014903849765008346	9.162276393633384e-09	5.0559882898655574e-05	5.702780111922267e-07	5.509112843753174e-17	0.04067439238438718	3.956748329250297e-06	0.0003091135248457819	0.00014921279292342803	5.573486784630437e-10	5.403328745837731e-06	6.220224498901169e-06	6.6414947686714335e-21	5.410012924851743e-22	8.619436402349571e-25	2.0938148834238217e-56	3.569818595163495e-28	1.8108879132742255e-155	2.7611789254581565e-23	3.7822293089980456e-18	2.665319401916308e-12	1.198498173680973e-07	3.827133322847145e-05	1.2685233451236373e-05	2.0721470918340927e-11	1.026397696830526e-19	1.180242953242991e-14	9.119537659442958e-13	6.065420810180554e-12	4.865160275906161e-16	2.8871088916829465e-17	1.952215111635326e-20	1.6998482027467543e-19	4.864854132450202e-20	4.476839415290047e-29	3.553118286894729e-38	2.5597252027112584e-32	2.0013160063691008e-12	0.0004955162036263814	1.486516536534843e-11	1.1527033179204764e-05	4.771307168816121e-08	0.004100847239337726	0.0008381050628064623	1.1015479048707371e-08	7.580804991083523e-22	1.099212524706422e-16	0.03871127187666574	5.95592643108876e-10	0.001033944251623054	1.630348045211796e-16	1.627192913296653e-69	6.193492202582397e-11	1.0876215212651202e-20	4.253451615661776e-11	7.143377815087308e-23	1.3846163281830957e-27	2.131843289805061e-33	1.977794227325182e-39	2.587208877528734e-15	6.141709849061846e-21	8.708372549765968e-18	1.7182849930218196e-27	1.4206075445687458e-34	2.0320384407253982e-39	2.8492976581931e-46	4.522782099959203e-15	3.0259619817371743e-15	1.5447737190076682e-20	1.5405271938628943e-20	4.700204357894143e-31	1.5819224628301208e-44	1.3384773329913518e-36	4.613567182203856e-58	0.007674468161412526	3.3151721953999866e-08	4.7006054101657694e-05	8.712618847937856e-62	3.2437293678142605e-76	4.093177712550431e-13	3.694182981967485e-07	0.00017960743267602828	4.125025265482037e-13	1.4821235756160253e-09	3.3398320564276447e-19	2.6456301158792145e-19	5.355819614238474e-25	4.2660058300634175e-25	8.777162532400514e-17	4.403363063768488e-39	0.00019576223904301093	5.5910414061897735e-11	0.0	0.0	0.0	0.0	0.0	0.0	5.0380011371742315	0.12419853224891121	0.4967964482923876	0.0	0.0	0.0	0.0	0.0	0.0	0.0	0.0	0.190800000010904	0.0	0.0	0.0	0.19800006837166848	0.0
4.675	-2.21777870102416e-08	250.0	1.0	1.44e-10	0.125	0.18	1.0	7.045750742788226	-2.74033167915906	1.39364573836071e-07	1.1319999528283033e-07	55.447157680672035	6.983489435008887e-08	2.9165499180285495e-10	1.3869917743100899e-08	1.1090777720964542e-09	8.49568138087145e-11	5.788475888538927e-12	2.150942172066119e-12	1.5577982253446296e-12	3.360480082446979e-17	4.781844220948306e-56	9.84810011628737e-07	3.4190355831309397e-06	5.397017124661121e-06	0.0033064459158429326	4.468464960617162e-05	0.00010088960198791148	2.0996833099937974e-06	0.0005216303214837984	5.9408202027404115e-05	6.776557505455674e-08	1.8466192413519042e-09	3.820795522004756e-06	7.832558020695973e-10	3.9147293394103695e-06	4.9782042786529564e-14	1.0659091841730884e-17	5.605797125990914e-09	0.006065597549741763	0.0014903849765007583	9.162276393632896e-09	5.055988289865237e-05	5.702780111921917e-07	5.509112843753039e-17	0.04067439238438718	3.956748329250304e-06	0.0003091135248457826	0.00014921279292341857	5.573486784630345e-10	5.403328745837687e-06	6.220224498900775e-06	6.64149476867089e-21	5.4100129248513e-22	8.619436402348868e-25	2.093814883423719e-56	3.5698185951632324e-28	1.810887913274107e-155	2.7611789254581565e-23	3.782229308998015e-18	2.6653194019162534e-12	1.1984981736809143e-07	3.827133322846886e-05	1.2685233451235724e-05	2.0721470918340588e-11	1.0263976968305596e-19	1.1802429532429765e-14	9.119537659442734e-13	6.065420810180256e-12	4.865160275905823e-16	2.887108891682758e-17	1.95221511163515e-20	1.699848202746629e-19	4.8648541324499236e-20	4.476839415289388e-29	3.5531182868940897e-38	2.5597252027111326e-32	2.0013160063691254e-12	0.0004955162036263814	1.486516536534867e-11	1.152703317920488e-05	4.7713071688158966e-08	0.004100847239337445	0.0008381050628064195	1.1015479048706853e-08	7.580804991082035e-22	1.099212524706386e-16	0.03871127187666572	5.955926431088858e-10	0.0010339442516230657	1.6303480452118495e-16	1.6271929132966e-69	6.193492202582676e-11	1.0876215212651914e-20	4.253451615661898e-11	7.143377815087834e-23	1.3846163281832316e-27	2.131843289805235e-33	1.9777942273254084e-39	2.5872088775288083e-15	6.141709849061947e-21	8.708372549766182e-18	1.7182849930218196e-27	1.4206075445687458e-34	2.0320384407253982e-39	2.849297658193054e-46	4.522782099959351e-15	3.0259619817372113e-15	1.5447737190076682e-20	1.5405271938628943e-20	4.7002043578942975e-31	1.5819224628301726e-44	1.3384773329914394e-36	4.613567182204234e-58	0.007674468161412573	3.315172195399953e-08	4.7006054101657694e-05	8.71261884793757e-62	3.243729367814048e-76	4.093177712550582e-13	3.6941829819675453e-07	0.00017960743267602847	4.1250252654821887e-13	1.4821235756160435e-09	3.339832056427836e-19	2.6456301158793224e-19	5.355819614238825e-25	4.266005830063697e-25	8.777162532400801e-17	4.403363063768848e-39	0.0001957622390430081	5.591041406189797e-11	0.0	0.0	0.0	0.0	0.0	0.0	5.038001137174231	0.12419853224891123	0.49679644829238767	0.0	0.0	0.0	0.0	0.0	0.0	0.0	0.0	0.190800000010904	0.0	0.0	0.0	0.19800006837166845	0.0
4.925	-2.2177784193453014e-08	250.0	1.0	1.44e-10	0.125	0.18	1.0	7.04575074278821	-2.74033167915904	1.3936457383606587e-07	1.1319999528283472e-07	55.447157680672035	6.98348943500873e-08	2.91654991802843e-10	1.3869917743101127e-08	1.1090777720965176e-09	8.495681380872284e-11	5.788475888539495e-12	2.150942172066418e-12	1.557798225344757e-12	3.360480082446786e-17	4.781844220947758e-56	9.848100116286544e-07	3.4190355831306597e-06	5.397017124661132e-06	0.0033064459158427804	4.4684649606169516e-05	0.00010088960198791571	2.0996833099938016e-06	0.0005216303214837958	5.940820202740666e-05	6.776557505455397e-08	1.8466192413519118e-09	3.820795522004756e-06	7.832558020695333e-10	3.9147293394103695e-06	4.9782042786523253e-14	1.0659091841730536e-17	5.605797125991189e-09	0.006065597549742316	0.0014903849765008162	9.162276393633384e-09	5.0559882898656815e-05	5.702780111922384e-07	5.509112843753084e-17	0.04067439238438716	3.956748329250297e-06	0.0003091135248457819	0.00014921279292343152	5.573486784630551e-10	5.40332874583793e-06	6.220224498901296e-06	6.641494768671705e-21	5.410012924851964e-22	8.619436402349924e-25	2.0938148834238906e-56	3.5698185951636414e-28	1.8108879132742255e-155	2.761178925457976e-23	3.782229308997891e-18	2.6653194019162643e-12	1.198498173680978e-07	3.827133322847231e-05	1.2685233451236191e-05	2.0721470918341182e-11	1.0263976968305344e-19	1.1802429532429523e-14	9.119537659442883e-13	6.065420810180554e-12	4.865160275906261e-16	2.8871088916830174e-17	1.9522151116354056e-20	1.6998482027467682e-19	4.864854132450043e-20	4.47683941529023e-29	3.5531182868949035e-38	2.5597252027112584e-32	2.0013160063690842e-12	0.0004955162036263819	1.4865165365348125e-11	1.1527033179204362e-05	4.771307168816141e-08	0.004100847239337818	0.000838105062806452	1.101547904870746e-08	7.580804991083647e-22	1.0992125247063996e-16	0.03871127187666576	5.955926431088639e-10	0.001033944251623018	1.6303480452117361e-16	1.627192913296653e-69	6.193492202582346e-11	1.0876215212650934e-20	4.2534516156618284e-11	7.143377815087192e-23	1.3846163281830844e-27	2.131843289805061e-33	1.977794227325182e-39	2.5872088775286284e-15	6.141709849061746e-21	8.708372549765968e-18	1.7182849930218196e-27	1.4206075445687227e-34	2.0320384407254314e-39	2.8492976581931935e-46	4.522782099959055e-15	3.025961981737137e-15	1.5447737190076808e-20	1.5405271938628943e-20	4.700204357894029e-31	1.581922462830095e-44	1.3384773329913298e-36	4.613567182203856e-58	0.007674468161412243	3.3151721953999396e-08	4.7006054101657694e-05	8.712618847937427e-62	3.243729367814048e-76	4.0931777125502807e-13	3.694182981967417e-07	0.00017960743267602847	4.1250252654818853e-13	1.4821235756159951e-09	3.3398320564274805e-19	2.645630115879041e-19	5.35581961423808e-25	4.266005830063103e-25	8.777162532400154e-17	4.403363063768055e-39	0.00019576223904301814	5.591041406189865e-11	0.0	0.0	0.0	0.0	0.0	0.0	5.0380011371742315	0.12419853224891121	0.49679644829238767	0.0	0.0	0.0	0.0	0.0	0.0	0.0	0.0	0.190800000010904	0.0	0.0	0.0	0.19800006837166845	0.0
5.175	-2.2177794895283156e-08	250.0	1.0	1.44e-10	0.125	0.18	1.0	7.045750742788324	-2.7403316791591754	1.393645738361018e-07	1.1319999528280416e-07	55.447157680672035	6.983489435009087e-08	2.916549918028669e-10	1.386991774309829e-08	1.1090777720959868e-09	8.495681380865925e-11	5.7884758885351394e-12	2.1509421720641657e-12	1.5577982253433998e-12	3.3604800824475287e-17	4.781844220950105e-56	9.84810011629027e-07	3.4190355831318765e-06	5.397017124661132e-06	0.0033064459158431455	4.468464960617491e-05	0.00010088960198788847	2.0996833099938016e-06	0.0005216303214837178	5.940820202739063e-05	6.776557505457143e-08	1.8466192413518364e-09	3.820795522004756e-06	7.832558020698119e-10	3.9147293394103136e-06	4.978204278654321e-14	1.0659091841730012e-17	5.605797125990524e-09	0.006065597549739859	0.0014903849765004397	9.16227639363226e-09	5.0559882898637685e-05	5.702780111920308e-07	5.509112843751597e-17	0.04067439238438724	3.956748329250345e-06	0.00030911352484578605	0.00014921279292337506	5.57348678462916e-10	5.403328745837267e-06	6.220224498898943e-06	6.6414947686670324e-21	5.410012924848335e-22	8.619436402344214e-25	2.0938148834226228e-56	3.569818595161305e-28	1.8108879132735144e-155	2.761178925459783e-23	3.782229308999438e-18	2.6653194019166783e-12	1.1984981736808262e-07	3.827133322845681e-05	1.2685233451232974e-05	2.072147091833847e-11	1.0263976968306603e-19	1.1802429532433772e-14	9.119537659443816e-13	6.065420810179537e-12	4.865160275904092e-16	2.887108891681719e-17	1.9522151116339684e-20	1.699848202745809e-19	4.864854132447934e-20	4.476839415286019e-29	3.5531182868908343e-38	2.559725202709772e-32	2.001316006369297e-12	0.0004955162036263804	1.4865165365352138e-11	1.1527033179205777e-05	4.771307168815555e-08	0.004100847239336158	0.0008381050628062404	1.101547904870604e-08	7.580804991079307e-22	1.0992125247061028e-16	0.03871127187666562	5.955926431090247e-10	0.0010339442516231437	1.6303480452118961e-16	1.6271929132963335e-69	6.193492202583866e-11	1.0876215212656273e-20	4.253451615661811e-11	7.143377815089938e-23	1.3846163281834695e-27	2.1318432898054095e-33	1.9777942273253435e-39	2.5872088775288403e-15	6.1417098490607915e-21	8.708372549765755e-18	1.718284993021089e-27	1.420607544568653e-34	2.0320384407248664e-39	2.8492976581916085e-46	4.5227820999599615e-15	3.025961981737001e-15	1.5447737190072135e-20	1.5405271938624408e-20	4.700204357893567e-31	1.581922462829603e-44	1.3384773329907605e-36	4.613567182201366e-58	0.00767446816141302	3.315172195399451e-08	4.7006054101657694e-05	8.712618847935432e-62	3.2437293678128804e-76	4.093177712552323e-13	3.6941829819683537e-07	0.00017960743267602828	4.125025265483927e-13	1.4821235756163649e-09	3.339832056429885e-19	2.645630115880989e-19	5.3558196142431185e-25	4.266005830067117e-25	8.777162532404462e-17	4.403363063773819e-39	0.0001957622390429889	5.591041406190597e-11	0.0	0.0	0.0	0.0	0.0	0.0	5.03800113717423	0.12419853224891123	0.496796448292388	0.0	0.0	0.0	0.0	0.0	0.0	0.0	0.0	0.190800000010904	0.0	0.0	0.0	0.19800006837166845	0.0
5.425	-2.2177783691130295e-08	250.0	1.0	1.44e-10	0.125	0.18	1.0	7.045750742788194	-2.7403316791590178	1.3936457383606103e-07	1.1319999528283911e-07	55.447157680672035	6.98348943500863e-08	2.91654991802843e-10	1.3869917743101466e-08	1.1090777720965811e-09	8.495681380873222e-11	5.788475888540135e-12	2.1509421720667434e-12	1.5577982253450247e-12	3.360480082446456e-17	4.781844220947132e-56	9.84810011628606e-07	3.41903558313052e-06	5.397017124661132e-06	0.0033064459158427535	4.468464960616897e-05	0.00010088960198791963	2.0996833099938016e-06	0.0005216303214838086	5.9408202027408973e-05	6.77655750545487e-08	1.8466192413519495e-09	3.820795522004756e-06	7.832558020695044e-10	3.914729339410217e-06	4.978204278652224e-14	1.0659091841730622e-17	5.605797125991258e-09	0.006065597549742638	0.0014903849765009322	9.162276393633497e-09	5.055988289865919e-05	5.70278011192264e-07	5.5091128437534444e-17	0.04067439238438716	3.9567483292502805e-06	0.000309113524845781	0.00014921279292343854	5.573486784630755e-10	5.403328745837764e-06	6.220224498901602e-06	6.641494768672466e-21	5.410012924852539e-22	8.61943640235077e-25	2.09381488342413e-56	3.5698185951639916e-28	1.8108879132744625e-155	2.7611789254577274e-23	3.7822293089976435e-18	2.665319401916199e-12	1.1984981736809903e-07	3.827133322847434e-05	1.2685233451237177e-05	2.0721470918341182e-11	1.0263976968304756e-19	1.1802429532428944e-14	9.119537659442734e-13	6.065420810180752e-12	4.86516027590664e-16	2.88710889168323e-17	1.9522151116356454e-20	1.6998482027469907e-19	4.864854132450879e-20	4.4768394152909625e-29	3.5531182868956594e-38	2.5597252027115726e-32	2.0013160063690515e-12	0.0004955162036263819	1.486516536534758e-11	1.1527033179204716e-05	4.771307168816199e-08	0.004100847239338037	0.0008381050628065172	1.1015479048707573e-08	7.580804991084081e-22	1.0992125247064715e-16	0.03871127187666574	5.955926431088395e-10	0.0010339442516230496	1.630348045211756e-16	1.6271929132967595e-69	6.193492202582043e-11	1.0876215212650045e-20	4.253451615661776e-11	7.143377815086724e-23	1.3846163281830277e-27	2.131843289804991e-33	1.977794227325182e-39	2.587208877528692e-15	6.141709849062047e-21	8.708372549765826e-18	1.7182849930219742e-27	1.420607544568769e-34	2.0320384407255646e-39	2.849297658193473e-46	4.522782099959129e-15	3.0259619817372733e-15	1.5447737190078072e-20	1.5405271938630204e-20	4.70020435789449e-31	1.5819224628303277e-44	1.3384773329915707e-36	4.613567182204687e-58	0.007674468161412526	3.31517219540017e-08	4.7006054101657694e-05	8.712618847938426e-62	3.243729367814579e-76	4.0931777125500126e-13	3.6941829819672886e-07	0.00017960743267602847	4.125025265481615e-13	1.4821235756159406e-09	3.339832056427153e-19	2.6456301158787817e-19	5.355819614237423e-25	4.26600583006258e-25	8.77716253239958e-17	4.403363063767263e-39	0.00019576223904301332	5.5910414061894995e-11	0.0	0.0	0.0	0.0	0.0	0.0	5.0380011371742315	0.12419853224891123	0.49679644829238756	0.0	0.0	0.0	0.0	0.0	0.0	0.0	0.0	0.190800000010904	0.0	0.0	0.0	0.19800006837166848	0.0
5.675	-2.2177794293231622e-08	250.0	1.0	1.44e-10	0.125	0.18	1.0	7.045750742788314	-2.7403316791591625	1.3936457383609864e-07	1.1319999528280671e-07	55.447157680672035	6.98348943500903e-08	2.9165499180286446e-10	1.3869917743098404e-08	1.1090777720960275e-09	8.495681380866377e-11	5.788475888535447e-12	2.1509421720643503e-12	1.5577982253435337e-12	3.360480082447391e-17	4.78184422094987e-56	9.848100116289928e-07	3.4190355831317786e-06	5.397017124661132e-06	0.003306445915843115	4.468464960617436e-05	0.00010088960198789085	2.0996833099938016e-06	0.0005216303214837243	5.9408202027391965e-05	6.776557505456866e-08	1.8466192413518515e-09	3.820795522004756e-06	7.832558020697895e-10	3.9147293394102416e-06	4.978204278654199e-14	1.0659091841730012e-17	5.60579712599057e-09	0.006065597549740076	0.0014903849765004994	9.162276393632336e-09	5.055988289863924e-05	5.702780111920495e-07	5.509112843751732e-17	0.04067439238438726	3.956748329250345e-06	0.0003091135248457854	0.00014921279292337994	5.573486784629274e-10	5.403328745837223e-06	6.2202244988991465e-06	6.641494768667467e-21	5.410012924848689e-22	8.619436402344778e-25	2.09381488342276e-56	3.5698185951615388e-28	1.810887913273633e-155	2.7611789254596247e-23	3.782229308999314e-18	2.6653194019166456e-12	1.1984981736808383e-07	3.827133322845822e-05	1.2685233451233493e-05	2.07214709183383e-11	1.0263976968306099e-19	1.1802429532433482e-14	9.119537659443816e-13	6.0654208101796605e-12	4.865160275904311e-16	2.8871088916818366e-17	1.9522151116340963e-20	1.6998482027459338e-19	4.8648541324483317e-20	4.476839415286458e-29	3.5531182868912415e-38	2.5597252027099185e-32	2.0013160063692725e-12	0.0004955162036263809	1.4865165365351834e-11	1.1527033179205871e-05	4.771307168815604e-08	0.004100847239336305	0.0008381050628062738	1.1015479048706132e-08	7.580804991079802e-22	1.0992125247061297e-16	0.03871127187666564	5.9559264310901e-10	0.0010339442516231522	1.6303480452118828e-16	1.6271929132963868e-69	6.193492202583613e-11	1.0876215212655561e-20	4.253451615661724e-11	7.14337781508947e-23	1.3846163281833674e-27	2.13184328980527e-33	1.977794227325182e-39	2.5872088775288296e-15	6.141709849060842e-21	8.708372549765612e-18	1.7182849930211588e-27	1.4206075445687227e-34	2.032038440724999e-39	2.849297658191888e-46	4.5227820999599244e-15	3.0259619817370256e-15	1.544773719007264e-20	1.540527193862491e-20	4.700204357893644e-31	1.5819224628296548e-44	1.3384773329908261e-36	4.613567182201441e-58	0.007674468161413098	3.31517219539956e-08	4.7006054101657694e-05	8.712618847936002e-62	3.243729367813093e-76	4.093177712552156e-13	3.6941829819682706e-07	0.00017960743267602828	4.125025265483775e-13	1.4821235756163345e-09	3.3398320564296664e-19	2.645630115880816e-19	5.355819614242769e-25	4.2660058300668375e-25	8.777162532404103e-17	4.403363063773386e-39	0.00019576223904298792	5.591041406190437e-11	0.0	0.0	0.0	0.0	0.0	0.0	5.038001137174231	0.12419853224891123	0.49679644829238795	0.0	0.0	0.0	0.0	0.0	0.0	0.0	0.0	0.190800000010904	0.0	0.0	0.0	0.19800006837166848	0.0
5.925	-2.2177792519488726e-08	250.0	1.0	1.44e-10	0.125	0.18	1.0	7.045750742788306	-2.740331679159151	1.3936457383609637e-07	1.1319999528280902e-07	55.447157680672035	6.983489435008988e-08	2.916549918028609e-10	1.3869917743098517e-08	1.1090777720960594e-09	8.495681380866828e-11	5.788475888535755e-12	2.150942172064509e-12	1.5577982253436102e-12	3.3604800824471164e-17	4.7818442209493225e-56	9.848100116289303e-07	3.4190355831315758e-06	5.397017124661132e-06	0.0033064459158429695	4.468464960617235e-05	0.0001008896019878928	2.0996833099938016e-06	0.000521630321483711	5.940820202739318e-05	6.776557505456533e-08	1.8466192413518515e-09	3.820795522004756e-06	7.832558020697415e-10	3.914729339410137e-06	4.97820427865371e-14	1.0659091841729576e-17	5.6057971259907996e-09	0.0060655975497404925	0.0014903849765005679	9.16227639363271e-09	5.0559882898642544e-05	5.702780111920844e-07	5.5091128437518217e-17	0.04067439238438724	3.956748329250329e-06	0.0003091135248457845	0.0001492127929233894	5.573486784629365e-10	5.4033287458373115e-06	6.220224498899541e-06	6.6414947686680646e-21	5.410012924849131e-22	8.619436402345411e-25	2.0938148834228627e-56	3.5698185951617724e-28	1.8108879132737515e-155	2.7611789254596247e-23	3.782229308999345e-18	2.6653194019167e-12	1.198498173680897e-07	3.82713332284608e-05	1.2685233451234064e-05	2.0721470918338216e-11	1.0263976968305427e-19	1.1802429532433385e-14	9.11953765944404e-13	6.0654208101799336e-12	4.865160275904649e-16	2.887108891682049e-17	1.952215111634288e-20	1.699848202746045e-19	4.8648541324485706e-20	4.4768394152871174e-29	3.553118286891939e-38	2.559725202710002e-32	2.0013160063692397e-12	0.0004955162036263809	1.486516536535153e-11	1.1527033179205683e-05	4.7713071688158284e-08	0.004100847239336586	0.0008381050628063124	1.1015479048706694e-08	7.580804991081291e-22	1.0992125247061477e-16	0.03871127187666564	5.955926431089978e-10	0.0010339442516231342	1.6303480452118027e-16	1.62719291329644e-69	6.193492202583207e-11	1.087621521265476e-20	4.2534516156615324e-11	7.143377815088711e-23	1.384616328183175e-27	2.1318432898048515e-33	1.9777942273247934e-39	2.5872088775287132e-15	6.141709849060691e-21	8.708372549765327e-18	1.7182849930211448e-27	1.4206075445686297e-34	2.0320384407248996e-39	2.849297658191795e-46	4.522782099959832e-15	3.025961981737001e-15	1.5447737190072893e-20	1.5405271938625037e-20	4.700204357893644e-31	1.581922462829629e-44	1.3384773329907824e-36	4.61356718220129e-58	0.0076744681614130126	3.3151721953995664e-08	4.7006054101657694e-05	8.712618847936146e-62	3.243729367813305e-76	4.093177712552022e-13	3.69418298196821e-07	0.0001796074326760281	4.125025265483623e-13	1.4821235756163043e-09	3.339832056429557e-19	2.645630115880686e-19	5.355819614242418e-25	4.266005830066558e-25	8.777162532403816e-17	4.403363063773098e-39	0.00019576223904299212	5.591041406190414e-11	0.0	0.0	0.0	0.0	0.0	0.0	5.0380011371742315	0.12419853224891123	0.4967964482923879	0.0	0.0	0.0	0.0	0.0	0.0	0.0	0.0	0.190800000010904	0.0	0.0	0.0	0.19800006837166848	0.0
6.175	-2.217778091522969e-08	250.0	1.0	1.44e-10	0.125	0.18	1.0	7.045750742788147	-2.7403316791589654	1.393645738360465e-07	1.131999952828514e-07	55.447157680672035	6.983489435008645e-08	2.9165499180283706e-10	1.38699177431028e-08	1.1090777720968169e-09	8.495681380875899e-11	5.788475888541958e-12	2.150942172067676e-12	1.5577982253456236e-12	3.360480082446511e-17	4.781844220946741e-56	9.848100116285074e-07	3.4190355831301913e-06	5.397017124661121e-06	0.00330644591584277	4.468464960616906e-05	0.00010088960198793047	2.0996833099937974e-06	0.0005216303214838661	5.940820202741541e-05	6.776557505454385e-08	1.8466192413519722e-09	3.820795522004747e-06	7.832558020694243e-10	3.9147293394103695e-06	4.978204278651857e-14	1.0659091841731406e-17	5.605797125991235e-09	0.006065597549743308	0.0014903849765010356	9.162276393633459e-09	5.055988289866436e-05	5.702780111923189e-07	5.5091128437543004e-17	0.04067439238438714	3.9567483292502635e-06	0.0003091135248457797	0.0001492127929234538	5.573486784631325e-10	5.403328745837941e-06	6.220224498902238e-06	6.641494768673987e-21	5.410012924853734e-22	8.619436402352604e-25	2.0938148834245756e-56	3.5698185951647804e-28	1.8108879132745812e-155	2.7611789254568464e-23	3.7822293089968384e-18	2.6653194019159153e-12	1.198498173680988e-07	3.827133322847849e-05	1.2685233451238033e-05	2.0721470918342623e-11	1.0263976968305176e-19	1.1802429532426627e-14	9.119537659441914e-13	6.065420810180802e-12	4.865160275907217e-16	2.8871088916835844e-17	1.9522151116361086e-20	1.6998482027473244e-19	4.864854132451675e-20	4.4768394152920976e-29	3.5531182868966476e-38	2.559725202712284e-32	2.001316006368986e-12	0.0004955162036263819	1.4865165365345937e-11	1.1527033179204338e-05	4.771307168816199e-08	0.0041008472393384895	0.0008381050628065755	1.1015479048707551e-08	7.580804991084205e-22	1.0992125247066378e-16	0.03871127187666576	5.955926431087761e-10	0.001033944251623015	1.630348045211836e-16	1.6271929132968127e-69	6.19349220258184e-11	1.0876215212648622e-20	4.2534516156620894e-11	7.143377815086549e-23	1.3846163281831296e-27	2.1318432898053397e-33	1.9777942273256994e-39	2.5872088775288296e-15	6.141709849063052e-21	8.708372549766538e-18	1.718284993022424e-27	1.4206075445688621e-34	2.0320384407259303e-39	2.8492976581943124e-46	4.5227820999588145e-15	3.0259619817373723e-15	1.544773719008022e-20	1.5405271938632473e-20	4.700204357894836e-31	1.5819224628306124e-44	1.3384773329919211e-36	4.613567182206347e-58	0.007674468161412322	3.315172195400421e-08	4.70060541016576e-05	8.71261884793928e-62	3.2437293678153215e-76	4.093177712549159e-13	3.694182981966903e-07	0.00017960743267602847	4.125025265480755e-13	1.4821235756157828e-09	3.3398320564261145e-19	2.645630115878002e-19	5.355819614235277e-25	4.26600583006087e-25	8.777162532397785e-17	4.403363063764669e-39	0.00019576223904302115	5.591041406189088e-11	0.0	0.0	0.0	0.0	0.0	0.0	5.038001137174231	0.12419853224891123	0.4967964482923875	0.0	0.0	0.0	0.0	0.0	0.0	0.0	0.0	0.190800000010904	0.0	0.0	0.0	0.19800006837166848	0.0
6.425	-2.217780491003066e-08	250.0	1.0	1.44e-10	0.125	0.18	1.0	7.045750742788464	-2.7403316791593397	1.3936457383614568e-07	1.1319999528276712e-07	55.447157680672035	6.983489435009444e-08	2.9165499180287997e-10	1.3869917743094574e-08	1.109077772095329e-09	8.495681380857934e-11	5.788475888529693e-12	2.1509421720613857e-12	1.5577982253416285e-12	3.360480082448188e-17	4.78184422095253e-56	9.848100116293896e-07	3.4190355831330653e-06	5.397017124661132e-06	0.003306445915843301	4.4684649606177465e-05	0.00010088960198785547	2.0996833099938016e-06	0.0005216303214835797	5.940820202737119e-05	6.776557505458959e-08	1.8466192413517305e-09	3.820795522004763e-06	7.832558020700875e-10	3.9147293394100815e-06	4.978204278655868e-14	1.0659091841728442e-17	5.605797125990158e-09	0.006065597549737428	0.0014903849765000375	9.16227639363166e-09	5.055988289861876e-05	5.702780111918279e-07	5.5091128437496135e-17	0.0406743923843873	3.956748329250402e-06	0.00030911352484578984	0.0001492127929233194	5.573486784627404e-10	5.403328745836703e-06	6.220224498896641e-06	6.641494768661926e-21	5.410012924844308e-22	8.619436402337938e-25	2.0938148834211154e-56	3.569818595158706e-28	1.810887913272685e-155	2.7611789254622225e-23	3.782229309001635e-18	2.665319401917387e-12	1.1984981736807576e-07	3.827133322844147e-05	1.2685233451229576e-05	2.072147091833525e-11	1.0263976968307442e-19	1.180242953243995e-14	9.119537659445757e-13	6.065420810178817e-12	4.865160275901863e-16	2.887108891680396e-17	1.9522151116323714e-20	1.6998482027446964e-19	4.8648541324452677e-20	4.4768394152816607e-29	3.553118286886765e-38	2.5597252027078663e-32	2.0013160063695346e-12	0.0004955162036263799	1.4865165365357e-11	1.152703317920698e-05	4.7713071688152626e-08	0.004100847239334514	0.0008381050628060141	1.1015479048705343e-08	7.580804991076888e-22	1.0992125247057116e-16	0.0387112718766655	5.955926431092171e-10	0.0010339442516232485	1.630348045211916e-16	1.6271929132959608e-69	6.193492202585234e-11	1.0876215212661968e-20	4.253451615661411e-11	7.143377815092217e-23	1.384616328183628e-27	2.1318432898052e-33	1.9777942273247288e-39	2.587208877528819e-15	6.141709849058832e-21	8.70837254976497e-18	1.7182849930200205e-27	1.4206075445685134e-34	2.032038440724035e-39	2.8492976581896973e-46	4.522782099960831e-15	3.0259619817366544e-15	1.5447737190065563e-20	1.5405271938617854e-20	4.700204357892452e-31	1.5819224628287231e-44	1.3384773329897751e-36	4.613567182197063e-58	0.007674468161413624	3.315172195398726e-08	4.700605410165779e-05	8.712618847932439e-62	3.24372936781097e-76	4.0931777125548513e-13	3.69418298196951e-07	0.0001796074326760281	4.1250252654864574e-13	1.4821235756168256e-09	3.3398320564328904e-19	2.6456301158833264e-19	5.355819614249384e-25	4.266005830072107e-25	8.777162532409847e-17	4.403363063781311e-39	0.0001957622390429631	5.591041406191763e-11	0.0	0.0	0.0	0.0	0.0	0.0	5.038001137174231	0.12419853224891124	0.49679644829238834	0.0	0.0	0.0	0.0	0.0	0.0	0.0	0.0	0.190800000010904	0.0	0.0	0.0	0.19800006837166848	0.0
6.675	-2.2177794890635486e-08	250.0	1.0	1.44e-10	0.125	0.18	1.0	7.045750742788329	-2.7403316791591803	1.3936457383610322e-07	1.1319999528280301e-07	55.447157680672035	6.983489435009144e-08	2.9165499180286927e-10	1.3869917743098404e-08	1.1090777720959823e-09	8.495681380865717e-11	5.788475888534997e-12	2.1509421720640954e-12	1.5577982253433362e-12	3.360480082447556e-17	4.781844220950183e-56	9.848100116290351e-07	3.4190355831319044e-06	5.397017124661132e-06	0.0033064459158431455	4.468464960617491e-05	0.00010088960198788744	2.0996833099938016e-06	0.0005216303214837136	5.940820202739002e-05	6.776557505457282e-08	1.8466192413518438e-09	3.820795522004756e-06	7.832558020698183e-10	3.914729339410353e-06	4.978204278654341e-14	1.0659091841729924e-17	5.605797125990501e-09	0.006065597549739791	0.0014903849765004063	9.162276393632223e-09	5.055988289863717e-05	5.702780111920261e-07	5.509112843751326e-17	0.04067439238438724	3.956748329250345e-06	0.00030911352484578637	0.00014921279292337355	5.573486784629092e-10	5.4033287458373225e-06	6.2202244988988924e-06	6.641494768666924e-21	5.410012924848202e-22	8.619436402344072e-25	2.093814883422589e-56	3.5698185951612173e-28	1.8108879132735144e-155	2.761178925459851e-23	3.7822293089994685e-18	2.665319401916711e-12	1.1984981736808285e-07	3.827133322845634e-05	1.268523345123269e-05	2.072147091833771e-11	1.0263976968306016e-19	1.1802429532433868e-14	9.119537659443965e-13	6.065420810179561e-12	4.865160275904052e-16	2.887108891681695e-17	1.9522151116339205e-20	1.699848202745753e-19	4.864854132447695e-20	4.476839415285909e-29	3.55311828689066e-38	2.559725202709604e-32	2.001316006369305e-12	0.0004955162036263809	1.486516536535232e-11	1.1527033179205636e-05	4.771307168815555e-08	0.004100847239336112	0.0008381050628062215	1.101547904870604e-08	7.5808049910792445e-22	1.0992125247060489e-16	0.03871127187666564	5.955926431090296e-10	0.0010339442516231322	1.6303480452118293e-16	1.6271929132963335e-69	6.193492202583714e-11	1.0876215212656095e-20	4.2534516156616545e-11	7.143377815089588e-23	1.3846163281833448e-27	2.1318432898051303e-33	1.977794227324988e-39	2.587208877528734e-15	6.14170984906039e-21	8.70837254976554e-18	1.71828499302099e-27	1.4206075445686297e-34	2.0320384407247998e-39	2.849297658191515e-46	4.522782099959906e-15	3.0259619817369266e-15	1.544773719007163e-20	1.5405271938623903e-20	4.700204357893337e-31	1.5819224628294736e-44	1.338477332990651e-36	4.613567182200686e-58	0.007674468161412918	3.315172195399383e-08	4.7006054101657694e-05	8.712618847935289e-62	3.243729367812562e-76	4.0931777125524067e-13	3.694182981968392e-07	0.00017960743267602828	4.125025265484028e-13	1.482123575616383e-09	3.339832056429967e-19	2.645630115881054e-19	5.355819614243338e-25	4.266005830067291e-25	8.777162532404678e-17	4.403363063774035e-39	0.0001957622390429907	5.5910414061907345e-11	0.0	0.0	0.0	0.0	0.0	0.0	5.038001137174231	0.12419853224891123	0.496796448292388	0.0	0.0	0.0	0.0	0.0	0.0	0.0	0.0	0.190800000010904	0.0	0.0	0.0	0.19800006837166848	0.0
6.925	-2.217778273572202e-08	250.0	1.0	1.44e-10	0.125	0.18	1.0	7.0457507427881865	-2.740331679159011	1.3936457383605875e-07	1.1319999528284097e-07	55.447157680672035	6.98348943500863e-08	2.9165499180283825e-10	1.386991774310158e-08	1.1090777720966173e-09	8.49568138087357e-11	5.7884758885403715e-12	2.1509421720668666e-12	1.5577982253450755e-12	3.360480082446539e-17	4.78184422094721e-56	9.848100116285879e-07	3.4190355831304433e-06	5.397017124661132e-06	0.003306445915842733	4.4684649606168784e-05	0.00010088960198792128	2.0996833099938016e-06	0.0005216303214838128	5.940820202740994e-05	6.776557505454898e-08	1.8466192413519344e-09	3.820795522004756e-06	7.832558020694852e-10	3.9147293394102975e-06	4.978204278652061e-14	1.065909184173071e-17	5.605797125991304e-09	0.006065597549742775	0.0014903849765009274	9.162276393633571e-09	5.055988289866033e-05	5.702780111922768e-07	5.5091128437535344e-17	0.04067439238438716	3.9567483292502805e-06	0.000309113524845781	0.0001492127929234419	5.573486784630846e-10	5.403328745837908e-06	6.220224498901742e-06	6.641494768672683e-21	5.410012924852716e-22	8.619436402351054e-25	2.093814883424199e-56	3.5698185951641086e-28	1.8108879132743441e-155	2.761178925457592e-23	3.7822293089975194e-18	2.665319401916177e-12	1.1984981736809953e-07	3.82713332284752e-05	1.2685233451237152e-05	2.072147091834152e-11	1.026397696830484e-19	1.1802429532428558e-14	9.119537659442586e-13	6.065420810180752e-12	4.865160275906719e-16	2.8871088916832775e-17	1.9522151116357092e-20	1.6998482027470047e-19	4.864854132450799e-20	4.476839415291109e-29	3.553118286895834e-38	2.559725202711635e-32	2.0013160063690515e-12	0.0004955162036263819	1.4865165365347333e-11	1.152703317920441e-05	4.771307168816229e-08	0.004100847239338129	0.0008381050628065146	1.1015479048707664e-08	7.580804991084329e-22	1.099212524706485e-16	0.03871127187666578	5.955926431088298e-10	0.0010339442516230242	1.6303480452117428e-16	1.6271929132967595e-69	6.193492202581991e-11	1.0876215212649779e-20	4.253451615661811e-11	7.143377815086607e-23	1.384616328183005e-27	2.131843289804991e-33	1.977794227325182e-39	2.5872088775286706e-15	6.1417098490620975e-21	8.708372549765968e-18	1.7182849930220165e-27	1.420607544568769e-34	2.032038440725598e-39	2.8492976581935664e-46	4.522782099958981e-15	3.0259619817372236e-15	1.5447737190078072e-20	1.5405271938630204e-20	4.700204357894336e-31	1.5819224628303018e-44	1.3384773329915269e-36	4.613567182204611e-58	0.007674468161412338	3.315172195400143e-08	4.7006054101657694e-05	8.712618847938284e-62	3.243729367814579e-76	4.093177712549879e-13	3.694182981967228e-07	0.00017960743267602847	4.1250252654814804e-13	1.4821235756159161e-09	3.339832056426989e-19	2.6456301158786517e-19	5.355819614237073e-25	4.266005830062301e-25	8.777162532399292e-17	4.40336306376683e-39	0.00019576223904301852	5.591041406189545e-11	0.0	0.0	0.0	0.0	0.0	0.0	5.0380011371742315	0.12419853224891123	0.49679644829238756	0.0	0.0	0.0	0.0	0.0	0.0	0.0	0.0	0.190800000010904	0.0	0.0	0.0	0.19800006837166848	0.0
7.175	-2.2177783031995514e-08	250.0	1.0	1.44e-10	0.125	0.18	1.0	7.045750742788174	-2.740331679158998	1.3936457383605476e-07	1.1319999528284421e-07	55.44715768067203	6.98348943500863e-08	2.91654991802843e-10	1.3869917743102148e-08	1.1090777720966808e-09	8.495681380874335e-11	5.788475888540916e-12	2.1509421720671307e-12	1.5577982253452668e-12	3.3604800824467034e-17	4.781844220947289e-56	9.84810011628596e-07	3.4190355831304713e-06	5.397017124661121e-06	0.0033064459158428545	4.4684649606170336e-05	0.00010088960198792417	2.0996833099937974e-06	0.000521630321483847	5.940820202741164e-05	6.776557505454954e-08	1.846619241351942e-09	3.820795522004756e-06	7.832558020694916e-10	3.9147293394104415e-06	4.978204278652305e-14	1.0659091841731406e-17	5.605797125991074e-09	0.006065597549742719	0.0014903849765009122	9.162276393633197e-09	5.055988289865981e-05	5.70278011192271e-07	5.50911284375376e-17	0.04067439238438716	3.956748329250288e-06	0.000309113524845781	0.00014921279292344036	5.573486784631007e-10	5.403328745837908e-06	6.220224498901691e-06	6.641494768672846e-21	5.4100129248528485e-22	8.619436402351265e-25	2.0938148834243017e-56	3.569818595164196e-28	1.8108879132744625e-155	2.761178925457276e-23	3.78222930899721e-18	2.6653194019160026e-12	1.198498173680951e-07	3.827133322847489e-05	1.2685233451237021e-05	2.072147091834169e-11	1.0263976968305091e-19	1.1802429532427592e-14	9.119537659442138e-13	6.065420810180554e-12	4.865160275906679e-16	2.8871088916832775e-17	1.952215111635757e-20	1.6998482027470463e-19	4.8648541324509185e-20	4.4768394152910724e-29	3.5531182868956594e-38	2.559725202711824e-32	2.001316006369027e-12	0.0004955162036263819	1.486516536534691e-11	1.1527033179204433e-05	4.771307168816053e-08	0.004100847239338091	0.000838105062806506	1.1015479048707212e-08	7.580804991083151e-22	1.09921252470653e-16	0.03871127187666576	5.955926431088127e-10	0.0010339442516230223	1.6303480452118227e-16	1.6271929132967595e-69	6.193492202582093e-11	1.08762152126496e-20	4.253451615662002e-11	7.143377815086899e-23	1.3846163281831296e-27	2.13184328980527e-33	1.977794227325538e-39	2.5872088775287977e-15	6.1417098490626e-21	8.708372549766396e-18	1.718284993022199e-27	1.4206075445688157e-34	2.0320384407257306e-39	2.849297658193846e-46	4.522782099958944e-15	3.025961981737298e-15	1.5447737190078957e-20	1.5405271938631086e-20	4.700204357894566e-31	1.5819224628304312e-44	1.3384773329917021e-36	4.6135671822055925e-58	0.007674468161412322	3.315172195400231e-08	4.7006054101657694e-05	8.712618847938569e-62	3.243729367814791e-76	4.0931777125496274e-13	3.6941829819671223e-07	0.00017960743267602847	4.1250252654812274e-13	1.4821235756158738e-09	3.339832056426716e-19	2.645630115878435e-19	5.3558196142364595e-25	4.266005830061812e-25	8.777162532398791e-17	4.40336306376611e-39	0.00019576223904301852	5.591041406189408e-11	0.0	0.0	0.0	0.0	0.0	0.0	5.0380011371742315	0.12419853224891121	0.49679644829238756	0.0	0.0	0.0	0.0	0.0	0.0	0.0	0.0	0.190800000010904	0.0	0.0	0.0	0.19800006837166848	0.0
7.425	-2.217778358077884e-08	250.0	1.0	1.44e-10	0.125	0.18	1.0	7.0457507427881945	-2.7403316791590213	1.3936457383606132e-07	1.1319999528283889e-07	55.44715768067203	6.983489435008687e-08	2.9165499180285014e-10	1.3869917743101695e-08	1.1090777720966037e-09	8.495681380873257e-11	5.788475888540158e-12	2.1509421720667523e-12	1.557798225345012e-12	3.360480082446566e-17	4.781844220947289e-56	9.84810011628616e-07	3.419035583130541e-06	5.397017124661121e-06	0.00330644591584277	4.468464960616933e-05	0.00010088960198791911	2.0996833099937974e-06	0.0005216303214838107	5.940820202740873e-05	6.776557505455065e-08	1.8466192413519344e-09	3.820795522004756e-06	7.832558020695076e-10	3.9147293394103136e-06	4.978204278652244e-14	1.0659091841730796e-17	5.605797125991212e-09	0.00606559754974257	0.001490384976500891	9.162276393633422e-09	5.055988289865878e-05	5.702780111922594e-07	5.5091128437533994e-17	0.04067439238438716	3.956748329250288e-06	0.0003091135248457813	0.00014921279292343716	5.573486784630733e-10	5.403328745837864e-06	6.220224498901551e-06	6.641494768672357e-21	5.410012924852451e-22	8.61943640235063e-25	2.093814883424096e-56	3.5698185951639333e-28	1.8108879132743441e-155	2.761178925457705e-23	3.782229308997674e-18	2.665319401916188e-12	1.198498173680983e-07	3.827133322847395e-05	1.2685233451236866e-05	2.072147091834169e-11	1.0263976968305344e-19	1.1802429532428848e-14	9.11953765944266e-13	6.0654208101806775e-12	4.86516027590654e-16	2.887108891683183e-17	1.9522151116355973e-20	1.699848202746935e-19	4.8648541324506e-20	4.476839415290779e-29	3.553118286895427e-38	2.5597252027115305e-32	2.001316006369068e-12	0.0004955162036263819	1.486516536534758e-11	1.1527033179204528e-05	4.77130716881617e-08	0.00410084723933799	0.0008381050628064941	1.1015479048707483e-08	7.580804991083834e-22	1.0992125247064625e-16	0.03871127187666576	5.95592643108842e-10	0.0010339442516230297	1.630348045211756e-16	1.6271929132967062e-69	6.193492202582244e-11	1.0876215212650402e-20	4.253451615661898e-11	7.143377815087075e-23	1.3846163281831183e-27	2.1318432898051652e-33	1.9777942273254407e-39	2.5872088775286813e-15	6.141709849062047e-21	8.708372549765968e-18	1.7182849930219602e-27	1.4206075445687458e-34	2.0320384407255313e-39	2.8492976581934264e-46	4.522782099959074e-15	3.0259619817372484e-15	1.5447737190077946e-20	1.5405271938630078e-20	4.700204357894413e-31	1.581922462830276e-44	1.3384773329915488e-36	4.6135671822047626e-58	0.007674468161412369	3.315172195400095e-08	4.7006054101657694e-05	8.71261884793814e-62	3.243729367814473e-76	4.0931777125500126e-13	3.6941829819672886e-07	0.00017960743267602828	4.125025265481615e-13	1.4821235756159406e-09	3.3398320564271256e-19	2.6456301158788033e-19	5.355819614237423e-25	4.26600583006258e-25	8.77716253239958e-17	4.4033630637671905e-39	0.00019576223904301654	5.591041406189614e-11	0.0	0.0	0.0	0.0	0.0	0.0	5.0380011371742315	0.12419853224891121	0.49679644829238756	0.0	0.0	0.0	0.0	0.0	0.0	0.0	0.0	0.190800000010904	0.0	0.0	0.0	0.19800006837166845	0.0
7.675	-2.2177793557292975e-08	250.0	1.0	1.44e-10	0.125	0.18	1.0	7.045750742788305	-2.740331679159151	1.3936457383609552e-07	1.1319999528280926e-07	55.447157680672035	6.983489435008973e-08	2.916549918028621e-10	1.3869917743098743e-08	1.1090777720960685e-09	8.495681380866933e-11	5.788475888535826e-12	2.1509421720645353e-12	1.5577982253436357e-12	3.360480082447391e-17	4.781844220949792e-56	9.848100116289727e-07	3.4190355831317155e-06	5.397017124661132e-06	0.0033064459158431286	4.4684649606174544e-05	0.00010088960198789312	2.0996833099938016e-06	0.0005216303214837392	5.94082020273933e-05	6.776557505456866e-08	1.8466192413518515e-09	3.820795522004756e-06	7.832558020697767e-10	3.914729339410337e-06	4.9782042786541176e-14	1.0659091841730186e-17	5.605797125990524e-09	0.006065597549740194	0.0014903849765004976	9.16227639363226e-09	5.0559882898640165e-05	5.702780111920588e-07	5.509112843751732e-17	0.04067439238438722	3.956748329250336e-06	0.0003091135248457854	0.00014921279292338255	5.573486784629387e-10	5.4033287458373225e-06	6.220224498899261e-06	6.641494768667739e-21	5.41001292484891e-22	8.61943640234506e-25	2.0938148834228627e-56	3.5698185951616554e-28	1.810887913273633e-155	2.761178925459422e-23	3.782229308999128e-18	2.6653194019165693e-12	1.198498173680836e-07	3.8271333228458925e-05	1.2685233451233467e-05	2.072147091833796e-11	1.0263976968305596e-19	1.1802429532432806e-14	9.119537659443517e-13	6.0654208101796355e-12	4.86516027590439e-16	2.887108891681884e-17	1.952215111634192e-20	1.6998482027459757e-19	4.8648541324483317e-20	4.4768394152866045e-29	3.553118286891358e-38	2.559725202709981e-32	2.0013160063692563e-12	0.0004955162036263809	1.486516536535147e-11	1.1527033179205636e-05	4.771307168815584e-08	0.004100847239336384	0.0008381050628062729	1.1015479048706132e-08	7.580804991079678e-22	1.0992125247061343e-16	0.03871127187666564	5.955926431089978e-10	0.0010339442516231312	1.6303480452118562e-16	1.6271929132963868e-69	6.19349220258341e-11	1.0876215212654938e-20	4.253451615661672e-11	7.143377815089003e-23	1.3846163281832996e-27	2.1318432898051303e-33	1.9777942273250525e-39	2.587208877528787e-15	6.1417098490608915e-21	8.708372549765682e-18	1.718284993021201e-27	1.420607544568676e-34	2.032038440724966e-39	2.849297658191935e-46	4.522782099959851e-15	3.0259619817370504e-15	1.5447737190073146e-20	1.540527193862529e-20	4.700204357893721e-31	1.5819224628297066e-44	1.3384773329908699e-36	4.613567182201743e-58	0.007674468161412957	3.31517219539956e-08	4.7006054101657694e-05	8.712618847936002e-62	3.243729367813199e-76	4.0931777125519715e-13	3.6941829819681875e-07	0.00017960743267602828	4.1250252654835725e-13	1.482123575616298e-09	3.3398320564294753e-19	2.6456301158806643e-19	5.355819614242242e-25	4.266005830066419e-25	8.777162532403673e-17	4.40336306377281e-39	0.00019576223904299212	5.591041406190414e-11	0.0	0.0	0.0	0.0	0.0	0.0	5.038001137174231	0.12419853224891123	0.49679644829238795	0.0	0.0	0.0	0.0	0.0	0.0	0.0	0.0	0.190800000010904	0.0	0.0	0.0	0.19800006837166845	0.0
7.925	-2.217777915948963e-08	250.0	1.0	1.44e-10	0.125	0.18	1.0	7.045750742788135	-2.7403316791589485	1.393645738360425e-07	1.1319999528285463e-07	55.447157680672035	6.98348943500853e-08	2.9165499180283706e-10	1.386991774310314e-08	1.109077772096876e-09	8.495681380876593e-11	5.788475888542431e-12	2.1509421720679313e-12	1.557798225345783e-12	3.3604800824461266e-17	4.781844220946037e-56	9.84810011628441e-07	3.4190355831299884e-06	5.397017124661121e-06	0.003306445915842652	4.468464960616732e-05	0.00010088960198793345	2.0996833099937974e-06	0.0005216303214838614	5.940820202741711e-05	6.776557505454052e-08	1.846619241351995e-09	3.820795522004747e-06	7.832558020693762e-10	3.914729339410281e-06	4.97820427865145e-14	1.0659091841731146e-17	5.605797125991465e-09	0.0060655975497437295	0.0014903849765011104	9.162276393633834e-09	5.055988289866757e-05	5.702780111923538e-07	5.5091128437542104e-17	0.04067439238438714	3.956748329250256e-06	0.0003091135248457788	0.0001492127929234634	5.573486784631485e-10	5.403328745838007e-06	6.220224498902632e-06	6.641494768674639e-21	5.410012924854309e-22	8.61943640235352e-25	2.093814883424747e-56	3.5698185951651306e-28	1.8108879132746996e-155	2.761178925456711e-23	3.782229308996746e-18	2.665319401915937e-12	1.198498173681032e-07	3.8271333228481226e-05	1.2685233451238707e-05	2.0721470918342368e-11	1.0263976968304168e-19	1.1802429532426481e-14	9.119537659441988e-13	6.065420810181124e-12	4.865160275907614e-16	2.8871088916838204e-17	1.952215111636332e-20	1.6998482027474914e-19	4.864854132452073e-20	4.4768394152929036e-29	3.55311828689752e-38	2.559725202712347e-32	2.001316006368937e-12	0.0004955162036263819	1.486516536534551e-11	1.1527033179204174e-05	4.771307168816365e-08	0.004100847239338775	0.0008381050628066175	1.1015479048707956e-08	7.5808049910854455e-22	1.0992125247066198e-16	0.0387112718766658	5.955926431087592e-10	0.001033944251623001	1.6303480452117095e-16	1.6271929132969193e-69	6.193492202581358e-11	1.0876215212647376e-20	4.253451615661863e-11	7.143377815085497e-23	1.3846163281828804e-27	2.131843289804956e-33	1.977794227325279e-39	2.5872088775286284e-15	6.1417098490627505e-21	8.708372549765968e-18	1.7182849930223817e-27	1.4206075445688388e-34	2.032038440725897e-39	2.849297658194359e-46	4.522782099958722e-15	3.025961981737397e-15	1.5447737190080726e-20	1.5405271938632976e-20	4.700204357894875e-31	1.58192246283069e-44	1.3384773329919868e-36	4.613567182206347e-58	0.007674468161412259	3.3151721954004684e-08	4.70060541016576e-05	8.712618847939566e-62	3.2437293678154277e-76	4.0931777125489413e-13	3.694182981966798e-07	0.00017960743267602828	4.125025265480535e-13	1.4821235756157466e-09	3.339832056425869e-19	2.6456301158777643e-19	5.3558196142347945e-25	4.266005830060486e-25	8.777162532397282e-17	4.403363063764093e-39	0.00019576223904302494	5.5910414061890194e-11	0.0	0.0	0.0	0.0	0.0	0.0	5.038001137174231	0.12419853224891123	0.49679644829238745	0.0	0.0	0.0	0.0	0.0	0.0	0.0	0.0	0.190800000010904	0.0	0.0	0.0	0.19800006837166848	0.0
8.175	-2.217778343058042e-08	250.0	1.0	1.44e-10	0.125	0.18	1.0	7.04575074278818	-2.7403316791590044	1.3936457383605677e-07	1.131999952828426e-07	55.44715768067203	6.983489435008687e-08	2.916549918028454e-10	1.3869917743102034e-08	1.1090777720966583e-09	8.495681380874022e-11	5.788475888540679e-12	2.150942172067016e-12	1.5577982253451903e-12	3.3604800824466215e-17	4.781844220947289e-56	9.84810011628612e-07	3.41903558313052e-06	5.397017124661132e-06	0.003306445915842858	4.468464960617052e-05	0.00010088960198792262	2.0996833099938016e-06	0.0005216303214838406	5.9408202027410796e-05	6.776557505455037e-08	1.8466192413519344e-09	3.820795522004756e-06	7.832558020695012e-10	3.914729339410433e-06	4.9782042786523664e-14	1.0659091841731232e-17	5.605797125991074e-09	0.006065597549742619	0.0014903849765008955	9.162276393633197e-09	5.0559882898659085e-05	5.70278011192264e-07	5.5091128437534444e-17	0.04067439238438716	3.956748329250288e-06	0.0003091135248457813	0.00014921279292343825	5.573486784630916e-10	5.403328745837886e-06	6.220224498901589e-06	6.641494768672629e-21	5.410012924852672e-22	8.619436402350982e-25	2.093814883424233e-56	3.5698185951640795e-28	1.8108879132743441e-155	2.761178925457389e-23	3.782229308997303e-18	2.6653194019160353e-12	1.1984981736809487e-07	3.8271333228474186e-05	1.2685233451236866e-05	2.0721470918341182e-11	1.0263976968304756e-19	1.1802429532427882e-14	9.119537659442213e-13	6.065420810180529e-12	4.86516027590658e-16	2.8871088916832066e-17	1.9522151116356933e-20	1.6998482027470047e-19	4.8648541324507596e-20	4.4768394152908527e-29	3.553118286895427e-38	2.559725202711635e-32	2.0013160063690354e-12	0.0004955162036263819	1.486516536534709e-11	1.152703317920448e-05	4.7713071688160435e-08	0.004100847239338024	0.0008381050628064966	1.1015479048707212e-08	7.580804991083027e-22	1.099212524706467e-16	0.03871127187666576	5.955926431088224e-10	0.0010339442516230253	1.630348045211756e-16	1.6271929132967062e-69	6.193492202582043e-11	1.087621521264969e-20	4.253451615661898e-11	7.143377815086724e-23	1.384616328183073e-27	2.1318432898050957e-33	1.977794227325376e-39	2.5872088775286813e-15	6.141709849062249e-21	8.708372549765968e-18	1.7182849930220725e-27	1.4206075445687924e-34	2.032038440725664e-39	2.8492976581937065e-46	4.522782099959e-15	3.025961981737298e-15	1.5447737190078704e-20	1.5405271938630833e-20	4.700204357894566e-31	1.5819224628304053e-44	1.3384773329916803e-36	4.613567182205366e-58	0.0076744681614123456	3.3151721954001904e-08	4.7006054101657694e-05	8.712618847938426e-62	3.243729367814685e-76	4.093177712549745e-13	3.694182981967168e-07	0.00017960743267602847	4.1250252654813456e-13	1.482123575615898e-09	3.339832056426825e-19	2.645630115878565e-19	5.355819614236722e-25	4.266005830062022e-25	8.777162532399078e-17	4.403363063766326e-39	0.00019576223904301754	5.5910414061894536e-11	0.0	0.0	0.0	0.0	0.0	0.0	5.0380011371742315	0.12419853224891121	0.49679644829238756	0.0	0.0	0.0	0.0	0.0	0.0	0.0	0.0	0.190800000010904	0.0	0.0	0.0	0.19800006837166845	0.0
8.425	-2.217778471169742e-08	250.0	1.0	1.44e-10	0.125	0.18	1.0	7.04575074278821	-2.740331679159038	1.3936457383606587e-07	1.1319999528283472e-07	55.447157680672035	6.983489435008616e-08	2.91654991802843e-10	1.3869917743101127e-08	1.1090777720965085e-09	8.495681380872215e-11	5.788475888539448e-12	2.150942172066409e-12	1.5577982253447952e-12	3.3604800824466763e-17	4.781844220947601e-56	9.848100116286584e-07	3.419035583130681e-06	5.397017124661132e-06	0.003306445915842794	4.46846496061697e-05	0.00010088960198791571	2.0996833099938016e-06	0.0005216303214837958	5.940820202740666e-05	6.776557505455258e-08	1.846619241351927e-09	3.820795522004756e-06	7.832558020695365e-10	3.914729339410289e-06	4.978204278652448e-14	1.0659091841730536e-17	5.605797125991189e-09	0.006065597549742304	0.0014903849765008498	9.162276393633384e-09	5.0559882898656604e-05	5.702780111922372e-07	5.509112843753174e-17	0.04067439238438718	3.956748329250297e-06	0.0003091135248457816	0.00014921279292343106	5.573486784630551e-10	5.403328745837798e-06	6.220224498901271e-06	6.641494768671759e-21	5.410012924852008e-22	8.619436402349996e-25	2.0938148834239245e-56	3.5698185951636414e-28	1.8108879132743441e-155	2.761178925457976e-23	3.782229308997891e-18	2.6653194019162643e-12	1.1984981736809683e-07	3.827133322847223e-05	1.2685233451236476e-05	2.0721470918340843e-11	1.0263976968304924e-19	1.1802429532429523e-14	9.119537659442883e-13	6.065420810180603e-12	4.865160275906301e-16	2.8871088916830414e-17	1.9522151116354378e-20	1.6998482027468239e-19	4.864854132450361e-20	4.47683941529034e-29	3.5531182868950784e-38	2.5597252027113214e-32	2.001316006369068e-12	0.0004955162036263814	1.4865165365348125e-11	1.1527033179204669e-05	4.771307168816121e-08	0.00410084723933781	0.0008381050628064709	1.1015479048707371e-08	7.580804991083585e-22	1.0992125247064176e-16	0.03871127187666576	5.955926431088614e-10	0.0010339442516230433	1.630348045211756e-16	1.627192913296653e-69	6.193492202582244e-11	1.0876215212650757e-20	4.2534516156617586e-11	7.143377815087016e-23	1.384616328183039e-27	2.131843289804991e-33	1.977794227325117e-39	2.5872088775286706e-15	6.141709849061846e-21	8.708372549765826e-18	1.7182849930218475e-27	1.420607544568769e-34	2.032038440725498e-39	2.8492976581932868e-46	4.522782099959129e-15	3.0259619817371865e-15	1.544773719007706e-20	1.5405271938629196e-20	4.700204357894182e-31	1.5819224628301467e-44	1.3384773329913956e-36	4.613567182204008e-58	0.007674468161412447	3.3151721954000276e-08	4.7006054101657694e-05	8.712618847937856e-62	3.2437293678142605e-76	4.093177712550264e-13	3.69418298196741e-07	0.00017960743267602828	4.1250252654818686e-13	1.4821235756159951e-09	3.339832056427508e-19	2.645630115879063e-19	5.35581961423808e-25	4.266005830063103e-25	8.777162532400154e-17	4.403363063768055e-39	0.00019576223904301372	5.591041406189728e-11	0.0	0.0	0.0	0.0	0.0	0.0	5.0380011371742315	0.12419853224891121	0.4967964482923876	0.0	0.0	0.0	0.0	0.0	0.0	0.0	0.0	0.190800000010904	0.0	0.0	0.0	0.19800006837166848	0.0
8.675	-2.2177786467792384e-08	250.0	1.0	1.44e-10	0.125	0.18	1.0	7.045750742788219	-2.7403316791590506	1.3936457383606902e-07	1.1319999528283218e-07	55.44715768067203	6.983489435008788e-08	2.9165499180285014e-10	1.3869917743100899e-08	1.1090777720964722e-09	8.495681380871728e-11	5.788475888539117e-12	2.1509421720662244e-12	1.557798225344687e-12	3.3604800824468963e-17	4.781844220948071e-56	9.848100116287268e-07	3.4190355831308977e-06	5.397017124661132e-06	0.003306445915842946	4.46846496061718e-05	0.00010088960198791354	2.0996833099938016e-06	0.0005216303214838112	5.940820202740545e-05	6.776557505455674e-08	1.8466192413519042e-09	3.820795522004756e-06	7.832558020695876e-10	3.914729339410433e-06	4.978204278652875e-14	1.0659091841730884e-17	5.605797125990914e-09	0.006065597549741851	0.0014903849765007583	9.162276393632896e-09	5.0559882898653196e-05	5.702780111921987e-07	5.509112843752903e-17	0.04067439238438718	3.956748329250304e-06	0.0003091135248457829	0.00014921279292342068	5.573486784630437e-10	5.403328745837753e-06	6.220224498900852e-06	6.641494768671053e-21	5.410012924851477e-22	8.61943640234908e-25	2.093814883423788e-56	3.5698185951632907e-28	1.810887913274107e-155	2.7611789254580436e-23	3.782229308997891e-18	2.665319401916188e-12	1.198498173680917e-07	3.8271333228469334e-05	1.2685233451235673e-05	2.0721470918339912e-11	1.026397696830484e-19	1.1802429532429378e-14	9.119537659442586e-13	6.0654208101802066e-12	4.865160275905863e-16	2.8871088916827814e-17	1.9522151116351983e-20	1.699848202746657e-19	4.864854132449884e-20	4.476839415289461e-29	3.5531182868940897e-38	2.559725202711091e-32	2.0013160063691008e-12	0.0004955162036263814	1.486516536534843e-11	1.152703317920474e-05	4.7713071688159065e-08	0.004100847239337504	0.0008381050628064195	1.1015479048706875e-08	7.580804991081973e-22	1.0992125247063591e-16	0.03871127187666574	5.95592643108876e-10	0.0010339442516230507	1.6303480452117827e-16	1.6271929132966e-69	6.193492202582423e-11	1.0876215212651291e-20	4.2534516156617935e-11	7.143377815087367e-23	1.384616328183107e-27	2.131843289805026e-33	1.9777942273252143e-39	2.5872088775287026e-15	6.1417098490617965e-21	8.708372549765897e-18	1.7182849930217916e-27	1.4206075445687227e-34	2.0320384407253982e-39	2.8492976581931e-46	4.5227820999592215e-15	3.0259619817371865e-15	1.5447737190076808e-20	1.5405271938628943e-20	4.70020435789422e-31	1.5819224628301467e-44	1.3384773329913737e-36	4.613567182203856e-58	0.007674468161412463	3.315172195399967e-08	4.70060541016576e-05	8.71261884793757e-62	3.2437293678141544e-76	4.093177712550431e-13	3.694182981967493e-07	0.00017960743267602828	4.125025265482037e-13	1.4821235756160193e-09	3.3398320564276447e-19	2.645630115879193e-19	5.355819614238431e-25	4.266005830063383e-25	8.777162532400514e-17	4.4033630637683435e-39	0.00019576223904301052	5.591041406189797e-11	0.0	0.0	0.0	0.0	0.0	0.0	5.0380011371742315	0.12419853224891123	0.49679644829238767	0.0	0.0	0.0	0.0	0.0	0.0	0.0	0.0	0.190800000010904	0.0	0.0	0.0	0.19800006837166845	0.0
8.925	-2.2177794474880372e-08	250.0	1.0	1.44e-10	0.125	0.18	1.0	7.045750742788338	-2.7403316791591936	1.3936457383610635e-07	1.1319999528280045e-07	55.447157680672035	6.983489435009087e-08	2.916549918028669e-10	1.3869917743097977e-08	1.1090777720959233e-09	8.495681380865056e-11	5.788475888534547e-12	2.1509421720638842e-12	1.5577982253431576e-12	3.3604800824476106e-17	4.781844220950418e-56	9.848100116290351e-07	3.4190355831318977e-06	5.397017124661132e-06	0.003306445915843061	4.46846496061739e-05	0.00010088960198788486	2.0996833099938016e-06	0.000521630321483688	5.940820202738856e-05	6.776557505457406e-08	1.8466192413518213e-09	3.820795522004763e-06	7.832558020698151e-10	3.91472933941033e-06	4.978204278654178e-14	1.0659091841729664e-17	5.605797125990616e-09	0.006065597549739785	0.0014903849765003803	9.16227639363241e-09	5.055988289863717e-05	5.702780111920273e-07	5.509112843751236e-17	0.04067439238438724	3.956748329250361e-06	0.00030911352484578664	0.00014921279292337355	5.573486784628978e-10	5.403328745837422e-06	6.220224498898905e-06	6.641494768666707e-21	5.410012924848025e-22	8.619436402343791e-25	2.0938148834224516e-56	3.5698185951611007e-28	1.810887913273396e-155	2.761178925460099e-23	3.7822293089997165e-18	2.665319401916831e-12	1.1984981736808555e-07	3.827133322845642e-05	1.2685233451232507e-05	2.072147091833847e-11	1.0263976968306687e-19	1.1802429532434544e-14	9.119537659444264e-13	6.0654208101796355e-12	4.865160275903993e-16	2.8871088916816714e-17	1.9522151116338567e-20	1.6998482027456558e-19	4.8648541324473765e-20	4.4768394152858355e-29	3.55311828689066e-38	2.5597252027094784e-32	2.0013160063693383e-12	0.0004955162036263809	1.4865165365352684e-11	1.1527033179205446e-05	4.771307168815662e-08	0.004100847239336108	0.000838105062806207	1.1015479048706312e-08	7.580804991079988e-22	1.0992125247060309e-16	0.03871127187666566	5.955926431090441e-10	0.001033944251623112	1.6303480452118094e-16	1.6271929132962802e-69	6.193492202583917e-11	1.0876215212656718e-20	4.253451615661707e-11	7.143377815089938e-23	1.3846163281834128e-27	2.1318432898052e-33	1.9777942273250525e-39	2.5872088775286813e-15	6.1417098490601384e-21	8.70837254976554e-18	1.718284993020892e-27	1.4206075445685367e-34	2.0320384407246334e-39	2.8492976581912355e-46	4.522782099959887e-15	3.0259619817368524e-15	1.5447737190070997e-20	1.5405271938623148e-20	4.700204357893144e-31	1.58192246282937e-44	1.3384773329905196e-36	4.613567182200233e-58	0.007674468161412761	3.315172195399248e-08	4.700605410165779e-05	8.712618847934719e-62	3.2437293678123497e-76	4.0931777125525744e-13	3.694182981968475e-07	0.00017960743267602828	4.12502526548418e-13	1.4821235756164133e-09	3.3398320564301854e-19	2.645630115881227e-19	5.355819614243776e-25	4.26600583006764e-25	8.777162532405036e-17	4.403363063774611e-39	0.0001957622390429941	5.591041406190963e-11	0.0	0.0	0.0	0.0	0.0	0.0	5.038001137174231	0.12419853224891123	0.496796448292388	0.0	0.0	0.0	0.0	0.0	0.0	0.0	0.0	0.190800000010904	0.0	0.0	0.0	0.19800006837166848	0.0
9.175	-2.217778064929014e-08	250.0	1.0	1.44e-10	0.125	0.18	1.0	7.045750742788148	-2.7403316791589676	1.393645738360465e-07	1.1319999528285093e-07	55.44715768067203	6.983489435008573e-08	2.9165499180284063e-10	1.3869917743102687e-08	1.1090777720968034e-09	8.495681380875759e-11	5.788475888541863e-12	2.150942172067632e-12	1.5577982253455598e-12	3.360480082446539e-17	4.781844220946819e-56	9.848100116285195e-07	3.4190355831302193e-06	5.397017124661121e-06	0.0033064459158427973	4.4684649606169516e-05	0.00010088960198793025	2.0996833099937974e-06	0.0005216303214838705	5.940820202741517e-05	6.776557505454663e-08	1.8466192413519646e-09	3.820795522004747e-06	7.832558020694339e-10	3.9147293394105135e-06	4.978204278651898e-14	1.0659091841731582e-17	5.605797125991166e-09	0.006065597549743221	0.0014903849765009747	9.162276393633346e-09	5.055988289866374e-05	5.702780111923142e-07	5.509112843753895e-17	0.04067439238438714	3.956748329250272e-06	0.00030911352484578035	0.0001492127929234523	5.573486784631325e-10	5.403328745838107e-06	6.220224498902162e-06	6.6414947686738236e-21	5.410012924853646e-22	8.619436402352534e-25	2.0938148834245756e-56	3.5698185951647216e-28	1.8108879132745812e-155	2.7611789254568464e-23	3.78222930899687e-18	2.6653194019158826e-12	1.198498173680978e-07	3.827133322847802e-05	1.2685233451237514e-05	2.072147091834186e-11	1.0263976968304504e-19	1.1802429532426338e-14	9.119537659441839e-13	6.065420810180728e-12	4.865160275907137e-16	2.8871088916835135e-17	1.9522151116360604e-20	1.699848202747255e-19	4.8648541324512766e-20	4.476839415291915e-29	3.553118286896357e-38	2.559725202712096e-32	2.001316006368994e-12	0.0004955162036263829	1.4865165365345996e-11	1.1527033179204008e-05	4.771307168816141e-08	0.0041008472393384305	0.0008381050628065411	1.1015479048707392e-08	7.580804991083834e-22	1.0992125247065614e-16	0.0387112718766658	5.955926431087786e-10	0.0010339442516229852	1.6303480452117428e-16	1.6271929132968127e-69	6.193492202581687e-11	1.0876215212648265e-20	4.253451615661967e-11	7.143377815086081e-23	1.3846163281829938e-27	2.131843289805061e-33	1.9777942273254084e-39	2.5872088775286813e-15	6.141709849062701e-21	8.708372549766253e-18	1.7182849930223257e-27	1.4206075445687924e-34	2.0320384407257972e-39	2.8492976581941257e-46	4.522782099958759e-15	3.025961981737323e-15	1.5447737190079968e-20	1.540527193863222e-20	4.700204357894682e-31	1.5819224628305348e-44	1.3384773329918555e-36	4.61356718220597e-58	0.007674468161412071	3.315172195400299e-08	4.70060541016576e-05	8.712618847938996e-62	3.243729367815003e-76	4.0931777125491756e-13	3.694182981966896e-07	0.00017960743267602847	4.1250252654807715e-13	1.482123575615789e-09	3.339832056426142e-19	2.6456301158779805e-19	5.355819614235277e-25	4.26600583006087e-25	8.777162532397785e-17	4.403363063764669e-39	0.00019576223904302654	5.591041406189271e-11	0.0	0.0	0.0	0.0	0.0	0.0	5.0380011371742315	0.12419853224891121	0.4967964482923875	0.0	0.0	0.0	0.0	0.0	0.0	0.0	0.0	0.190800000010904	0.0	0.0	0.0	0.19800006837166845	0.0
9.425	-2.217779205582204e-08	250.0	1.0	1.44e-10	0.125	0.18	1.0	7.045750742788303	-2.74033167915915	1.3936457383609523e-07	1.1319999528280994e-07	55.447157680672035	6.983489435008872e-08	2.9165499180285733e-10	1.3869917743098517e-08	1.1090777720960594e-09	8.495681380866933e-11	5.788475888535826e-12	2.150942172064544e-12	1.5577982253435973e-12	3.360480082447281e-17	4.781844220949557e-56	9.848100116289324e-07	3.419035583131569e-06	5.397017124661132e-06	0.0033064459158429933	4.4684649606172715e-05	0.00010088960198789352	2.0996833099938016e-06	0.00052163032148372	5.9408202027393666e-05	6.776557505456727e-08	1.8466192413518364e-09	3.820795522004756e-06	7.832558020697383e-10	3.914729339410273e-06	4.97820427865369e-14	1.0659091841729838e-17	5.605797125990753e-09	0.0060655975497404795	0.0014903849765005297	9.162276393632671e-09	5.0559882898642544e-05	5.702780111920844e-07	5.5091128437518217e-17	0.04067439238438722	3.956748329250336e-06	0.0003091135248457854	0.00014921279292338927	5.57348678462941e-10	5.403328745837455e-06	6.220224498899541e-06	6.6414947686680646e-21	5.410012924849131e-22	8.619436402345411e-25	2.0938148834228627e-56	3.5698185951617724e-28	1.810887913273633e-155	2.761178925459535e-23	3.782229308999252e-18	2.6653194019166565e-12	1.1984981736808873e-07	3.827133322846072e-05	1.2685233451233752e-05	2.0721470918338895e-11	1.0263976968306099e-19	1.1802429532432999e-14	9.119537659443816e-13	6.065420810179834e-12	4.86516027590459e-16	2.887108891682026e-17	1.952215111634272e-20	1.6998482027460034e-19	4.864854132448292e-20	4.4768394152870075e-29	3.5531182868917646e-38	2.559725202710002e-32	2.0013160063692563e-12	0.0004955162036263809	1.4865165365351408e-11	1.15270331792054e-05	4.7713071688157894e-08	0.004100847239336577	0.0008381050628062909	1.1015479048706605e-08	7.5808049910809805e-22	1.0992125247061477e-16	0.038711271876665676	5.955926431089954e-10	0.001033944251623108	1.6303480452118027e-16	1.6271929132963868e-69	6.19349220258341e-11	1.0876215212655027e-20	4.253451615661707e-11	7.14337781508912e-23	1.3846163281832881e-27	2.1318432898050957e-33	1.9777942273250525e-39	2.5872088775287026e-15	6.141709849060691e-21	8.70837254976554e-18	1.718284993021173e-27	1.4206075445686297e-34	2.032038440724933e-39	2.849297658191888e-46	4.52278209995974e-15	3.0259619817369763e-15	1.5447737190072893e-20	1.5405271938625037e-20	4.700204357893567e-31	1.5819224628296548e-44	1.3384773329908261e-36	4.613567182201517e-58	0.007674468161412792	3.3151721953995055e-08	4.7006054101657694e-05	8.712618847935717e-62	3.243729367813093e-76	4.093177712551938e-13	3.6941829819681875e-07	0.00017960743267602847	4.1250252654835554e-13	1.482123575616298e-09	3.339832056429448e-19	2.645630115880621e-19	5.355819614242242e-25	4.266005830066419e-25	8.777162532403745e-17	4.40336306377281e-39	0.00019576223904299692	5.591041406190528e-11	0.0	0.0	0.0	0.0	0.0	0.0	5.038001137174231	0.12419853224891123	0.4967964482923879	0.0	0.0	0.0	0.0	0.0	0.0	0.0	0.0	0.190800000010904	0.0	0.0	0.0	0.19800006837166848	0.0
9.675	-2.2177787776060182e-08	250.0	1.0	1.44e-10	0.125	0.18	1.0	7.045750742788227	-2.7403316791590595	1.3936457383607156e-07	1.1319999528283009e-07	55.44715768067203	6.98348943500873e-08	2.9165499180285257e-10	1.3869917743100672e-08	1.1090777720964405e-09	8.495681380871347e-11	5.788475888538833e-12	2.150942172066075e-12	1.557798225344636e-12	3.3604800824468963e-17	4.781844220948149e-56	9.848100116287552e-07	3.4190355831309956e-06	5.397017124661132e-06	0.00330644591584298	4.468464960617226e-05	0.00010088960198791148	2.0996833099938016e-06	0.0005216303214838048	5.940820202740424e-05	6.776557505455618e-08	1.8466192413519118e-09	3.820795522004756e-06	7.832558020696101e-10	3.914729339410337e-06	4.97820427865312e-14	1.0659091841730884e-17	5.605797125990845e-09	0.0060655975497416765	0.0014903849765007721	9.162276393632784e-09	5.0559882898651746e-05	5.702780111921824e-07	5.509112843752993e-17	0.04067439238438718	3.956748329250304e-06	0.0003091135248457826	0.00014921279292341643	5.573486784630322e-10	5.403328745837566e-06	6.220224498900673e-06	6.641494768670781e-21	5.410012924851211e-22	8.619436402348726e-25	2.093814883423719e-56	3.569818595163174e-28	1.810887913274107e-155	2.7611789254581565e-23	3.782229308997952e-18	2.6653194019162207e-12	1.1984981736808998e-07	3.8271333228468236e-05	1.2685233451235802e-05	2.072147091834008e-11	1.026397696830526e-19	1.1802429532429668e-14	9.119537659442586e-13	6.0654208101801815e-12	4.865160275905764e-16	2.887108891682734e-17	1.9522151116351182e-20	1.699848202746643e-19	4.864854132450083e-20	4.476839415289278e-29	3.5531182868939153e-38	2.559725202711112e-32	2.0013160063691008e-12	0.0004955162036263814	1.4865165365348732e-11	1.1527033179205187e-05	4.771307168815848e-08	0.004100847239337386	0.0008381050628064272	1.1015479048706739e-08	7.580804991081663e-22	1.0992125247063816e-16	0.0387112718766657	5.955926431088858e-10	0.0010339442516230889	1.6303480452118562e-16	1.6271929132966e-69	6.193492202582624e-11	1.0876215212651825e-20	4.253451615661863e-11	7.143377815087834e-23	1.3846163281831975e-27	2.131843289805235e-33	1.9777942273254084e-39	2.5872088775288296e-15	6.1417098490619974e-21	8.70837254976604e-18	1.7182849930218196e-27	1.4206075445687924e-34	2.0320384407254647e-39	2.8492976581931468e-46	4.52278209995937e-15	3.0259619817372236e-15	1.5447737190076682e-20	1.5405271938628943e-20	4.700204357894336e-31	1.5819224628301985e-44	1.3384773329914613e-36	4.613567182204083e-58	0.007674468161412753	3.315172195400041e-08	4.7006054101657694e-05	8.712618847937856e-62	3.2437293678142605e-76	4.093177712550582e-13	3.6941829819675533e-07	0.00017960743267602828	4.1250252654821887e-13	1.4821235756160435e-09	3.3398320564278084e-19	2.6456301158793224e-19	5.355819614238825e-25	4.266005830063697e-25	8.777162532400801e-17	4.4033630637687755e-39	0.00019576223904300372	5.591041406189705e-11	0.0	0.0	0.0	0.0	0.0	0.0	5.0380011371742315	0.12419853224891121	0.4967964482923877	0.0	0.0	0.0	0.0	0.0	0.0	0.0	0.0	0.190800000010904	0.0	0.0	0.0	0.19800006837166845	0.0
9.925	-2.2177782800337085e-08	250.0	1.0	1.44e-10	0.125	0.18	1.0	7.045750742788181	-2.740331679159005	1.3936457383605703e-07	1.1319999528284236e-07	55.44715768067203	6.98348943500863e-08	2.91654991802843e-10	1.3869917743101893e-08	1.1090777720966446e-09	8.495681380873952e-11	5.788475888540632e-12	2.1509421720669898e-12	1.5577982253451648e-12	3.360480082446539e-17	4.781844220947132e-56	9.848100116285839e-07	3.419035583130436e-06	5.39701712466111e-06	0.003306445915842767	4.468464960616915e-05	0.00010088960198792253	2.099683309993793e-06	0.0005216303214838256	5.9408202027410674e-05	6.776557505454856e-08	1.846619241351942e-09	3.820795522004747e-06	7.832558020694852e-10	3.914729339410321e-06	4.978204278652101e-14	1.0659091841730884e-17	5.605797125991235e-09	0.006065597549742787	0.0014903849765009337	9.162276393633459e-09	5.055988289866033e-05	5.702780111922768e-07	5.5091128437536244e-17	0.04067439238438716	3.956748329250272e-06	0.000309113524845781	0.00014921279292344204	5.573486784630916e-10	5.403328745837886e-06	6.2202244989017546e-06	6.6414947686727914e-21	5.410012924852804e-22	8.619436402351193e-25	2.093814883424233e-56	3.569818595164167e-28	1.8108879132744625e-155	2.7611789254574565e-23	3.782229308997458e-18	2.6653194019161116e-12	1.1984981736809855e-07	3.827133322847528e-05	1.2685233451237203e-05	2.072147091834152e-11	1.026397696830484e-19	1.1802429532428171e-14	9.119537659442437e-13	6.0654208101807026e-12	4.865160275906738e-16	2.887108891683301e-17	1.952215111635741e-20	1.6998482027470463e-19	4.8648541324509185e-20	4.476839415291146e-29	3.553118286895776e-38	2.559725202711719e-32	2.001316006369027e-12	0.0004955162036263819	1.486516536534709e-11	1.1527033179204457e-05	4.77130716881617e-08	0.004100847239338137	0.000838105062806518	1.1015479048707528e-08	7.580804991083958e-22	1.0992125247065074e-16	0.03871127187666576	5.955926431088224e-10	0.0010339442516230264	1.6303480452117694e-16	1.6271929132967595e-69	6.193492202581991e-11	1.08762152126496e-20	4.253451615661863e-11	7.143377815086665e-23	1.384616328183039e-27	2.131843289805061e-33	1.977794227325279e-39	2.5872088775287132e-15	6.141709849062298e-21	8.708372549766111e-18	1.718284993022087e-27	1.4206075445687924e-34	2.032038440725664e-39	2.8492976581937065e-46	4.522782099959e-15	3.0259619817372733e-15	1.5447737190078578e-20	1.540527193863071e-20	4.70020435789449e-31	1.5819224628303536e-44	1.3384773329916146e-36	4.61356718220514e-58	0.007674468161412361	3.3151721954001904e-08	4.70060541016576e-05	8.712618847938426e-62	3.243729367814685e-76	4.0931777125497784e-13	3.6941829819671827e-07	0.00017960743267602847	4.125025265481379e-13	1.482123575615898e-09	3.3398320564268796e-19	2.645630115878565e-19	5.355819614236809e-25	4.266005830062091e-25	8.777162532399078e-17	4.4033630637665425e-39	0.00019576223904301792	5.5910414061894536e-11	0.0	0.0	0.0	0.0	0.0	0.0	5.0380011371742315	0.12419853224891121	0.49679644829238756	0.0	0.0	0.0	0.0	0.0	0.0	0.0	0.0	0.190800000010904	0.0	0.0	0.0	0.19800006837166848	0.0
10.175	-2.217778309384247e-08	250.0	1.0	1.44e-10	0.125	0.18	1.0	7.045750742788172	-2.7403316791589942	1.393645738360542e-07	1.1319999528284467e-07	55.44715768067203	6.98348943500863e-08	2.91654991802843e-10	1.3869917743102034e-08	1.10907777209669e-09	8.495681380874405e-11	5.788475888540939e-12	2.150942172067157e-12	1.5577982253452922e-12	3.360480082446594e-17	4.781844220947132e-56	9.84810011628592e-07	3.419035583130464e-06	5.397017124661121e-06	0.0033064459158428615	4.468464960617052e-05	0.00010088960198792459	2.0996833099937974e-06	0.0005216303214838512	5.940820202741189e-05	6.776557505454898e-08	1.8466192413519495e-09	3.820795522004756e-06	7.832558020694916e-10	3.914729339410425e-06	4.978204278652305e-14	1.0659091841731406e-17	5.605797125991074e-09	0.006065597549742737	0.0014903849765009244	9.162276393633197e-09	5.055988289865992e-05	5.702780111922733e-07	5.5091128437536693e-17	0.04067439238438716	3.956748329250288e-06	0.000309113524845781	0.00014921279292344082	5.573486784631029e-10	5.403328745837875e-06	6.220224498901704e-06	6.6414947686729005e-21	5.410012924852893e-22	8.619436402351335e-25	2.0938148834243356e-56	3.569818595164225e-28	1.8108879132744625e-155	2.761178925457231e-23	3.782229308997148e-18	2.6653194019159808e-12	1.198498173680951e-07	3.8271333228474965e-05	1.2685233451237125e-05	2.0721470918341353e-11	1.0263976968304756e-19	1.18024295324274e-14	9.119537659441988e-13	6.065420810180554e-12	4.865160275906719e-16	2.8871088916832775e-17	1.952215111635773e-20	1.6998482027470742e-19	4.864854132450998e-20	4.476839415291109e-29	3.553118286895718e-38	2.5597252027118025e-32	2.001316006369027e-12	0.0004955162036263825	1.486516536534685e-11	1.1527033179204504e-05	4.7713071688160335e-08	0.0041008472393381035	0.0008381050628065129	1.1015479048707212e-08	7.580804991083089e-22	1.0992125247065164e-16	0.03871127187666576	5.955926431088102e-10	0.0010339442516230286	1.630348045211796e-16	1.6271929132967595e-69	6.193492202581991e-11	1.0876215212649422e-20	4.2534516156619505e-11	7.143377815086665e-23	1.3846163281830844e-27	2.1318432898052e-33	1.977794227325473e-39	2.5872088775287555e-15	6.1417098490625e-21	8.708372549766182e-18	1.718284993022185e-27	1.4206075445688157e-34	2.0320384407257306e-39	2.849297658193846e-46	4.522782099958963e-15	3.0259619817373104e-15	1.5447737190079083e-20	1.5405271938631212e-20	4.700204357894605e-31	1.581922462830457e-44	1.338477332991724e-36	4.6135671822055175e-58	0.007674468161412369	3.3151721954002645e-08	4.7006054101657694e-05	8.71261884793871e-62	3.243729367814897e-76	4.093177712549611e-13	3.6941829819671075e-07	0.00017960743267602847	4.1250252654812103e-13	1.4821235756158678e-09	3.339832056426661e-19	2.645630115878392e-19	5.355819614236371e-25	4.266005830061742e-25	8.777162532398718e-17	4.4033630637659657e-39	0.00019576223904301733	5.591041406189339e-11	0.0	0.0	0.0	0.0	0.0	0.0	5.0380011371742315	0.12419853224891121	0.49679644829238756	0.0	0.0	0.0	0.0	0.0	0.0	0.0	0.0	0.190800000010904	0.0	0.0	0.0	0.19800006837166848	0.0
