%x	chargebalance	pH	pe	OH-	H+	H2O	Al[OH]4-	NaAl[OH]4	Al[OH]3	Al[OH]2+	Al[OH]+2	AlH3SiO4+2	Al+3	Al[SO4]+	CH4	CH3-	Na[CO3]-	CO3-2	CaCO3	HCO3-	Na[HCO3]	Ca[HCO3]+	Mg[CO3]	CO2	Mg[HCO3]+	Sr[CO3]	Fe[OH]CO3	FeCO3	Fe[CO3]2-2	Sr[HCO3]+	Fe[CO3]3-3	CO	Ca[OH]+	Ca+2	Ca[SO4]	Ca[H3SiO4]+	CaCl+	CaCl2	Ca[S2O3]	Cl-	KCl	NaCl	MgCl+	HCl	SrCl+	FeCl+	FeCl+2	FeCl2+	FeCl3	Cl2	FeCl4-	ClO4-	Fe[OH]4-2	Fe[OH]3-	Fe[OH]2	Fe[OH]+	Fe+2	Fe[SO4]	Fe[HS]+	Fe[HS]2	Fe[OH]4-	Fe[OH]3	Fe[OH]2+	Fe[OH]+2	Fe[H3SiO4]+2	Fe+3	Fe[SO4]+	Fe[SO4]2-	Fe2[OH]2+4	Fe3[OH]4+5	FeS2O3+	H2	K+	K[OH]	K[SO4]-	Mg[OH]+	Mg+2	Mg[SO4]	Mg[H3SiO4]+	Mg4[OH]4+4	Mg[S2O3]	Na+	Na[OH]	Na[SO4]-	Na[S2O3]-	O2	HS-	S-2	H2S	S2-2	S3-2	S4-2	S5-2	S2O3-2	H[S2O3]-	Sr[S2O3]	H2[S2O3]	S2O4-2	HS2O4-	H2S2O4	SO3-2	H[SO3]-	SO2	H2[SO3]	S2O5-2	S3O6-2	S4O6-2	S5O6-2	SO4-2	H[SO4]-	Sr[SO4]	HSO5-	S2O8-2	H2[SiO4]-2	H3[SiO4]-	H4[SiO4]	Si2O3[OH]4-2	Si2O2[OH]5-	Si3O6[OH]3-3	Si3O5[OH]5-3	Si4O7[OH]6-4	Si4O8[OH]4-4	Si4O6[OH]6-2	Si6O15-6	Sr+2	Sr[OH]+	Brucite	C3AH6	C4FH13	CSH0_8	CSH1_2	CSH1_6	Calcite	Celestite	Dolomite	Ettringite	Ettringite-Fe	Ferrihydrite[am]	Hydrotalcite	Hydrotalcite-CO3	Magnetite	Monosulfate-Fe	Portlandite	Pyrite	Pyrrhotite	Saponite-FeCa	SiO2[am]	Siderite	Stratlingite
0.01	0.069498454	13.61212792	-5.007253164	0.541944249	3.30623E-14	55.508682	0.000644102	9.85052E-06	2.92657E-11	7.83369E-19	2.06945E-26	2.4528E-32	2.09249E-34	1.36184E-35	5.64931E-63	3.58282E-95	0.000282524	0.00027595	4.8013E-06	5.81193E-08	2.87624E-09	2.94668E-11	1.26207E-13	2.09761E-15	1.17235E-18	8.23547E-19	1.99646E-19	2.11359E-20	3.93089E-22	1.56193E-23	1.17362E-26	1.10055E-37	0.000362215	0.000135162	3.56057E-06	1.02985E-08	2.10271E-15	4.5602E-26	6.94359E-68	1.01805E-10	6.66021E-12	2.83316E-12	4.1928E-22	3.12995E-25	3.06979E-27	1.60857E-30	1.15763E-47	1.75992E-57	5.39136E-69	2.94758E-78	6.28212E-81	1.0429E-129	6.52366E-13	1.98434E-14	3.19904E-15	4.81535E-17	5.30292E-21	1.88443E-22	4.3923E-69	3.4289E-119	1.2102E-06	2.13925E-11	4.76287E-17	1.31752E-27	1.36008E-33	2.11137E-38	1.65207E-38	7.64148E-40	5.90469E-52	6.61836E-66	1.3125E-99	4.48342E-21	0.433793608	0.038875475	0.001630916	2.08301E-10	6.17419E-12	1.35284E-13	8.36564E-16	6.64195E-31	9.36072E-75	0.184529833	0.008481236	0.000796554	6.62643E-65	2.19579E-52	1.27063E-52	1.02454E-55	1.9579E-59	1.38264E-97	5.5067E-142	1.7421E-187	3.3208E-233	2.95839E-64	1.52949E-76	1.49938E-79	9.60099E-90	6.32661E-75	1.97088E-86	6.2006E-100	2.51695E-24	3.66746E-31	4.28322E-43	4.18925E-43	8.15242E-63	2.1957E-107	3.8173E-139	2.7036E-200	0.001663378	1.56488E-15	1.53408E-18	1.60176E-60	3.32379E-82	0.000127137	2.49898E-05	2.72604E-09	2.22884E-09	1.74409E-12	1.70197E-13	1.32226E-13	2.86732E-17	2.32868E-17	1.46328E-22	4.54041E-27	5.95914E-17	4.9351E-17	0	0.63975561	0.940000072	0	0	11.53852647	130.1539874	0	0	0.360206941	0	0	0.12	0	0.000769231	0	11.77577955	0	0	0	0	0	0
0.03	0.069498454	13.61212792	-5.007253164	0.541944249	3.30623E-14	55.508682	0.000644102	9.85052E-06	2.92657E-11	7.83369E-19	2.06945E-26	2.4528E-32	2.09249E-34	1.36184E-35	5.64931E-63	3.58282E-95	0.000282524	0.00027595	4.8013E-06	5.81193E-08	2.87624E-09	2.94668E-11	1.26207E-13	2.09761E-15	1.17235E-18	8.23547E-19	1.99646E-19	2.11359E-20	3.93089E-22	1.56193E-23	1.17362E-26	1.10055E-37	0.000362215	0.000135162	3.56057E-06	1.02985E-08	2.10271E-15	4.5602E-26	6.94359E-68	1.01805E-10	6.66021E-12	2.83316E-12	4.1928E-22	3.12995E-25	3.06979E-27	1.60857E-30	1.15763E-47	1.75992E-57	5.39136E-69	2.94758E-78	6.28212E-81	1.0429E-129	6.52366E-13	1.98434E-14	3.19904E-15	4.81535E-17	5.30292E-21	1.88443E-22	4.3923E-69	3.4289E-119	1.2102E-06	2.13925E-11	4.76287E-17	1.31752E-27	1.36008E-33	2.11137E-38	1.65207E-38	7.64148E-40	5.90469E-52	6.61836E-66	1.3125E-99	4.48342E-21	0.433793608	0.038875475	0.001630916	2.08301E-10	6.17419E-12	1.35284E-13	8.36564E-16	6.64195E-31	9.36072E-75	0.184529833	0.008481236	0.000796554	6.62643E-65	2.19579E-52	1.27063E-52	1.02454E-55	1.9579E-59	1.38264E-97	5.5067E-142	1.7421E-187	3.3208E-233	2.95839E-64	1.52949E-76	1.49938E-79	9.60099E-90	6.32661E-75	1.97088E-86	6.2006E-100	2.51695E-24	3.66746E-31	4.28322E-43	4.18925E-43	8.15242E-63	2.1957E-107	3.8173E-139	2.7036E-200	0.001663378	1.56488E-15	1.53408E-18	1.60176E-60	3.32379E-82	0.000127137	2.49898E-05	2.72604E-09	2.22884E-09	1.74409E-12	1.70197E-13	1.32226E-13	2.86732E-17	2.32868E-17	1.46328E-22	4.54041E-27	5.95914E-17	4.9351E-17	0	0.63975561	0.940000072	0	0	11.53852647	130.1539874	0	0	0.360206941	0	0	0.12	0	0.000769231	0	11.77577955	0	0	0	0	0	0
0.05	0.069498454	13.61212792	-5.007253164	0.541944249	3.30623E-14	55.508682	0.000644102	9.85052E-06	2.92657E-11	7.83369E-19	2.06945E-26	2.4528E-32	2.09249E-34	1.36184E-35	5.64931E-63	3.58282E-95	0.000282524	0.00027595	4.8013E-06	5.81193E-08	2.87624E-09	2.94668E-11	1.26207E-13	2.09761E-15	1.17235E-18	8.23547E-19	1.99646E-19	2.11359E-20	3.93089E-22	1.56193E-23	1.17362E-26	1.10055E-37	0.000362215	0.000135162	3.56057E-06	1.02985E-08	2.10271E-15	4.5602E-26	6.94359E-68	1.01805E-10	6.66021E-12	2.83316E-12	4.1928E-22	3.12995E-25	3.06979E-27	1.60857E-30	1.15763E-47	1.75992E-57	5.39136E-69	2.94758E-78	6.28212E-81	1.0429E-129	6.52366E-13	1.98434E-14	3.19904E-15	4.81535E-17	5.30292E-21	1.88443E-22	4.3923E-69	3.4289E-119	1.2102E-06	2.13925E-11	4.76287E-17	1.31752E-27	1.36008E-33	2.11137E-38	1.65207E-38	7.64148E-40	5.90469E-52	6.61836E-66	1.3125E-99	4.48342E-21	0.433793608	0.038875475	0.001630916	2.08301E-10	6.17419E-12	1.35284E-13	8.36564E-16	6.64195E-31	9.36072E-75	0.184529833	0.008481236	0.000796554	6.62643E-65	2.19579E-52	1.27063E-52	1.02454E-55	1.9579E-59	1.38264E-97	5.5067E-142	1.7421E-187	3.3208E-233	2.95839E-64	1.52949E-76	1.49938E-79	9.60099E-90	6.32661E-75	1.97088E-86	6.2006E-100	2.51695E-24	3.66746E-31	4.28322E-43	4.18925E-43	8.15242E-63	2.1957E-107	3.8173E-139	2.7036E-200	0.001663378	1.56488E-15	1.53408E-18	1.60176E-60	3.32379E-82	0.000127137	2.49898E-05	2.72604E-09	2.22884E-09	1.74409E-12	1.70197E-13	1.32226E-13	2.86732E-17	2.32868E-17	1.46328E-22	4.54041E-27	5.95914E-17	4.9351E-17	0	0.63975561	0.940000072	0	0	11.53852647	130.1539874	0	0	0.360206941	0	0	0.12	0	0.000769231	0	11.77577955	0	0	0	0	0	0
0.07	0.069498454	13.61212792	-5.007253164	0.541944249	3.30623E-14	55.508682	0.000644102	9.85052E-06	2.92657E-11	7.83369E-19	2.06945E-26	2.4528E-32	2.09249E-34	1.36184E-35	5.64931E-63	3.58282E-95	0.000282524	0.00027595	4.8013E-06	5.81193E-08	2.87624E-09	2.94668E-11	1.26207E-13	2.09761E-15	1.17235E-18	8.23547E-19	1.99646E-19	2.11359E-20	3.93089E-22	1.56193E-23	1.17362E-26	1.10055E-37	0.000362215	0.000135162	3.56057E-06	1.02985E-08	2.10271E-15	4.5602E-26	6.94359E-68	1.01805E-10	6.66021E-12	2.83316E-12	4.1928E-22	3.12995E-25	3.06979E-27	1.60857E-30	1.15763E-47	1.75992E-57	5.39136E-69	2.94758E-78	6.28212E-81	1.0429E-129	6.52366E-13	1.98434E-14	3.19904E-15	4.81535E-17	5.30292E-21	1.88443E-22	4.3923E-69	3.4289E-119	1.2102E-06	2.13925E-11	4.76287E-17	1.31752E-27	1.36008E-33	2.11137E-38	1.65207E-38	7.64148E-40	5.90469E-52	6.61836E-66	1.3125E-99	4.48342E-21	0.433793608	0.038875475	0.001630916	2.08301E-10	6.17419E-12	1.35284E-13	8.36564E-16	6.64195E-31	9.36072E-75	0.184529833	0.008481236	0.000796554	6.62643E-65	2.19579E-52	1.27063E-52	1.02454E-55	1.9579E-59	1.38264E-97	5.5067E-142	1.7421E-187	3.3208E-233	2.95839E-64	1.52949E-76	1.49938E-79	9.60099E-90	6.32661E-75	1.97088E-86	6.2006E-100	2.51695E-24	3.66746E-31	4.28322E-43	4.18925E-43	8.15242E-63	2.1957E-107	3.8173E-139	2.7036E-200	0.001663378	1.56488E-15	1.53408E-18	1.60176E-60	3.32379E-82	0.000127137	2.49898E-05	2.72604E-09	2.22884E-09	1.74409E-12	1.70197E-13	1.32226E-13	2.86732E-17	2.32868E-17	1.46328E-22	4.54041E-27	5.95914E-17	4.9351E-17	0	0.63975561	0.940000072	0	0	11.53852647	130.1539874	0	0	0.360206941	0	0	0.12	0	0.000769231	0	11.77577955	0	0	0	0	0	0
0.09	0.069498454	13.61212792	-5.007253164	0.541944249	3.30623E-14	55.508682	0.000644102	9.85052E-06	2.92657E-11	7.83369E-19	2.06945E-26	2.4528E-32	2.09249E-34	1.36184E-35	5.64931E-63	3.58282E-95	0.000282524	0.00027595	4.8013E-06	5.81193E-08	2.87624E-09	2.94668E-11	1.26207E-13	2.09761E-15	1.17235E-18	8.23547E-19	1.99646E-19	2.11359E-20	3.93089E-22	1.56193E-23	1.17362E-26	1.10055E-37	0.000362215	0.000135162	3.56057E-06	1.02985E-08	2.10271E-15	4.5602E-26	6.94359E-68	1.01805E-10	6.66021E-12	2.83316E-12	4.1928E-22	3.12995E-25	3.06979E-27	1.60857E-30	1.15763E-47	1.75992E-57	5.39136E-69	2.94758E-78	6.28212E-81	1.0429E-129	6.52366E-13	1.98434E-14	3.19904E-15	4.81535E-17	5.30292E-21	1.88443E-22	4.3923E-69	3.4289E-119	1.2102E-06	2.13925E-11	4.76287E-17	1.31752E-27	1.36008E-33	2.11137E-38	1.65207E-38	7.64148E-40	5.90469E-52	6.61836E-66	1.3125E-99	4.48342E-21	0.433793608	0.038875475	0.001630916	2.08301E-10	6.17419E-12	1.35284E-13	8.36564E-16	6.64195E-31	9.36072E-75	0.184529833	0.008481236	0.000796554	6.62643E-65	2.19579E-52	1.27063E-52	1.02454E-55	1.9579E-59	1.38264E-97	5.5067E-142	1.7421E-187	3.3208E-233	2.95839E-64	1.52949E-76	1.49938E-79	9.60099E-90	6.32661E-75	1.97088E-86	6.2006E-100	2.51695E-24	3.66746E-31	4.28322E-43	4.18925E-43	8.15242E-63	2.1957E-107	3.8173E-139	2.7036E-200	0.001663378	1.56488E-15	1.53408E-18	1.60176E-60	3.32379E-82	0.000127137	2.49898E-05	2.72604E-09	2.22884E-09	1.74409E-12	1.70197E-13	1.32226E-13	2.86732E-17	2.32868E-17	1.46328E-22	4.54041E-27	5.95914E-17	4.9351E-17	0	0.63975561	0.940000072	0	0	11.53852647	130.1539874	0	0	0.360206941	0	0	0.12	0	0.000769231	0	11.77577955	0	0	0	0	0	0
0.11	0.069498454	13.61212792	-5.007253164	0.541944249	3.30623E-14	55.508682	0.000644102	9.85052E-06	2.92657E-11	7.83369E-19	2.06945E-26	2.4528E-32	2.09249E-34	1.36184E-35	5.64931E-63	3.58282E-95	0.000282524	0.00027595	4.8013E-06	5.81193E-08	2.87624E-09	2.94668E-11	1.26207E-13	2.09761E-15	1.17235E-18	8.23547E-19	1.99646E-19	2.11359E-20	3.93089E-22	1.56193E-23	1.17362E-26	1.10055E-37	0.000362215	0.000135162	3.56057E-06	1.02985E-08	2.10271E-15	4.5602E-26	6.94359E-68	1.01805E-10	6.66021E-12	2.83316E-12	4.1928E-22	3.12995E-25	3.06979E-27	1.60857E-30	1.15763E-47	1.75992E-57	5.39136E-69	2.94758E-78	6.28212E-81	1.0429E-129	6.52366E-13	1.98434E-14	3.19904E-15	4.81535E-17	5.30292E-21	1.88443E-22	4.3923E-69	3.4289E-119	1.2102E-06	2.13925E-11	4.76287E-17	1.31752E-27	1.36008E-33	2.11137E-38	1.65207E-38	7.64148E-40	5.90469E-52	6.61836E-66	1.3125E-99	4.48342E-21	0.433793608	0.038875475	0.001630916	2.08301E-10	6.17419E-12	1.35284E-13	8.36564E-16	6.64195E-31	9.36072E-75	0.184529833	0.008481236	0.000796554	6.62643E-65	2.19579E-52	1.27063E-52	1.02454E-55	1.9579E-59	1.38264E-97	5.5067E-142	1.7421E-187	3.3208E-233	2.95839E-64	1.52949E-76	1.49938E-79	9.60099E-90	6.32661E-75	1.97088E-86	6.2006E-100	2.51695E-24	3.66746E-31	4.28322E-43	4.18925E-43	8.15242E-63	2.1957E-107	3.8173E-139	2.7036E-200	0.001663378	1.56488E-15	1.53408E-18	1.60176E-60	3.32379E-82	0.000127137	2.49898E-05	2.72604E-09	2.22884E-09	1.74409E-12	1.70197E-13	1.32226E-13	2.86732E-17	2.32868E-17	1.46328E-22	4.54041E-27	5.95914E-17	4.9351E-17	0	0.63975561	0.940000072	0	0	11.53852647	130.1539874	0	0	0.360206941	0	0	0.12	0	0.000769231	0	11.77577955	0	0	0	0	0	0
0.13	0.069498454	13.61212792	-5.007253164	0.541944249	3.30623E-14	55.508682	0.000644102	9.85052E-06	2.92657E-11	7.83369E-19	2.06945E-26	2.4528E-32	2.09249E-34	1.36184E-35	5.64931E-63	3.58282E-95	0.000282524	0.00027595	4.8013E-06	5.81193E-08	2.87624E-09	2.94668E-11	1.26207E-13	2.09761E-15	1.17235E-18	8.23547E-19	1.99646E-19	2.11359E-20	3.93089E-22	1.56193E-23	1.17362E-26	1.10055E-37	0.000362215	0.000135162	3.56057E-06	1.02985E-08	2.10271E-15	4.5602E-26	6.94359E-68	1.01805E-10	6.66021E-12	2.83316E-12	4.1928E-22	3.12995E-25	3.06979E-27	1.60857E-30	1.15763E-47	1.75992E-57	5.39136E-69	2.94758E-78	6.28212E-81	1.0429E-129	6.52366E-13	1.98434E-14	3.19904E-15	4.81535E-17	5.30292E-21	1.88443E-22	4.3923E-69	3.4289E-119	1.2102E-06	2.13925E-11	4.76287E-17	1.31752E-27	1.36008E-33	2.11137E-38	1.65207E-38	7.64148E-40	5.90469E-52	6.61836E-66	1.3125E-99	4.48342E-21	0.433793608	0.038875475	0.001630916	2.08301E-10	6.17419E-12	1.35284E-13	8.36564E-16	6.64195E-31	9.36072E-75	0.184529833	0.008481236	0.000796554	6.62643E-65	2.19579E-52	1.27063E-52	1.02454E-55	1.9579E-59	1.38264E-97	5.5067E-142	1.7421E-187	3.3208E-233	2.95839E-64	1.52949E-76	1.49938E-79	9.60099E-90	6.32661E-75	1.97088E-86	6.2006E-100	2.51695E-24	3.66746E-31	4.28322E-43	4.18925E-43	8.15242E-63	2.1957E-107	3.8173E-139	2.7036E-200	0.001663378	1.56488E-15	1.53408E-18	1.60176E-60	3.32379E-82	0.000127137	2.49898E-05	2.72604E-09	2.22884E-09	1.74409E-12	1.70197E-13	1.32226E-13	2.86732E-17	2.32868E-17	1.46328E-22	4.54041E-27	5.95914E-17	4.9351E-17	0	0.63975561	0.940000072	0	0	11.53852647	130.1539874	0	0	0.360206941	0	0	0.12	0	0.000769231	0	11.77577955	0	0	0	0	0	0
0.15	0.069498454	13.61212792	-5.007253164	0.541944249	3.30623E-14	55.508682	0.000644102	9.85052E-06	2.92657E-11	7.83369E-19	2.06945E-26	2.4528E-32	2.09249E-34	1.36184E-35	5.64931E-63	3.58282E-95	0.000282524	0.00027595	4.8013E-06	5.81193E-08	2.87624E-09	2.94668E-11	1.26207E-13	2.09761E-15	1.17235E-18	8.23547E-19	1.99646E-19	2.11359E-20	3.93089E-22	1.56193E-23	1.17362E-26	1.10055E-37	0.000362215	0.000135162	3.56057E-06	1.02985E-08	2.10271E-15	4.5602E-26	6.94359E-68	1.01805E-10	6.66021E-12	2.83316E-12	4.1928E-22	3.12995E-25	3.06979E-27	1.60857E-30	1.15763E-47	1.75992E-57	5.39136E-69	2.94758E-78	6.28212E-81	1.0429E-129	6.52366E-13	1.98434E-14	3.19904E-15	4.81535E-17	5.30292E-21	1.88443E-22	4.3923E-69	3.4289E-119	1.2102E-06	2.13925E-11	4.76287E-17	1.31752E-27	1.36008E-33	2.11137E-38	1.65207E-38	7.64148E-40	5.90469E-52	6.61836E-66	1.3125E-99	4.48342E-21	0.433793608	0.038875475	0.001630916	2.08301E-10	6.17419E-12	1.35284E-13	8.36564E-16	6.64195E-31	9.36072E-75	0.184529833	0.008481236	0.000796554	6.62643E-65	2.19579E-52	1.27063E-52	1.02454E-55	1.9579E-59	1.38264E-97	5.5067E-142	1.7421E-187	3.3208E-233	2.95839E-64	1.52949E-76	1.49938E-79	9.60099E-90	6.32661E-75	1.97088E-86	6.2006E-100	2.51695E-24	3.66746E-31	4.28322E-43	4.18925E-43	8.15242E-63	2.1957E-107	3.8173E-139	2.7036E-200	0.001663378	1.56488E-15	1.53408E-18	1.60176E-60	3.32379E-82	0.000127137	2.49898E-05	2.72604E-09	2.22884E-09	1.74409E-12	1.70197E-13	1.32226E-13	2.86732E-17	2.32868E-17	1.46328E-22	4.54041E-27	5.95914E-17	4.9351E-17	0	0.63975561	0.940000072	0	0	11.53852647	130.1539874	0	0	0.360206941	0	0	0.12	0	0.000769231	0	11.77577955	0	0	0	0	0	0
0.17	0.069498454	13.61212792	-5.007253164	0.541944249	3.30623E-14	55.508682	0.000644102	9.85052E-06	2.92657E-11	7.83369E-19	2.06945E-26	2.4528E-32	2.09249E-34	1.36184E-35	5.64931E-63	3.58282E-95	0.000282524	0.00027595	4.8013E-06	5.81193E-08	2.87624E-09	2.94668E-11	1.26207E-13	2.09761E-15	1.17235E-18	8.23547E-19	1.99646E-19	2.11359E-20	3.93089E-22	1.56193E-23	1.17362E-26	1.10055E-37	0.000362215	0.000135162	3.56057E-06	1.02985E-08	2.10271E-15	4.5602E-26	6.94359E-68	1.01805E-10	6.66021E-12	2.83316E-12	4.1928E-22	3.12995E-25	3.06979E-27	1.60857E-30	1.15763E-47	1.75992E-57	5.39136E-69	2.94758E-78	6.28212E-81	1.0429E-129	6.52366E-13	1.98434E-14	3.19904E-15	4.81535E-17	5.30292E-21	1.88443E-22	4.3923E-69	3.4289E-119	1.2102E-06	2.13925E-11	4.76287E-17	1.31752E-27	1.36008E-33	2.11137E-38	1.65207E-38	7.64148E-40	5.90469E-52	6.61836E-66	1.3125E-99	4.48342E-21	0.433793608	0.038875475	0.001630916	2.08301E-10	6.17419E-12	1.35284E-13	8.36564E-16	6.64195E-31	9.36072E-75	0.184529833	0.008481236	0.000796554	6.62643E-65	2.19579E-52	1.27063E-52	1.02454E-55	1.9579E-59	1.38264E-97	5.5067E-142	1.7421E-187	3.3208E-233	2.95839E-64	1.52949E-76	1.49938E-79	9.60099E-90	6.32661E-75	1.97088E-86	6.2006E-100	2.51695E-24	3.66746E-31	4.28322E-43	4.18925E-43	8.15242E-63	2.1957E-107	3.8173E-139	2.7036E-200	0.001663378	1.56488E-15	1.53408E-18	1.60176E-60	3.32379E-82	0.000127137	2.49898E-05	2.72604E-09	2.22884E-09	1.74409E-12	1.70197E-13	1.32226E-13	2.86732E-17	2.32868E-17	1.46328E-22	4.54041E-27	5.95914E-17	4.9351E-17	0	0.63975561	0.940000072	0	0	11.53852647	130.1539874	0	0	0.360206941	0	0	0.12	0	0.000769231	0	11.77577955	0	0	0	0	0	0
0.19	0.069498454	13.61212792	-5.007253164	0.541944249	3.30623E-14	55.508682	0.000644102	9.85052E-06	2.92657E-11	7.83369E-19	2.06945E-26	2.4528E-32	2.09249E-34	1.36184E-35	5.64931E-63	3.58282E-95	0.000282524	0.00027595	4.8013E-06	5.81193E-08	2.87624E-09	2.94668E-11	1.26207E-13	2.09761E-15	1.17235E-18	8.23547E-19	1.99646E-19	2.11359E-20	3.93089E-22	1.56193E-23	1.17362E-26	1.10055E-37	0.000362215	0.000135162	3.56057E-06	1.02985E-08	2.10271E-15	4.5602E-26	6.94359E-68	1.01805E-10	6.66021E-12	2.83316E-12	4.1928E-22	3.12995E-25	3.06979E-27	1.60857E-30	1.15763E-47	1.75992E-57	5.39136E-69	2.94758E-78	6.28212E-81	1.0429E-129	6.52366E-13	1.98434E-14	3.19904E-15	4.81535E-17	5.30292E-21	1.88443E-22	4.3923E-69	3.4289E-119	1.2102E-06	2.13925E-11	4.76287E-17	1.31752E-27	1.36008E-33	2.11137E-38	1.65207E-38	7.64148E-40	5.90469E-52	6.61836E-66	1.3125E-99	4.48342E-21	0.433793608	0.038875475	0.001630916	2.08301E-10	6.17419E-12	1.35284E-13	8.36564E-16	6.64195E-31	9.36072E-75	0.184529833	0.008481236	0.000796554	6.62643E-65	2.19579E-52	1.27063E-52	1.02454E-55	1.9579E-59	1.38264E-97	5.5067E-142	1.7421E-187	3.3208E-233	2.95839E-64	1.52949E-76	1.49938E-79	9.60099E-90	6.32661E-75	1.97088E-86	6.2006E-100	2.51695E-24	3.66746E-31	4.28322E-43	4.18925E-43	8.15242E-63	2.1957E-107	3.8173E-139	2.7036E-200	0.001663378	1.56488E-15	1.53408E-18	1.60176E-60	3.32379E-82	0.000127137	2.49898E-05	2.72604E-09	2.22884E-09	1.74409E-12	1.70197E-13	1.32226E-13	2.86732E-17	2.32868E-17	1.46328E-22	4.54041E-27	5.95914E-17	4.9351E-17	0	0.63975561	0.940000072	0	0	11.53852647	130.1539874	0	0	0.360206941	0	0	0.12	0	0.000769231	0	11.77577955	0	0	0	0	0	0
0.21	0.069498454	13.61212792	-5.007253164	0.541944249	3.30623E-14	55.508682	0.000644102	9.85052E-06	2.92657E-11	7.83369E-19	2.06945E-26	2.4528E-32	2.09249E-34	1.36184E-35	5.64931E-63	3.58282E-95	0.000282524	0.00027595	4.8013E-06	5.81193E-08	2.87624E-09	2.94668E-11	1.26207E-13	2.09761E-15	1.17235E-18	8.23547E-19	1.99646E-19	2.11359E-20	3.93089E-22	1.56193E-23	1.17362E-26	1.10055E-37	0.000362215	0.000135162	3.56057E-06	1.02985E-08	2.10271E-15	4.5602E-26	6.94359E-68	1.01805E-10	6.66021E-12	2.83316E-12	4.1928E-22	3.12995E-25	3.06979E-27	1.60857E-30	1.15763E-47	1.75992E-57	5.39136E-69	2.94758E-78	6.28212E-81	1.0429E-129	6.52366E-13	1.98434E-14	3.19904E-15	4.81535E-17	5.30292E-21	1.88443E-22	4.3923E-69	3.4289E-119	1.2102E-06	2.13925E-11	4.76287E-17	1.31752E-27	1.36008E-33	2.11137E-38	1.65207E-38	7.64148E-40	5.90469E-52	6.61836E-66	1.3125E-99	4.48342E-21	0.433793608	0.038875475	0.001630916	2.08301E-10	6.17419E-12	1.35284E-13	8.36564E-16	6.64195E-31	9.36072E-75	0.184529833	0.008481236	0.000796554	6.62643E-65	2.19579E-52	1.27063E-52	1.02454E-55	1.9579E-59	1.38264E-97	5.5067E-142	1.7421E-187	3.3208E-233	2.95839E-64	1.52949E-76	1.49938E-79	9.60099E-90	6.32661E-75	1.97088E-86	6.2006E-100	2.51695E-24	3.66746E-31	4.28322E-43	4.18925E-43	8.15242E-63	2.1957E-107	3.8173E-139	2.7036E-200	0.001663378	1.56488E-15	1.53408E-18	1.60176E-60	3.32379E-82	0.000127137	2.49898E-05	2.72604E-09	2.22884E-09	1.74409E-12	1.70197E-13	1.32226E-13	2.86732E-17	2.32868E-17	1.46328E-22	4.54041E-27	5.95914E-17	4.9351E-17	0	0.63975561	0.940000072	0	0	11.53852647	130.1539874	0	0	0.360206941	0	0	0.12	0	0.000769231	0	11.77577955	0	0	0	0	0	0
0.23	0.069498454	13.61212792	-5.007253164	0.541944249	3.30623E-14	55.508682	0.000644102	9.85052E-06	2.92657E-11	7.83369E-19	2.06945E-26	2.4528E-32	2.09249E-34	1.36184E-35	5.64931E-63	3.58282E-95	0.000282524	0.00027595	4.8013E-06	5.81193E-08	2.87624E-09	2.94668E-11	1.26207E-13	2.09761E-15	1.17235E-18	8.23547E-19	1.99646E-19	2.11359E-20	3.93089E-22	1.56193E-23	1.17362E-26	1.10055E-37	0.000362215	0.000135162	3.56057E-06	1.02985E-08	2.10271E-15	4.5602E-26	6.94359E-68	1.01805E-10	6.66021E-12	2.83316E-12	4.1928E-22	3.12995E-25	3.06979E-27	1.60857E-30	1.15763E-47	1.75992E-57	5.39136E-69	2.94758E-78	6.28212E-81	1.0429E-129	6.52366E-13	1.98434E-14	3.19904E-15	4.81535E-17	5.30292E-21	1.88443E-22	4.3923E-69	3.4289E-119	1.2102E-06	2.13925E-11	4.76287E-17	1.31752E-27	1.36008E-33	2.11137E-38	1.65207E-38	7.64148E-40	5.90469E-52	6.61836E-66	1.3125E-99	4.48342E-21	0.433793608	0.038875475	0.001630916	2.08301E-10	6.17419E-12	1.35284E-13	8.36564E-16	6.64195E-31	9.36072E-75	0.184529833	0.008481236	0.000796554	6.62643E-65	2.19579E-52	1.27063E-52	1.02454E-55	1.9579E-59	1.38264E-97	5.5067E-142	1.7421E-187	3.3208E-233	2.95839E-64	1.52949E-76	1.49938E-79	9.60099E-90	6.32661E-75	1.97088E-86	6.2006E-100	2.51695E-24	3.66746E-31	4.28322E-43	4.18925E-43	8.15242E-63	2.1957E-107	3.8173E-139	2.7036E-200	0.001663378	1.56488E-15	1.53408E-18	1.60176E-60	3.32379E-82	0.000127137	2.49898E-05	2.72604E-09	2.22884E-09	1.74409E-12	1.70197E-13	1.32226E-13	2.86732E-17	2.32868E-17	1.46328E-22	4.54041E-27	5.95914E-17	4.9351E-17	0	0.63975561	0.940000072	0	0	11.53852647	130.1539874	0	0	0.360206941	0	0	0.12	0	0.000769231	0	11.77577955	0	0	0	0	0	0
0.25	0.069498454	13.61212792	-5.007253164	0.541944249	3.30623E-14	55.508682	0.000644102	9.85052E-06	2.92657E-11	7.83369E-19	2.06945E-26	2.4528E-32	2.09249E-34	1.36184E-35	5.64931E-63	3.58282E-95	0.000282524	0.00027595	4.8013E-06	5.81193E-08	2.87624E-09	2.94668E-11	1.26207E-13	2.09761E-15	1.17235E-18	8.23547E-19	1.99646E-19	2.11359E-20	3.93089E-22	1.56193E-23	1.17362E-26	1.10055E-37	0.000362215	0.000135162	3.56057E-06	1.02985E-08	2.10271E-15	4.5602E-26	6.94359E-68	1.01805E-10	6.66021E-12	2.83316E-12	4.1928E-22	3.12995E-25	3.06979E-27	1.60857E-30	1.15763E-47	1.75992E-57	5.39136E-69	2.94758E-78	6.28212E-81	1.0429E-129	6.52366E-13	1.98434E-14	3.19904E-15	4.81535E-17	5.30292E-21	1.88443E-22	4.3923E-69	3.4289E-119	1.2102E-06	2.13925E-11	4.76287E-17	1.31752E-27	1.36008E-33	2.11137E-38	1.65207E-38	7.64148E-40	5.90469E-52	6.61836E-66	1.3125E-99	4.48342E-21	0.433793608	0.038875475	0.001630916	2.08301E-10	6.17419E-12	1.35284E-13	8.36564E-16	6.64195E-31	9.36072E-75	0.184529833	0.008481236	0.000796554	6.62643E-65	2.19579E-52	1.27063E-52	1.02454E-55	1.9579E-59	1.38264E-97	5.5067E-142	1.7421E-187	3.3208E-233	2.95839E-64	1.52949E-76	1.49938E-79	9.60099E-90	6.32661E-75	1.97088E-86	6.2006E-100	2.51695E-24	3.66746E-31	4.28322E-43	4.18925E-43	8.15242E-63	2.1957E-107	3.8173E-139	2.7036E-200	0.001663378	1.56488E-15	1.53408E-18	1.60176E-60	3.32379E-82	0.000127137	2.49898E-05	2.72604E-09	2.22884E-09	1.74409E-12	1.70197E-13	1.32226E-13	2.86732E-17	2.32868E-17	1.46328E-22	4.54041E-27	5.95914E-17	4.9351E-17	0	0.63975561	0.940000072	0	0	11.53852647	130.1539874	0	0	0.360206941	0	0	0.12	0	0.000769231	0	11.77577955	0	0	0	0	0	0
0.27	0.069498454	13.61212792	-5.007253164	0.541944249	3.30623E-14	55.508682	0.000644102	9.85052E-06	2.92657E-11	7.83369E-19	2.06945E-26	2.4528E-32	2.09249E-34	1.36184E-35	5.64931E-63	3.58282E-95	0.000282524	0.00027595	4.8013E-06	5.81193E-08	2.87624E-09	2.94668E-11	1.26207E-13	2.09761E-15	1.17235E-18	8.23547E-19	1.99646E-19	2.11359E-20	3.93089E-22	1.56193E-23	1.17362E-26	1.10055E-37	0.000362215	0.000135162	3.56057E-06	1.02985E-08	2.10271E-15	4.5602E-26	6.94359E-68	1.01805E-10	6.66021E-12	2.83316E-12	4.1928E-22	3.12995E-25	3.06979E-27	1.60857E-30	1.15763E-47	1.75992E-57	5.39136E-69	2.94758E-78	6.28212E-81	1.0429E-129	6.52366E-13	1.98434E-14	3.19904E-15	4.81535E-17	5.30292E-21	1.88443E-22	4.3923E-69	3.4289E-119	1.2102E-06	2.13925E-11	4.76287E-17	1.31752E-27	1.36008E-33	2.11137E-38	1.65207E-38	7.64148E-40	5.90469E-52	6.61836E-66	1.3125E-99	4.48342E-21	0.433793608	0.038875475	0.001630916	2.08301E-10	6.17419E-12	1.35284E-13	8.36564E-16	6.64195E-31	9.36072E-75	0.184529833	0.008481236	0.000796554	6.62643E-65	2.19579E-52	1.27063E-52	1.02454E-55	1.9579E-59	1.38264E-97	5.5067E-142	1.7421E-187	3.3208E-233	2.95839E-64	1.52949E-76	1.49938E-79	9.60099E-90	6.32661E-75	1.97088E-86	6.2006E-100	2.51695E-24	3.66746E-31	4.28322E-43	4.18925E-43	8.15242E-63	2.1957E-107	3.8173E-139	2.7036E-200	0.001663378	1.56488E-15	1.53408E-18	1.60176E-60	3.32379E-82	0.000127137	2.49898E-05	2.72604E-09	2.22884E-09	1.74409E-12	1.70197E-13	1.32226E-13	2.86732E-17	2.32868E-17	1.46328E-22	4.54041E-27	5.95914E-17	4.9351E-17	0	0.63975561	0.940000072	0	0	11.53852647	130.1539874	0	0	0.360206941	0	0	0.12	0	0.000769231	0	11.77577955	0	0	0	0	0	0
0.29	0.069498454	13.61212792	-5.007253164	0.541944249	3.30623E-14	55.508682	0.000644102	9.85052E-06	2.92657E-11	7.83369E-19	2.06945E-26	2.4528E-32	2.09249E-34	1.36184E-35	5.64931E-63	3.58282E-95	0.000282524	0.00027595	4.8013E-06	5.81193E-08	2.87624E-09	2.94668E-11	1.26207E-13	2.09761E-15	1.17235E-18	8.23547E-19	1.99646E-19	2.11359E-20	3.93089E-22	1.56193E-23	1.17362E-26	1.10055E-37	0.000362215	0.000135162	3.56057E-06	1.02985E-08	2.10271E-15	4.5602E-26	6.94359E-68	1.01805E-10	6.66021E-12	2.83316E-12	4.1928E-22	3.12995E-25	3.06979E-27	1.60857E-30	1.15763E-47	1.75992E-57	5.39136E-69	2.94758E-78	6.28212E-81	1.0429E-129	6.52366E-13	1.98434E-14	3.19904E-15	4.81535E-17	5.30292E-21	1.88443E-22	4.3923E-69	3.4289E-119	1.2102E-06	2.13925E-11	4.76287E-17	1.31752E-27	1.36008E-33	2.11137E-38	1.65207E-38	7.64148E-40	5.90469E-52	6.61836E-66	1.3125E-99	4.48342E-21	0.433793608	0.038875475	0.001630916	2.08301E-10	6.17419E-12	1.35284E-13	8.36564E-16	6.64195E-31	9.36072E-75	0.184529833	0.008481236	0.000796554	6.62643E-65	2.19579E-52	1.27063E-52	1.02454E-55	1.9579E-59	1.38264E-97	5.5067E-142	1.7421E-187	3.3208E-233	2.95839E-64	1.52949E-76	1.49938E-79	9.60099E-90	6.32661E-75	1.97088E-86	6.2006E-100	2.51695E-24	3.66746E-31	4.28322E-43	4.18925E-43	8.15242E-63	2.1957E-107	3.8173E-139	2.7036E-200	0.001663378	1.56488E-15	1.53408E-18	1.60176E-60	3.32379E-82	0.000127137	2.49898E-05	2.72604E-09	2.22884E-09	1.74409E-12	1.70197E-13	1.32226E-13	2.86732E-17	2.32868E-17	1.46328E-22	4.54041E-27	5.95914E-17	4.9351E-17	0	0.63975561	0.940000072	0	0	11.53852647	130.1539874	0	0	0.360206941	0	0	0.12	0	0.000769231	0	11.77577955	0	0	0	0	0	0
0.321428571	-2.21778E-08	7.045750743	-2.740331679	1.39365E-07	1.132E-07	55.508682	6.98349E-08	2.91655E-10	1.38699E-08	1.10908E-09	8.49568E-11	5.78848E-12	2.15094E-12	1.5578E-12	3.36048E-17	4.78184E-56	9.8481E-07	3.41904E-06	5.39702E-06	0.003306446	4.46846E-05	0.00010089	2.09968E-06	0.00052163	5.94082E-05	6.77656E-08	1.84662E-09	3.8208E-06	7.83256E-10	3.91473E-06	4.9782E-14	1.06591E-17	5.6058E-09	0.006065598	0.001490385	9.16228E-09	5.05599E-05	5.70278E-07	5.50911E-17	0.040674392	3.95675E-06	0.000309114	0.000149213	5.57349E-10	5.40333E-06	6.22022E-06	6.64149E-21	5.41001E-22	8.61944E-25	2.09381E-56	3.56982E-28	1.8109E-155	2.76118E-23	3.78223E-18	2.66532E-12	1.1985E-07	3.82713E-05	1.26852E-05	2.07215E-11	1.0264E-19	1.18024E-14	9.11954E-13	6.06542E-12	4.86516E-16	2.88711E-17	1.95222E-20	1.69985E-19	4.86485E-20	4.47684E-29	3.55312E-38	2.55973E-32	2.00132E-12	0.000495516	1.48652E-11	1.1527E-05	4.77131E-08	0.004100847	0.000838105	1.10155E-08	7.5808E-22	1.09921E-16	0.038711272	5.95593E-10	0.001033944	1.63035E-16	1.62719E-69	6.19349E-11	1.08762E-20	4.25345E-11	7.14338E-23	1.38462E-27	2.13184E-33	1.97779E-39	2.58721E-15	6.14171E-21	8.70837E-18	1.71828E-27	1.42061E-34	2.03204E-39	2.8493E-46	4.52278E-15	3.02596E-15	1.54477E-20	1.54053E-20	4.7002E-31	1.58192E-44	1.33848E-36	4.61357E-58	0.007674468	3.31517E-08	4.70061E-05	8.71262E-62	3.24373E-76	4.09318E-13	3.69418E-07	0.000179607	4.12503E-13	1.48212E-09	3.33983E-19	2.64563E-19	5.35582E-25	4.26601E-25	8.77716E-17	4.40336E-39	0.000195762	5.59104E-11	0	0	0	0	0	0	27.98889521	0.689991846	2.759980268	0	0	0	0	0	0	0	0	1.06	0	0	0	1.10000038	0
0.364285714	-2.21778E-08	7.045750743	-2.740331679	1.39365E-07	1.132E-07	55.508682	6.98349E-08	2.91655E-10	1.38699E-08	1.10908E-09	8.49568E-11	5.78848E-12	2.15094E-12	1.5578E-12	3.36048E-17	4.78184E-56	9.8481E-07	3.41904E-06	5.39702E-06	0.003306446	4.46846E-05	0.00010089	2.09968E-06	0.00052163	5.94082E-05	6.77656E-08	1.84662E-09	3.8208E-06	7.83256E-10	3.91473E-06	4.9782E-14	1.06591E-17	5.6058E-09	0.006065598	0.001490385	9.16228E-09	5.05599E-05	5.70278E-07	5.50911E-17	0.040674392	3.95675E-06	0.000309114	0.000149213	5.57349E-10	5.40333E-06	6.22022E-06	6.64149E-21	5.41001E-22	8.61944E-25	2.09381E-56	3.56982E-28	1.8109E-155	2.76118E-23	3.78223E-18	2.66532E-12	1.1985E-07	3.82713E-05	1.26852E-05	2.07215E-11	1.0264E-19	1.18024E-14	9.11954E-13	6.06542E-12	4.86516E-16	2.88711E-17	1.95222E-20	1.69985E-19	4.86485E-20	4.47684E-29	3.55312E-38	2.55973E-32	2.00132E-12	0.000495516	1.48652E-11	1.1527E-05	4.77131E-08	0.004100847	0.000838105	1.10155E-08	7.5808E-22	1.09921E-16	0.038711272	5.95593E-10	0.001033944	1.63035E-16	1.62719E-69	6.19349E-11	1.08762E-20	4.25345E-11	7.14338E-23	1.38462E-27	2.13184E-33	1.97779E-39	2.58721E-15	6.14171E-21	8.70837E-18	1.71828E-27	1.42061E-34	2.03204E-39	2.8493E-46	4.52278E-15	3.02596E-15	1.54477E-20	1.54053E-20	4.7002E-31	1.58192E-44	1.33848E-36	4.61357E-58	0.007674468	3.31517E-08	4.70061E-05	8.71262E-62	3.24373E-76	4.09318E-13	3.69418E-07	0.000179607	4.12503E-13	1.48212E-09	3.33983E-19	2.64563E-19	5.35582E-25	4.26601E-25	8.77716E-17	4.40336E-39	0.000195762	5.59104E-11	0	0	0	0	0	0	27.98889521	0.689991846	2.759980268	0	0	0	0	0	0	0	0	1.06	0	0	0	1.10000038	0
0.407142857	-2.21778E-08	7.045750743	-2.740331679	1.39365E-07	1.132E-07	55.508682	6.98349E-08	2.91655E-10	1.38699E-08	1.10908E-09	8.49568E-11	5.78848E-12	2.15094E-12	1.5578E-12	3.36048E-17	4.78184E-56	9.8481E-07	3.41904E-06	5.39702E-06	0.003306446	4.46846E-05	0.00010089	2.09968E-06	0.00052163	5.94082E-05	6.77656E-08	1.84662E-09	3.8208E-06	7.83256E-10	3.91473E-06	4.9782E-14	1.06591E-17	5.6058E-09	0.006065598	0.001490385	9.16228E-09	5.05599E-05	5.70278E-07	5.50911E-17	0.040674392	3.95675E-06	0.000309114	0.000149213	5.57349E-10	5.40333E-06	6.22022E-06	6.64149E-21	5.41001E-22	8.61944E-25	2.09381E-56	3.56982E-28	1.8109E-155	2.76118E-23	3.78223E-18	2.66532E-12	1.1985E-07	3.82713E-05	1.26852E-05	2.07215E-11	1.0264E-19	1.18024E-14	9.11954E-13	6.06542E-12	4.86516E-16	2.88711E-17	1.95222E-20	1.69985E-19	4.86485E-20	4.47684E-29	3.55312E-38	2.55973E-32	2.00132E-12	0.000495516	1.48652E-11	1.1527E-05	4.77131E-08	0.004100847	0.000838105	1.10155E-08	7.5808E-22	1.09921E-16	0.038711272	5.95593E-10	0.001033944	1.63035E-16	1.62719E-69	6.19349E-11	1.08762E-20	4.25345E-11	7.14338E-23	1.38462E-27	2.13184E-33	1.97779E-39	2.58721E-15	6.14171E-21	8.70837E-18	1.71828E-27	1.42061E-34	2.03204E-39	2.8493E-46	4.52278E-15	3.02596E-15	1.54477E-20	1.54053E-20	4.7002E-31	1.58192E-44	1.33848E-36	4.61357E-58	0.007674468	3.31517E-08	4.70061E-05	8.71262E-62	3.24373E-76	4.09318E-13	3.69418E-07	0.000179607	4.12503E-13	1.48212E-09	3.33983E-19	2.64563E-19	5.35582E-25	4.26601E-25	8.77716E-17	4.40336E-39	0.000195762	5.59104E-11	0	0	0	0	0	0	27.98889521	0.689991846	2.759980268	0	0	0	0	0	0	0	0	1.06	0	0	0	1.10000038	0
0.45	-2.21778E-08	7.045750743	-2.740331679	1.39365E-07	1.132E-07	55.508682	6.98349E-08	2.91655E-10	1.38699E-08	1.10908E-09	8.49568E-11	5.78848E-12	2.15094E-12	1.5578E-12	3.36048E-17	4.78184E-56	9.8481E-07	3.41904E-06	5.39702E-06	0.003306446	4.46846E-05	0.00010089	2.09968E-06	0.00052163	5.94082E-05	6.77656E-08	1.84662E-09	3.8208E-06	7.83256E-10	3.91473E-06	4.9782E-14	1.06591E-17	5.6058E-09	0.006065598	0.001490385	9.16228E-09	5.05599E-05	5.70278E-07	5.50911E-17	0.040674392	3.95675E-06	0.000309114	0.000149213	5.57349E-10	5.40333E-06	6.22022E-06	6.64149E-21	5.41001E-22	8.61944E-25	2.09381E-56	3.56982E-28	1.8109E-155	2.76118E-23	3.78223E-18	2.66532E-12	1.1985E-07	3.82713E-05	1.26852E-05	2.07215E-11	1.0264E-19	1.18024E-14	9.11954E-13	6.06542E-12	4.86516E-16	2.88711E-17	1.95222E-20	1.69985E-19	4.86485E-20	4.47684E-29	3.55312E-38	2.55973E-32	2.00132E-12	0.000495516	1.48652E-11	1.1527E-05	4.77131E-08	0.004100847	0.000838105	1.10155E-08	7.5808E-22	1.09921E-16	0.038711272	5.95593E-10	0.001033944	1.63035E-16	1.62719E-69	6.19349E-11	1.08762E-20	4.25345E-11	7.14338E-23	1.38462E-27	2.13184E-33	1.97779E-39	2.58721E-15	6.14171E-21	8.70837E-18	1.71828E-27	1.42061E-34	2.03204E-39	2.8493E-46	4.52278E-15	3.02596E-15	1.54477E-20	1.54053E-20	4.7002E-31	1.58192E-44	1.33848E-36	4.61357E-58	0.007674468	3.31517E-08	4.70061E-05	8.71262E-62	3.24373E-76	4.09318E-13	3.69418E-07	0.000179607	4.12503E-13	1.48212E-09	3.33983E-19	2.64563E-19	5.35582E-25	4.26601E-25	8.77716E-17	4.40336E-39	0.000195762	5.59104E-11	0	0	0	0	0	0	27.98889521	0.689991846	2.759980268	0	0	0	0	0	0	0	0	1.06	0	0	0	1.10000038	0
0.492857143	-2.21778E-08	7.045750743	-2.740331679	1.39365E-07	1.132E-07	55.508682	6.98349E-08	2.91655E-10	1.38699E-08	1.10908E-09	8.49568E-11	5.78848E-12	2.15094E-12	1.5578E-12	3.36048E-17	4.78184E-56	9.8481E-07	3.41904E-06	5.39702E-06	0.003306446	4.46846E-05	0.00010089	2.09968E-06	0.00052163	5.94082E-05	6.77656E-08	1.84662E-09	3.8208E-06	7.83256E-10	3.91473E-06	4.9782E-14	1.06591E-17	5.6058E-09	0.006065598	0.001490385	9.16228E-09	5.05599E-05	5.70278E-07	5.50911E-17	0.040674392	3.95675E-06	0.000309114	0.000149213	5.57349E-10	5.40333E-06	6.22022E-06	6.64149E-21	5.41001E-22	8.61944E-25	2.09381E-56	3.56982E-28	1.8109E-155	2.76118E-23	3.78223E-18	2.66532E-12	1.1985E-07	3.82713E-05	1.26852E-05	2.07215E-11	1.0264E-19	1.18024E-14	9.11954E-13	6.06542E-12	4.86516E-16	2.88711E-17	1.95222E-20	1.69985E-19	4.86485E-20	4.47684E-29	3.55312E-38	2.55973E-32	2.00132E-12	0.000495516	1.48652E-11	1.1527E-05	4.77131E-08	0.004100847	0.000838105	1.10155E-08	7.5808E-22	1.09921E-16	0.038711272	5.95593E-10	0.001033944	1.63035E-16	1.62719E-69	6.19349E-11	1.08762E-20	4.25345E-11	7.14338E-23	1.38462E-27	2.13184E-33	1.97779E-39	2.58721E-15	6.14171E-21	8.70837E-18	1.71828E-27	1.42061E-34	2.03204E-39	2.8493E-46	4.52278E-15	3.02596E-15	1.54477E-20	1.54053E-20	4.7002E-31	1.58192E-44	1.33848E-36	4.61357E-58	0.007674468	3.31517E-08	4.70061E-05	8.71262E-62	3.24373E-76	4.09318E-13	3.69418E-07	0.000179607	4.12503E-13	1.48212E-09	3.33983E-19	2.64563E-19	5.35582E-25	4.26601E-25	8.77716E-17	4.40336E-39	0.000195762	5.59104E-11	0	0	0	0	0	0	27.98889521	0.689991846	2.759980268	0	0	0	0	0	0	0	0	1.06	0	0	0	1.10000038	0
0.535714286	-2.21778E-08	7.045750743	-2.740331679	1.39365E-07	1.132E-07	55.508682	6.98349E-08	2.91655E-10	1.38699E-08	1.10908E-09	8.49568E-11	5.78848E-12	2.15094E-12	1.5578E-12	3.36048E-17	4.78184E-56	9.8481E-07	3.41904E-06	5.39702E-06	0.003306446	4.46846E-05	0.00010089	2.09968E-06	0.00052163	5.94082E-05	6.77656E-08	1.84662E-09	3.8208E-06	7.83256E-10	3.91473E-06	4.9782E-14	1.06591E-17	5.6058E-09	0.006065598	0.001490385	9.16228E-09	5.05599E-05	5.70278E-07	5.50911E-17	0.040674392	3.95675E-06	0.000309114	0.000149213	5.57349E-10	5.40333E-06	6.22022E-06	6.64149E-21	5.41001E-22	8.61944E-25	2.09381E-56	3.56982E-28	1.8109E-155	2.76118E-23	3.78223E-18	2.66532E-12	1.1985E-07	3.82713E-05	1.26852E-05	2.07215E-11	1.0264E-19	1.18024E-14	9.11954E-13	6.06542E-12	4.86516E-16	2.88711E-17	1.95222E-20	1.69985E-19	4.86485E-20	4.47684E-29	3.55312E-38	2.55973E-32	2.00132E-12	0.000495516	1.48652E-11	1.1527E-05	4.77131E-08	0.004100847	0.000838105	1.10155E-08	7.5808E-22	1.09921E-16	0.038711272	5.95593E-10	0.001033944	1.63035E-16	1.62719E-69	6.19349E-11	1.08762E-20	4.25345E-11	7.14338E-23	1.38462E-27	2.13184E-33	1.97779E-39	2.58721E-15	6.14171E-21	8.70837E-18	1.71828E-27	1.42061E-34	2.03204E-39	2.8493E-46	4.52278E-15	3.02596E-15	1.54477E-20	1.54053E-20	4.7002E-31	1.58192E-44	1.33848E-36	4.61357E-58	0.007674468	3.31517E-08	4.70061E-05	8.71262E-62	3.24373E-76	4.09318E-13	3.69418E-07	0.000179607	4.12503E-13	1.48212E-09	3.33983E-19	2.64563E-19	5.35582E-25	4.26601E-25	8.77716E-17	4.40336E-39	0.000195762	5.59104E-11	0	0	0	0	0	0	27.98889521	0.689991846	2.759980268	0	0	0	0	0	0	0	0	1.06	0	0	0	1.10000038	0
0.578571429	-2.21778E-08	7.045750743	-2.740331679	1.39365E-07	1.132E-07	55.508682	6.98349E-08	2.91655E-10	1.38699E-08	1.10908E-09	8.49568E-11	5.78848E-12	2.15094E-12	1.5578E-12	3.36048E-17	4.78184E-56	9.8481E-07	3.41904E-06	5.39702E-06	0.003306446	4.46846E-05	0.00010089	2.09968E-06	0.00052163	5.94082E-05	6.77656E-08	1.84662E-09	3.8208E-06	7.83256E-10	3.91473E-06	4.9782E-14	1.06591E-17	5.6058E-09	0.006065598	0.001490385	9.16228E-09	5.05599E-05	5.70278E-07	5.50911E-17	0.040674392	3.95675E-06	0.000309114	0.000149213	5.57349E-10	5.40333E-06	6.22022E-06	6.64149E-21	5.41001E-22	8.61944E-25	2.09381E-56	3.56982E-28	1.8109E-155	2.76118E-23	3.78223E-18	2.66532E-12	1.1985E-07	3.82713E-05	1.26852E-05	2.07215E-11	1.0264E-19	1.18024E-14	9.11954E-13	6.06542E-12	4.86516E-16	2.88711E-17	1.95222E-20	1.69985E-19	4.86485E-20	4.47684E-29	3.55312E-38	2.55973E-32	2.00132E-12	0.000495516	1.48652E-11	1.1527E-05	4.77131E-08	0.004100847	0.000838105	1.10155E-08	7.5808E-22	1.09921E-16	0.038711272	5.95593E-10	0.001033944	1.63035E-16	1.62719E-69	6.19349E-11	1.08762E-20	4.25345E-11	7.14338E-23	1.38462E-27	2.13184E-33	1.97779E-39	2.58721E-15	6.14171E-21	8.70837E-18	1.71828E-27	1.42061E-34	2.03204E-39	2.8493E-46	4.52278E-15	3.02596E-15	1.54477E-20	1.54053E-20	4.7002E-31	1.58192E-44	1.33848E-36	4.61357E-58	0.007674468	3.31517E-08	4.70061E-05	8.71262E-62	3.24373E-76	4.09318E-13	3.69418E-07	0.000179607	4.12503E-13	1.48212E-09	3.33983E-19	2.64563E-19	5.35582E-25	4.26601E-25	8.77716E-17	4.40336E-39	0.000195762	5.59104E-11	0	0	0	0	0	0	27.98889521	0.689991846	2.759980268	0	0	0	0	0	0	0	0	1.06	0	0	0	1.10000038	0
0.621428571	-2.21778E-08	7.045750743	-2.740331679	1.39365E-07	1.132E-07	55.508682	6.98349E-08	2.91655E-10	1.38699E-08	1.10908E-09	8.49568E-11	5.78848E-12	2.15094E-12	1.5578E-12	3.36048E-17	4.78184E-56	9.8481E-07	3.41904E-06	5.39702E-06	0.003306446	4.46846E-05	0.00010089	2.09968E-06	0.00052163	5.94082E-05	6.77656E-08	1.84662E-09	3.8208E-06	7.83256E-10	3.91473E-06	4.9782E-14	1.06591E-17	5.6058E-09	0.006065598	0.001490385	9.16228E-09	5.05599E-05	5.70278E-07	5.50911E-17	0.040674392	3.95675E-06	0.000309114	0.000149213	5.57349E-10	5.40333E-06	6.22022E-06	6.64149E-21	5.41001E-22	8.61944E-25	2.09381E-56	3.56982E-28	1.8109E-155	2.76118E-23	3.78223E-18	2.66532E-12	1.1985E-07	3.82713E-05	1.26852E-05	2.07215E-11	1.0264E-19	1.18024E-14	9.11954E-13	6.06542E-12	4.86516E-16	2.88711E-17	1.95222E-20	1.69985E-19	4.86485E-20	4.47684E-29	3.55312E-38	2.55973E-32	2.00132E-12	0.000495516	1.48652E-11	1.1527E-05	4.77131E-08	0.004100847	0.000838105	1.10155E-08	7.5808E-22	1.09921E-16	0.038711272	5.95593E-10	0.001033944	1.63035E-16	1.62719E-69	6.19349E-11	1.08762E-20	4.25345E-11	7.14338E-23	1.38462E-27	2.13184E-33	1.97779E-39	2.58721E-15	6.14171E-21	8.70837E-18	1.71828E-27	1.42061E-34	2.03204E-39	2.8493E-46	4.52278E-15	3.02596E-15	1.54477E-20	1.54053E-20	4.7002E-31	1.58192E-44	1.33848E-36	4.61357E-58	0.007674468	3.31517E-08	4.70061E-05	8.71262E-62	3.24373E-76	4.09318E-13	3.69418E-07	0.000179607	4.12503E-13	1.48212E-09	3.33983E-19	2.64563E-19	5.35582E-25	4.26601E-25	8.77716E-17	4.40336E-39	0.000195762	5.59104E-11	0	0	0	0	0	0	27.98889521	0.689991846	2.759980268	0	0	0	0	0	0	0	0	1.06	0	0	0	1.10000038	0
0.664285714	-2.21778E-08	7.045750743	-2.740331679	1.39365E-07	1.132E-07	55.508682	6.98349E-08	2.91655E-10	1.38699E-08	1.10908E-09	8.49568E-11	5.78848E-12	2.15094E-12	1.5578E-12	3.36048E-17	4.78184E-56	9.8481E-07	3.41904E-06	5.39702E-06	0.003306446	4.46846E-05	0.00010089	2.09968E-06	0.00052163	5.94082E-05	6.77656E-08	1.84662E-09	3.8208E-06	7.83256E-10	3.91473E-06	4.9782E-14	1.06591E-17	5.6058E-09	0.006065598	0.001490385	9.16228E-09	5.05599E-05	5.70278E-07	5.50911E-17	0.040674392	3.95675E-06	0.000309114	0.000149213	5.57349E-10	5.40333E-06	6.22022E-06	6.64149E-21	5.41001E-22	8.61944E-25	2.09381E-56	3.56982E-28	1.8109E-155	2.76118E-23	3.78223E-18	2.66532E-12	1.1985E-07	3.82713E-05	1.26852E-05	2.07215E-11	1.0264E-19	1.18024E-14	9.11954E-13	6.06542E-12	4.86516E-16	2.88711E-17	1.95222E-20	1.69985E-19	4.86485E-20	4.47684E-29	3.55312E-38	2.55973E-32	2.00132E-12	0.000495516	1.48652E-11	1.1527E-05	4.77131E-08	0.004100847	0.000838105	1.10155E-08	7.5808E-22	1.09921E-16	0.038711272	5.95593E-10	0.001033944	1.63035E-16	1.62719E-69	6.19349E-11	1.08762E-20	4.25345E-11	7.14338E-23	1.38462E-27	2.13184E-33	1.97779E-39	2.58721E-15	6.14171E-21	8.70837E-18	1.71828E-27	1.42061E-34	2.03204E-39	2.8493E-46	4.52278E-15	3.02596E-15	1.54477E-20	1.54053E-20	4.7002E-31	1.58192E-44	1.33848E-36	4.61357E-58	0.007674468	3.31517E-08	4.70061E-05	8.71262E-62	3.24373E-76	4.09318E-13	3.69418E-07	0.000179607	4.12503E-13	1.48212E-09	3.33983E-19	2.64563E-19	5.35582E-25	4.26601E-25	8.77716E-17	4.40336E-39	0.000195762	5.59104E-11	0	0	0	0	0	0	27.98889521	0.689991846	2.759980268	0	0	0	0	0	0	0	0	1.06	0	0	0	1.10000038	0
0.707142857	-2.21778E-08	7.045750743	-2.740331679	1.39365E-07	1.132E-07	55.508682	6.98349E-08	2.91655E-10	1.38699E-08	1.10908E-09	8.49568E-11	5.78848E-12	2.15094E-12	1.5578E-12	3.36048E-17	4.78184E-56	9.8481E-07	3.41904E-06	5.39702E-06	0.003306446	4.46846E-05	0.00010089	2.09968E-06	0.00052163	5.94082E-05	6.77656E-08	1.84662E-09	3.8208E-06	7.83256E-10	3.91473E-06	4.9782E-14	1.06591E-17	5.6058E-09	0.006065598	0.001490385	9.16228E-09	5.05599E-05	5.70278E-07	5.50911E-17	0.040674392	3.95675E-06	0.000309114	0.000149213	5.57349E-10	5.40333E-06	6.22022E-06	6.64149E-21	5.41001E-22	8.61944E-25	2.09381E-56	3.56982E-28	1.8109E-155	2.76118E-23	3.78223E-18	2.66532E-12	1.1985E-07	3.82713E-05	1.26852E-05	2.07215E-11	1.0264E-19	1.18024E-14	9.11954E-13	6.06542E-12	4.86516E-16	2.88711E-17	1.95222E-20	1.69985E-19	4.86485E-20	4.47684E-29	3.55312E-38	2.55973E-32	2.00132E-12	0.000495516	1.48652E-11	1.1527E-05	4.77131E-08	0.004100847	0.000838105	1.10155E-08	7.5808E-22	1.09921E-16	0.038711272	5.95593E-10	0.001033944	1.63035E-16	1.62719E-69	6.19349E-11	1.08762E-20	4.25345E-11	7.14338E-23	1.38462E-27	2.13184E-33	1.97779E-39	2.58721E-15	6.14171E-21	8.70837E-18	1.71828E-27	1.42061E-34	2.03204E-39	2.8493E-46	4.52278E-15	3.02596E-15	1.54477E-20	1.54053E-20	4.7002E-31	1.58192E-44	1.33848E-36	4.61357E-58	0.007674468	3.31517E-08	4.70061E-05	8.71262E-62	3.24373E-76	4.09318E-13	3.69418E-07	0.000179607	4.12503E-13	1.48212E-09	3.33983E-19	2.64563E-19	5.35582E-25	4.26601E-25	8.77716E-17	4.40336E-39	0.000195762	5.59104E-11	0	0	0	0	0	0	27.98889521	0.689991846	2.759980268	0	0	0	0	0	0	0	0	1.06	0	0	0	1.10000038	0
0.75	-2.21778E-08	7.045750743	-2.740331679	1.39365E-07	1.132E-07	55.508682	6.98349E-08	2.91655E-10	1.38699E-08	1.10908E-09	8.49568E-11	5.78848E-12	2.15094E-12	1.5578E-12	3.36048E-17	4.78184E-56	9.8481E-07	3.41904E-06	5.39702E-06	0.003306446	4.46846E-05	0.00010089	2.09968E-06	0.00052163	5.94082E-05	6.77656E-08	1.84662E-09	3.8208E-06	7.83256E-10	3.91473E-06	4.9782E-14	1.06591E-17	5.6058E-09	0.006065598	0.001490385	9.16228E-09	5.05599E-05	5.70278E-07	5.50911E-17	0.040674392	3.95675E-06	0.000309114	0.000149213	5.57349E-10	5.40333E-06	6.22022E-06	6.64149E-21	5.41001E-22	8.61944E-25	2.09381E-56	3.56982E-28	1.8109E-155	2.76118E-23	3.78223E-18	2.66532E-12	1.1985E-07	3.82713E-05	1.26852E-05	2.07215E-11	1.0264E-19	1.18024E-14	9.11954E-13	6.06542E-12	4.86516E-16	2.88711E-17	1.95222E-20	1.69985E-19	4.86485E-20	4.47684E-29	3.55312E-38	2.55973E-32	2.00132E-12	0.000495516	1.48652E-11	1.1527E-05	4.77131E-08	0.004100847	0.000838105	1.10155E-08	7.5808E-22	1.09921E-16	0.038711272	5.95593E-10	0.001033944	1.63035E-16	1.62719E-69	6.19349E-11	1.08762E-20	4.25345E-11	7.14338E-23	1.38462E-27	2.13184E-33	1.97779E-39	2.58721E-15	6.14171E-21	8.70837E-18	1.71828E-27	1.42061E-34	2.03204E-39	2.8493E-46	4.52278E-15	3.02596E-15	1.54477E-20	1.54053E-20	4.7002E-31	1.58192E-44	1.33848E-36	4.61357E-58	0.007674468	3.31517E-08	4.70061E-05	8.71262E-62	3.24373E-76	4.09318E-13	3.69418E-07	0.000179607	4.12503E-13	1.48212E-09	3.33983E-19	2.64563E-19	5.35582E-25	4.26601E-25	8.77716E-17	4.40336E-39	0.000195762	5.59104E-11	0	0	0	0	0	0	27.98889521	0.689991846	2.759980268	0	0	0	0	0	0	0	0	1.06	0	0	0	1.10000038	0
0.792857143	-2.21778E-08	7.045750743	-2.740331679	1.39365E-07	1.132E-07	55.508682	6.98349E-08	2.91655E-10	1.38699E-08	1.10908E-09	8.49568E-11	5.78848E-12	2.15094E-12	1.5578E-12	3.36048E-17	4.78184E-56	9.8481E-07	3.41904E-06	5.39702E-06	0.003306446	4.46846E-05	0.00010089	2.09968E-06	0.00052163	5.94082E-05	6.77656E-08	1.84662E-09	3.8208E-06	7.83256E-10	3.91473E-06	4.9782E-14	1.06591E-17	5.6058E-09	0.006065598	0.001490385	9.16228E-09	5.05599E-05	5.70278E-07	5.50911E-17	0.040674392	3.95675E-06	0.000309114	0.000149213	5.57349E-10	5.40333E-06	6.22022E-06	6.64149E-21	5.41001E-22	8.61944E-25	2.09381E-56	3.56982E-28	1.8109E-155	2.76118E-23	3.78223E-18	2.66532E-12	1.1985E-07	3.82713E-05	1.26852E-05	2.07215E-11	1.0264E-19	1.18024E-14	9.11954E-13	6.06542E-12	4.86516E-16	2.88711E-17	1.95222E-20	1.69985E-19	4.86485E-20	4.47684E-29	3.55312E-38	2.55973E-32	2.00132E-12	0.000495516	1.48652E-11	1.1527E-05	4.77131E-08	0.004100847	0.000838105	1.10155E-08	7.5808E-22	1.09921E-16	0.038711272	5.95593E-10	0.001033944	1.63035E-16	1.62719E-69	6.19349E-11	1.08762E-20	4.25345E-11	7.14338E-23	1.38462E-27	2.13184E-33	1.97779E-39	2.58721E-15	6.14171E-21	8.70837E-18	1.71828E-27	1.42061E-34	2.03204E-39	2.8493E-46	4.52278E-15	3.02596E-15	1.54477E-20	1.54053E-20	4.7002E-31	1.58192E-44	1.33848E-36	4.61357E-58	0.007674468	3.31517E-08	4.70061E-05	8.71262E-62	3.24373E-76	4.09318E-13	3.69418E-07	0.000179607	4.12503E-13	1.48212E-09	3.33983E-19	2.64563E-19	5.35582E-25	4.26601E-25	8.77716E-17	4.40336E-39	0.000195762	5.59104E-11	0	0	0	0	0	0	27.98889521	0.689991846	2.759980268	0	0	0	0	0	0	0	0	1.06	0	0	0	1.10000038	0
0.835714286	-2.21778E-08	7.045750743	-2.740331679	1.39365E-07	1.132E-07	55.508682	6.98349E-08	2.91655E-10	1.38699E-08	1.10908E-09	8.49568E-11	5.78848E-12	2.15094E-12	1.5578E-12	3.36048E-17	4.78184E-56	9.8481E-07	3.41904E-06	5.39702E-06	0.003306446	4.46846E-05	0.00010089	2.09968E-06	0.00052163	5.94082E-05	6.77656E-08	1.84662E-09	3.8208E-06	7.83256E-10	3.91473E-06	4.9782E-14	1.06591E-17	5.6058E-09	0.006065598	0.001490385	9.16228E-09	5.05599E-05	5.70278E-07	5.50911E-17	0.040674392	3.95675E-06	0.000309114	0.000149213	5.57349E-10	5.40333E-06	6.22022E-06	6.64149E-21	5.41001E-22	8.61944E-25	2.09381E-56	3.56982E-28	1.8109E-155	2.76118E-23	3.78223E-18	2.66532E-12	1.1985E-07	3.82713E-05	1.26852E-05	2.07215E-11	1.0264E-19	1.18024E-14	9.11954E-13	6.06542E-12	4.86516E-16	2.88711E-17	1.95222E-20	1.69985E-19	4.86485E-20	4.47684E-29	3.55312E-38	2.55973E-32	2.00132E-12	0.000495516	1.48652E-11	1.1527E-05	4.77131E-08	0.004100847	0.000838105	1.10155E-08	7.5808E-22	1.09921E-16	0.038711272	5.95593E-10	0.001033944	1.63035E-16	1.62719E-69	6.19349E-11	1.08762E-20	4.25345E-11	7.14338E-23	1.38462E-27	2.13184E-33	1.97779E-39	2.58721E-15	6.14171E-21	8.70837E-18	1.71828E-27	1.42061E-34	2.03204E-39	2.8493E-46	4.52278E-15	3.02596E-15	1.54477E-20	1.54053E-20	4.7002E-31	1.58192E-44	1.33848E-36	4.61357E-58	0.007674468	3.31517E-08	4.70061E-05	8.71262E-62	3.24373E-76	4.09318E-13	3.69418E-07	0.000179607	4.12503E-13	1.48212E-09	3.33983E-19	2.64563E-19	5.35582E-25	4.26601E-25	8.77716E-17	4.40336E-39	0.000195762	5.59104E-11	0	0	0	0	0	0	27.98889521	0.689991846	2.759980268	0	0	0	0	0	0	0	0	1.06	0	0	0	1.10000038	0
0.878571429	-2.21778E-08	7.045750743	-2.740331679	1.39365E-07	1.132E-07	55.508682	6.98349E-08	2.91655E-10	1.38699E-08	1.10908E-09	8.49568E-11	5.78848E-12	2.15094E-12	1.5578E-12	3.36048E-17	4.78184E-56	9.8481E-07	3.41904E-06	5.39702E-06	0.003306446	4.46846E-05	0.00010089	2.09968E-06	0.00052163	5.94082E-05	6.77656E-08	1.84662E-09	3.8208E-06	7.83256E-10	3.91473E-06	4.9782E-14	1.06591E-17	5.6058E-09	0.006065598	0.001490385	9.16228E-09	5.05599E-05	5.70278E-07	5.50911E-17	0.040674392	3.95675E-06	0.000309114	0.000149213	5.57349E-10	5.40333E-06	6.22022E-06	6.64149E-21	5.41001E-22	8.61944E-25	2.09381E-56	3.56982E-28	1.8109E-155	2.76118E-23	3.78223E-18	2.66532E-12	1.1985E-07	3.82713E-05	1.26852E-05	2.07215E-11	1.0264E-19	1.18024E-14	9.11954E-13	6.06542E-12	4.86516E-16	2.88711E-17	1.95222E-20	1.69985E-19	4.86485E-20	4.47684E-29	3.55312E-38	2.55973E-32	2.00132E-12	0.000495516	1.48652E-11	1.1527E-05	4.77131E-08	0.004100847	0.000838105	1.10155E-08	7.5808E-22	1.09921E-16	0.038711272	5.95593E-10	0.001033944	1.63035E-16	1.62719E-69	6.19349E-11	1.08762E-20	4.25345E-11	7.14338E-23	1.38462E-27	2.13184E-33	1.97779E-39	2.58721E-15	6.14171E-21	8.70837E-18	1.71828E-27	1.42061E-34	2.03204E-39	2.8493E-46	4.52278E-15	3.02596E-15	1.54477E-20	1.54053E-20	4.7002E-31	1.58192E-44	1.33848E-36	4.61357E-58	0.007674468	3.31517E-08	4.70061E-05	8.71262E-62	3.24373E-76	4.09318E-13	3.69418E-07	0.000179607	4.12503E-13	1.48212E-09	3.33983E-19	2.64563E-19	5.35582E-25	4.26601E-25	8.77716E-17	4.40336E-39	0.000195762	5.59104E-11	0	0	0	0	0	0	27.98889521	0.689991846	2.759980268	0	0	0	0	0	0	0	0	1.06	0	0	0	1.10000038	0
0.921428571	-2.21778E-08	7.045750743	-2.740331679	1.39365E-07	1.132E-07	55.508682	6.98349E-08	2.91655E-10	1.38699E-08	1.10908E-09	8.49568E-11	5.78848E-12	2.15094E-12	1.5578E-12	3.36048E-17	4.78184E-56	9.8481E-07	3.41904E-06	5.39702E-06	0.003306446	4.46846E-05	0.00010089	2.09968E-06	0.00052163	5.94082E-05	6.77656E-08	1.84662E-09	3.8208E-06	7.83256E-10	3.91473E-06	4.9782E-14	1.06591E-17	5.6058E-09	0.006065598	0.001490385	9.16228E-09	5.05599E-05	5.70278E-07	5.50911E-17	0.040674392	3.95675E-06	0.000309114	0.000149213	5.57349E-10	5.40333E-06	6.22022E-06	6.64149E-21	5.41001E-22	8.61944E-25	2.09381E-56	3.56982E-28	1.8109E-155	2.76118E-23	3.78223E-18	2.66532E-12	1.1985E-07	3.82713E-05	1.26852E-05	2.07215E-11	1.0264E-19	1.18024E-14	9.11954E-13	6.06542E-12	4.86516E-16	2.88711E-17	1.95222E-20	1.69985E-19	4.86485E-20	4.47684E-29	3.55312E-38	2.55973E-32	2.00132E-12	0.000495516	1.48652E-11	1.1527E-05	4.77131E-08	0.004100847	0.000838105	1.10155E-08	7.5808E-22	1.09921E-16	0.038711272	5.95593E-10	0.001033944	1.63035E-16	1.62719E-69	6.19349E-11	1.08762E-20	4.25345E-11	7.14338E-23	1.38462E-27	2.13184E-33	1.97779E-39	2.58721E-15	6.14171E-21	8.70837E-18	1.71828E-27	1.42061E-34	2.03204E-39	2.8493E-46	4.52278E-15	3.02596E-15	1.54477E-20	1.54053E-20	4.7002E-31	1.58192E-44	1.33848E-36	4.61357E-58	0.007674468	3.31517E-08	4.70061E-05	8.71262E-62	3.24373E-76	4.09318E-13	3.69418E-07	0.000179607	4.12503E-13	1.48212E-09	3.33983E-19	2.64563E-19	5.35582E-25	4.26601E-25	8.77716E-17	4.40336E-39	0.000195762	5.59104E-11	0	0	0	0	0	0	27.98889521	0.689991846	2.759980268	0	0	0	0	0	0	0	0	1.06	0	0	0	1.10000038	0
0.964285714	-2.21778E-08	7.045750743	-2.740331679	1.39365E-07	1.132E-07	55.508682	6.98349E-08	2.91655E-10	1.38699E-08	1.10908E-09	8.49568E-11	5.78848E-12	2.15094E-12	1.5578E-12	3.36048E-17	4.78184E-56	9.8481E-07	3.41904E-06	5.39702E-06	0.003306446	4.46846E-05	0.00010089	2.09968E-06	0.00052163	5.94082E-05	6.77656E-08	1.84662E-09	3.8208E-06	7.83256E-10	3.91473E-06	4.9782E-14	1.06591E-17	5.6058E-09	0.006065598	0.001490385	9.16228E-09	5.05599E-05	5.70278E-07	5.50911E-17	0.040674392	3.95675E-06	0.000309114	0.000149213	5.57349E-10	5.40333E-06	6.22022E-06	6.64149E-21	5.41001E-22	8.61944E-25	2.09381E-56	3.56982E-28	1.8109E-155	2.76118E-23	3.78223E-18	2.66532E-12	1.1985E-07	3.82713E-05	1.26852E-05	2.07215E-11	1.0264E-19	1.18024E-14	9.11954E-13	6.06542E-12	4.86516E-16	2.88711E-17	1.95222E-20	1.69985E-19	4.86485E-20	4.47684E-29	3.55312E-38	2.55973E-32	2.00132E-12	0.000495516	1.48652E-11	1.1527E-05	4.77131E-08	0.004100847	0.000838105	1.10155E-08	7.5808E-22	1.09921E-16	0.038711272	5.95593E-10	0.001033944	1.63035E-16	1.62719E-69	6.19349E-11	1.08762E-20	4.25345E-11	7.14338E-23	1.38462E-27	2.13184E-33	1.97779E-39	2.58721E-15	6.14171E-21	8.70837E-18	1.71828E-27	1.42061E-34	2.03204E-39	2.8493E-46	4.52278E-15	3.02596E-15	1.54477E-20	1.54053E-20	4.7002E-31	1.58192E-44	1.33848E-36	4.61357E-58	0.007674468	3.31517E-08	4.70061E-05	8.71262E-62	3.24373E-76	4.09318E-13	3.69418E-07	0.000179607	4.12503E-13	1.48212E-09	3.33983E-19	2.64563E-19	5.35582E-25	4.26601E-25	8.77716E-17	4.40336E-39	0.000195762	5.59104E-11	0	0	0	0	0	0	27.98889521	0.689991846	2.759980268	0	0	0	0	0	0	0	0	1.06	0	0	0	1.10000038	0
1.007142857	-2.21778E-08	7.045750743	-2.740331679	1.39365E-07	1.132E-07	55.508682	6.98349E-08	2.91655E-10	1.38699E-08	1.10908E-09	8.49568E-11	5.78848E-12	2.15094E-12	1.5578E-12	3.36048E-17	4.78184E-56	9.8481E-07	3.41904E-06	5.39702E-06	0.003306446	4.46846E-05	0.00010089	2.09968E-06	0.00052163	5.94082E-05	6.77656E-08	1.84662E-09	3.8208E-06	7.83256E-10	3.91473E-06	4.9782E-14	1.06591E-17	5.6058E-09	0.006065598	0.001490385	9.16228E-09	5.05599E-05	5.70278E-07	5.50911E-17	0.040674392	3.95675E-06	0.000309114	0.000149213	5.57349E-10	5.40333E-06	6.22022E-06	6.64149E-21	5.41001E-22	8.61944E-25	2.09381E-56	3.56982E-28	1.8109E-155	2.76118E-23	3.78223E-18	2.66532E-12	1.1985E-07	3.82713E-05	1.26852E-05	2.07215E-11	1.0264E-19	1.18024E-14	9.11954E-13	6.06542E-12	4.86516E-16	2.88711E-17	1.95222E-20	1.69985E-19	4.86485E-20	4.47684E-29	3.55312E-38	2.55973E-32	2.00132E-12	0.000495516	1.48652E-11	1.1527E-05	4.77131E-08	0.004100847	0.000838105	1.10155E-08	7.5808E-22	1.09921E-16	0.038711272	5.95593E-10	0.001033944	1.63035E-16	1.62719E-69	6.19349E-11	1.08762E-20	4.25345E-11	7.14338E-23	1.38462E-27	2.13184E-33	1.97779E-39	2.58721E-15	6.14171E-21	8.70837E-18	1.71828E-27	1.42061E-34	2.03204E-39	2.8493E-46	4.52278E-15	3.02596E-15	1.54477E-20	1.54053E-20	4.7002E-31	1.58192E-44	1.33848E-36	4.61357E-58	0.007674468	3.31517E-08	4.70061E-05	8.71262E-62	3.24373E-76	4.09318E-13	3.69418E-07	0.000179607	4.12503E-13	1.48212E-09	3.33983E-19	2.64563E-19	5.35582E-25	4.26601E-25	8.77716E-17	4.40336E-39	0.000195762	5.59104E-11	0	0	0	0	0	0	27.98889521	0.689991846	2.759980268	0	0	0	0	0	0	0	0	1.06	0	0	0	1.10000038	0
1.05	-2.21778E-08	7.045750743	-2.740331679	1.39365E-07	1.132E-07	55.508682	6.98349E-08	2.91655E-10	1.38699E-08	1.10908E-09	8.49568E-11	5.78848E-12	2.15094E-12	1.5578E-12	3.36048E-17	4.78184E-56	9.8481E-07	3.41904E-06	5.39702E-06	0.003306446	4.46846E-05	0.00010089	2.09968E-06	0.00052163	5.94082E-05	6.77656E-08	1.84662E-09	3.8208E-06	7.83256E-10	3.91473E-06	4.9782E-14	1.06591E-17	5.6058E-09	0.006065598	0.001490385	9.16228E-09	5.05599E-05	5.70278E-07	5.50911E-17	0.040674392	3.95675E-06	0.000309114	0.000149213	5.57349E-10	5.40333E-06	6.22022E-06	6.64149E-21	5.41001E-22	8.61944E-25	2.09381E-56	3.56982E-28	1.8109E-155	2.76118E-23	3.78223E-18	2.66532E-12	1.1985E-07	3.82713E-05	1.26852E-05	2.07215E-11	1.0264E-19	1.18024E-14	9.11954E-13	6.06542E-12	4.86516E-16	2.88711E-17	1.95222E-20	1.69985E-19	4.86485E-20	4.47684E-29	3.55312E-38	2.55973E-32	2.00132E-12	0.000495516	1.48652E-11	1.1527E-05	4.77131E-08	0.004100847	0.000838105	1.10155E-08	7.5808E-22	1.09921E-16	0.038711272	5.95593E-10	0.001033944	1.63035E-16	1.62719E-69	6.19349E-11	1.08762E-20	4.25345E-11	7.14338E-23	1.38462E-27	2.13184E-33	1.97779E-39	2.58721E-15	6.14171E-21	8.70837E-18	1.71828E-27	1.42061E-34	2.03204E-39	2.8493E-46	4.52278E-15	3.02596E-15	1.54477E-20	1.54053E-20	4.7002E-31	1.58192E-44	1.33848E-36	4.61357E-58	0.007674468	3.31517E-08	4.70061E-05	8.71262E-62	3.24373E-76	4.09318E-13	3.69418E-07	0.000179607	4.12503E-13	1.48212E-09	3.33983E-19	2.64563E-19	5.35582E-25	4.26601E-25	8.77716E-17	4.40336E-39	0.000195762	5.59104E-11	0	0	0	0	0	0	27.98889521	0.689991846	2.759980268	0	0	0	0	0	0	0	0	1.06	0	0	0	1.10000038	0
1.092857143	-2.21778E-08	7.045750743	-2.740331679	1.39365E-07	1.132E-07	55.508682	6.98349E-08	2.91655E-10	1.38699E-08	1.10908E-09	8.49568E-11	5.78848E-12	2.15094E-12	1.5578E-12	3.36048E-17	4.78184E-56	9.8481E-07	3.41904E-06	5.39702E-06	0.003306446	4.46846E-05	0.00010089	2.09968E-06	0.00052163	5.94082E-05	6.77656E-08	1.84662E-09	3.8208E-06	7.83256E-10	3.91473E-06	4.9782E-14	1.06591E-17	5.6058E-09	0.006065598	0.001490385	9.16228E-09	5.05599E-05	5.70278E-07	5.50911E-17	0.040674392	3.95675E-06	0.000309114	0.000149213	5.57349E-10	5.40333E-06	6.22022E-06	6.64149E-21	5.41001E-22	8.61944E-25	2.09381E-56	3.56982E-28	1.8109E-155	2.76118E-23	3.78223E-18	2.66532E-12	1.1985E-07	3.82713E-05	1.26852E-05	2.07215E-11	1.0264E-19	1.18024E-14	9.11954E-13	6.06542E-12	4.86516E-16	2.88711E-17	1.95222E-20	1.69985E-19	4.86485E-20	4.47684E-29	3.55312E-38	2.55973E-32	2.00132E-12	0.000495516	1.48652E-11	1.1527E-05	4.77131E-08	0.004100847	0.000838105	1.10155E-08	7.5808E-22	1.09921E-16	0.038711272	5.95593E-10	0.001033944	1.63035E-16	1.62719E-69	6.19349E-11	1.08762E-20	4.25345E-11	7.14338E-23	1.38462E-27	2.13184E-33	1.97779E-39	2.58721E-15	6.14171E-21	8.70837E-18	1.71828E-27	1.42061E-34	2.03204E-39	2.8493E-46	4.52278E-15	3.02596E-15	1.54477E-20	1.54053E-20	4.7002E-31	1.58192E-44	1.33848E-36	4.61357E-58	0.007674468	3.31517E-08	4.70061E-05	8.71262E-62	3.24373E-76	4.09318E-13	3.69418E-07	0.000179607	4.12503E-13	1.48212E-09	3.33983E-19	2.64563E-19	5.35582E-25	4.26601E-25	8.77716E-17	4.40336E-39	0.000195762	5.59104E-11	0	0	0	0	0	0	27.98889521	0.689991846	2.759980268	0	0	0	0	0	0	0	0	1.06	0	0	0	1.10000038	0
1.135714286	-2.21778E-08	7.045750743	-2.740331679	1.39365E-07	1.132E-07	55.508682	6.98349E-08	2.91655E-10	1.38699E-08	1.10908E-09	8.49568E-11	5.78848E-12	2.15094E-12	1.5578E-12	3.36048E-17	4.78184E-56	9.8481E-07	3.41904E-06	5.39702E-06	0.003306446	4.46846E-05	0.00010089	2.09968E-06	0.00052163	5.94082E-05	6.77656E-08	1.84662E-09	3.8208E-06	7.83256E-10	3.91473E-06	4.9782E-14	1.06591E-17	5.6058E-09	0.006065598	0.001490385	9.16228E-09	5.05599E-05	5.70278E-07	5.50911E-17	0.040674392	3.95675E-06	0.000309114	0.000149213	5.57349E-10	5.40333E-06	6.22022E-06	6.64149E-21	5.41001E-22	8.61944E-25	2.09381E-56	3.56982E-28	1.8109E-155	2.76118E-23	3.78223E-18	2.66532E-12	1.1985E-07	3.82713E-05	1.26852E-05	2.07215E-11	1.0264E-19	1.18024E-14	9.11954E-13	6.06542E-12	4.86516E-16	2.88711E-17	1.95222E-20	1.69985E-19	4.86485E-20	4.47684E-29	3.55312E-38	2.55973E-32	2.00132E-12	0.000495516	1.48652E-11	1.1527E-05	4.77131E-08	0.004100847	0.000838105	1.10155E-08	7.5808E-22	1.09921E-16	0.038711272	5.95593E-10	0.001033944	1.63035E-16	1.62719E-69	6.19349E-11	1.08762E-20	4.25345E-11	7.14338E-23	1.38462E-27	2.13184E-33	1.97779E-39	2.58721E-15	6.14171E-21	8.70837E-18	1.71828E-27	1.42061E-34	2.03204E-39	2.8493E-46	4.52278E-15	3.02596E-15	1.54477E-20	1.54053E-20	4.7002E-31	1.58192E-44	1.33848E-36	4.61357E-58	0.007674468	3.31517E-08	4.70061E-05	8.71262E-62	3.24373E-76	4.09318E-13	3.69418E-07	0.000179607	4.12503E-13	1.48212E-09	3.33983E-19	2.64563E-19	5.35582E-25	4.26601E-25	8.77716E-17	4.40336E-39	0.000195762	5.59104E-11	0	0	0	0	0	0	27.98889521	0.689991846	2.759980268	0	0	0	0	0	0	0	0	1.06	0	0	0	1.10000038	0
1.178571429	-2.21778E-08	7.045750743	-2.740331679	1.39365E-07	1.132E-07	55.508682	6.98349E-08	2.91655E-10	1.38699E-08	1.10908E-09	8.49568E-11	5.78848E-12	2.15094E-12	1.5578E-12	3.36048E-17	4.78184E-56	9.8481E-07	3.41904E-06	5.39702E-06	0.003306446	4.46846E-05	0.00010089	2.09968E-06	0.00052163	5.94082E-05	6.77656E-08	1.84662E-09	3.8208E-06	7.83256E-10	3.91473E-06	4.9782E-14	1.06591E-17	5.6058E-09	0.006065598	0.001490385	9.16228E-09	5.05599E-05	5.70278E-07	5.50911E-17	0.040674392	3.95675E-06	0.000309114	0.000149213	5.57349E-10	5.40333E-06	6.22022E-06	6.64149E-21	5.41001E-22	8.61944E-25	2.09381E-56	3.56982E-28	1.8109E-155	2.76118E-23	3.78223E-18	2.66532E-12	1.1985E-07	3.82713E-05	1.26852E-05	2.07215E-11	1.0264E-19	1.18024E-14	9.11954E-13	6.06542E-12	4.86516E-16	2.88711E-17	1.95222E-20	1.69985E-19	4.86485E-20	4.47684E-29	3.55312E-38	2.55973E-32	2.00132E-12	0.000495516	1.48652E-11	1.1527E-05	4.77131E-08	0.004100847	0.000838105	1.10155E-08	7.5808E-22	1.09921E-16	0.038711272	5.95593E-10	0.001033944	1.63035E-16	1.62719E-69	6.19349E-11	1.08762E-20	4.25345E-11	7.14338E-23	1.38462E-27	2.13184E-33	1.97779E-39	2.58721E-15	6.14171E-21	8.70837E-18	1.71828E-27	1.42061E-34	2.03204E-39	2.8493E-46	4.52278E-15	3.02596E-15	1.54477E-20	1.54053E-20	4.7002E-31	1.58192E-44	1.33848E-36	4.61357E-58	0.007674468	3.31517E-08	4.70061E-05	8.71262E-62	3.24373E-76	4.09318E-13	3.69418E-07	0.000179607	4.12503E-13	1.48212E-09	3.33983E-19	2.64563E-19	5.35582E-25	4.26601E-25	8.77716E-17	4.40336E-39	0.000195762	5.59104E-11	0	0	0	0	0	0	27.98889521	0.689991846	2.759980268	0	0	0	0	0	0	0	0	1.06	0	0	0	1.10000038	0
1.221428571	-2.21778E-08	7.045750743	-2.740331679	1.39365E-07	1.132E-07	55.508682	6.98349E-08	2.91655E-10	1.38699E-08	1.10908E-09	8.49568E-11	5.78848E-12	2.15094E-12	1.5578E-12	3.36048E-17	4.78184E-56	9.8481E-07	3.41904E-06	5.39702E-06	0.003306446	4.46846E-05	0.00010089	2.09968E-06	0.00052163	5.94082E-05	6.77656E-08	1.84662E-09	3.8208E-06	7.83256E-10	3.91473E-06	4.9782E-14	1.06591E-17	5.6058E-09	0.006065598	0.001490385	9.16228E-09	5.05599E-05	5.70278E-07	5.50911E-17	0.040674392	3.95675E-06	0.000309114	0.000149213	5.57349E-10	5.40333E-06	6.22022E-06	6.64149E-21	5.41001E-22	8.61944E-25	2.09381E-56	3.56982E-28	1.8109E-155	2.76118E-23	3.78223E-18	2.66532E-12	1.1985E-07	3.82713E-05	1.26852E-05	2.07215E-11	1.0264E-19	1.18024E-14	9.11954E-13	6.06542E-12	4.86516E-16	2.88711E-17	1.95222E-20	1.69985E-19	4.86485E-20	4.47684E-29	3.55312E-38	2.55973E-32	2.00132E-12	0.000495516	1.48652E-11	1.1527E-05	4.77131E-08	0.004100847	0.000838105	1.10155E-08	7.5808E-22	1.09921E-16	0.038711272	5.95593E-10	0.001033944	1.63035E-16	1.62719E-69	6.19349E-11	1.08762E-20	4.25345E-11	7.14338E-23	1.38462E-27	2.13184E-33	1.97779E-39	2.58721E-15	6.14171E-21	8.70837E-18	1.71828E-27	1.42061E-34	2.03204E-39	2.8493E-46	4.52278E-15	3.02596E-15	1.54477E-20	1.54053E-20	4.7002E-31	1.58192E-44	1.33848E-36	4.61357E-58	0.007674468	3.31517E-08	4.70061E-05	8.71262E-62	3.24373E-76	4.09318E-13	3.69418E-07	0.000179607	4.12503E-13	1.48212E-09	3.33983E-19	2.64563E-19	5.35582E-25	4.26601E-25	8.77716E-17	4.40336E-39	0.000195762	5.59104E-11	0	0	0	0	0	0	27.98889521	0.689991846	2.759980268	0	0	0	0	0	0	0	0	1.06	0	0	0	1.10000038	0
1.264285714	-2.21778E-08	7.045750743	-2.740331679	1.39365E-07	1.132E-07	55.508682	6.98349E-08	2.91655E-10	1.38699E-08	1.10908E-09	8.49568E-11	5.78848E-12	2.15094E-12	1.5578E-12	3.36048E-17	4.78184E-56	9.8481E-07	3.41904E-06	5.39702E-06	0.003306446	4.46846E-05	0.00010089	2.09968E-06	0.00052163	5.94082E-05	6.77656E-08	1.84662E-09	3.8208E-06	7.83256E-10	3.91473E-06	4.9782E-14	1.06591E-17	5.6058E-09	0.006065598	0.001490385	9.16228E-09	5.05599E-05	5.70278E-07	5.50911E-17	0.040674392	3.95675E-06	0.000309114	0.000149213	5.57349E-10	5.40333E-06	6.22022E-06	6.64149E-21	5.41001E-22	8.61944E-25	2.09381E-56	3.56982E-28	1.8109E-155	2.76118E-23	3.78223E-18	2.66532E-12	1.1985E-07	3.82713E-05	1.26852E-05	2.07215E-11	1.0264E-19	1.18024E-14	9.11954E-13	6.06542E-12	4.86516E-16	2.88711E-17	1.95222E-20	1.69985E-19	4.86485E-20	4.47684E-29	3.55312E-38	2.55973E-32	2.00132E-12	0.000495516	1.48652E-11	1.1527E-05	4.77131E-08	0.004100847	0.000838105	1.10155E-08	7.5808E-22	1.09921E-16	0.038711272	5.95593E-10	0.001033944	1.63035E-16	1.62719E-69	6.19349E-11	1.08762E-20	4.25345E-11	7.14338E-23	1.38462E-27	2.13184E-33	1.97779E-39	2.58721E-15	6.14171E-21	8.70837E-18	1.71828E-27	1.42061E-34	2.03204E-39	2.8493E-46	4.52278E-15	3.02596E-15	1.54477E-20	1.54053E-20	4.7002E-31	1.58192E-44	1.33848E-36	4.61357E-58	0.007674468	3.31517E-08	4.70061E-05	8.71262E-62	3.24373E-76	4.09318E-13	3.69418E-07	0.000179607	4.12503E-13	1.48212E-09	3.33983E-19	2.64563E-19	5.35582E-25	4.26601E-25	8.77716E-17	4.40336E-39	0.000195762	5.59104E-11	0	0	0	0	0	0	27.98889521	0.689991846	2.759980268	0	0	0	0	0	0	0	0	1.06	0	0	0	1.10000038	0
1.307142857	-2.21778E-08	7.045750743	-2.740331679	1.39365E-07	1.132E-07	55.508682	6.98349E-08	2.91655E-10	1.38699E-08	1.10908E-09	8.49568E-11	5.78848E-12	2.15094E-12	1.5578E-12	3.36048E-17	4.78184E-56	9.8481E-07	3.41904E-06	5.39702E-06	0.003306446	4.46846E-05	0.00010089	2.09968E-06	0.00052163	5.94082E-05	6.77656E-08	1.84662E-09	3.8208E-06	7.83256E-10	3.91473E-06	4.9782E-14	1.06591E-17	5.6058E-09	0.006065598	0.001490385	9.16228E-09	5.05599E-05	5.70278E-07	5.50911E-17	0.040674392	3.95675E-06	0.000309114	0.000149213	5.57349E-10	5.40333E-06	6.22022E-06	6.64149E-21	5.41001E-22	8.61944E-25	2.09381E-56	3.56982E-28	1.8109E-155	2.76118E-23	3.78223E-18	2.66532E-12	1.1985E-07	3.82713E-05	1.26852E-05	2.07215E-11	1.0264E-19	1.18024E-14	9.11954E-13	6.06542E-12	4.86516E-16	2.88711E-17	1.95222E-20	1.69985E-19	4.86485E-20	4.47684E-29	3.55312E-38	2.55973E-32	2.00132E-12	0.000495516	1.48652E-11	1.1527E-05	4.77131E-08	0.004100847	0.000838105	1.10155E-08	7.5808E-22	1.09921E-16	0.038711272	5.95593E-10	0.001033944	1.63035E-16	1.62719E-69	6.19349E-11	1.08762E-20	4.25345E-11	7.14338E-23	1.38462E-27	2.13184E-33	1.97779E-39	2.58721E-15	6.14171E-21	8.70837E-18	1.71828E-27	1.42061E-34	2.03204E-39	2.8493E-46	4.52278E-15	3.02596E-15	1.54477E-20	1.54053E-20	4.7002E-31	1.58192E-44	1.33848E-36	4.61357E-58	0.007674468	3.31517E-08	4.70061E-05	8.71262E-62	3.24373E-76	4.09318E-13	3.69418E-07	0.000179607	4.12503E-13	1.48212E-09	3.33983E-19	2.64563E-19	5.35582E-25	4.26601E-25	8.77716E-17	4.40336E-39	0.000195762	5.59104E-11	0	0	0	0	0	0	27.98889521	0.689991846	2.759980268	0	0	0	0	0	0	0	0	1.06	0	0	0	1.10000038	0
1.35	-2.21778E-08	7.045750743	-2.740331679	1.39365E-07	1.132E-07	55.508682	6.98349E-08	2.91655E-10	1.38699E-08	1.10908E-09	8.49568E-11	5.78848E-12	2.15094E-12	1.5578E-12	3.36048E-17	4.78184E-56	9.8481E-07	3.41904E-06	5.39702E-06	0.003306446	4.46846E-05	0.00010089	2.09968E-06	0.00052163	5.94082E-05	6.77656E-08	1.84662E-09	3.8208E-06	7.83256E-10	3.91473E-06	4.9782E-14	1.06591E-17	5.6058E-09	0.006065598	0.001490385	9.16228E-09	5.05599E-05	5.70278E-07	5.50911E-17	0.040674392	3.95675E-06	0.000309114	0.000149213	5.57349E-10	5.40333E-06	6.22022E-06	6.64149E-21	5.41001E-22	8.61944E-25	2.09381E-56	3.56982E-28	1.8109E-155	2.76118E-23	3.78223E-18	2.66532E-12	1.1985E-07	3.82713E-05	1.26852E-05	2.07215E-11	1.0264E-19	1.18024E-14	9.11954E-13	6.06542E-12	4.86516E-16	2.88711E-17	1.95222E-20	1.69985E-19	4.86485E-20	4.47684E-29	3.55312E-38	2.55973E-32	2.00132E-12	0.000495516	1.48652E-11	1.1527E-05	4.77131E-08	0.004100847	0.000838105	1.10155E-08	7.5808E-22	1.09921E-16	0.038711272	5.95593E-10	0.001033944	1.63035E-16	1.62719E-69	6.19349E-11	1.08762E-20	4.25345E-11	7.14338E-23	1.38462E-27	2.13184E-33	1.97779E-39	2.58721E-15	6.14171E-21	8.70837E-18	1.71828E-27	1.42061E-34	2.03204E-39	2.8493E-46	4.52278E-15	3.02596E-15	1.54477E-20	1.54053E-20	4.7002E-31	1.58192E-44	1.33848E-36	4.61357E-58	0.007674468	3.31517E-08	4.70061E-05	8.71262E-62	3.24373E-76	4.09318E-13	3.69418E-07	0.000179607	4.12503E-13	1.48212E-09	3.33983E-19	2.64563E-19	5.35582E-25	4.26601E-25	8.77716E-17	4.40336E-39	0.000195762	5.59104E-11	0	0	0	0	0	0	27.98889521	0.689991846	2.759980268	0	0	0	0	0	0	0	0	1.06	0	0	0	1.10000038	0
1.392857143	-2.21778E-08	7.045750743	-2.740331679	1.39365E-07	1.132E-07	55.508682	6.98349E-08	2.91655E-10	1.38699E-08	1.10908E-09	8.49568E-11	5.78848E-12	2.15094E-12	1.5578E-12	3.36048E-17	4.78184E-56	9.8481E-07	3.41904E-06	5.39702E-06	0.003306446	4.46846E-05	0.00010089	2.09968E-06	0.00052163	5.94082E-05	6.77656E-08	1.84662E-09	3.8208E-06	7.83256E-10	3.91473E-06	4.9782E-14	1.06591E-17	5.6058E-09	0.006065598	0.001490385	9.16228E-09	5.05599E-05	5.70278E-07	5.50911E-17	0.040674392	3.95675E-06	0.000309114	0.000149213	5.57349E-10	5.40333E-06	6.22022E-06	6.64149E-21	5.41001E-22	8.61944E-25	2.09381E-56	3.56982E-28	1.8109E-155	2.76118E-23	3.78223E-18	2.66532E-12	1.1985E-07	3.82713E-05	1.26852E-05	2.07215E-11	1.0264E-19	1.18024E-14	9.11954E-13	6.06542E-12	4.86516E-16	2.88711E-17	1.95222E-20	1.69985E-19	4.86485E-20	4.47684E-29	3.55312E-38	2.55973E-32	2.00132E-12	0.000495516	1.48652E-11	1.1527E-05	4.77131E-08	0.004100847	0.000838105	1.10155E-08	7.5808E-22	1.09921E-16	0.038711272	5.95593E-10	0.001033944	1.63035E-16	1.62719E-69	6.19349E-11	1.08762E-20	4.25345E-11	7.14338E-23	1.38462E-27	2.13184E-33	1.97779E-39	2.58721E-15	6.14171E-21	8.70837E-18	1.71828E-27	1.42061E-34	2.03204E-39	2.8493E-46	4.52278E-15	3.02596E-15	1.54477E-20	1.54053E-20	4.7002E-31	1.58192E-44	1.33848E-36	4.61357E-58	0.007674468	3.31517E-08	4.70061E-05	8.71262E-62	3.24373E-76	4.09318E-13	3.69418E-07	0.000179607	4.12503E-13	1.48212E-09	3.33983E-19	2.64563E-19	5.35582E-25	4.26601E-25	8.77716E-17	4.40336E-39	0.000195762	5.59104E-11	0	0	0	0	0	0	27.98889521	0.689991846	2.759980268	0	0	0	0	0	0	0	0	1.06	0	0	0	1.10000038	0
1.435714286	-2.21778E-08	7.045750743	-2.740331679	1.39365E-07	1.132E-07	55.508682	6.98349E-08	2.91655E-10	1.38699E-08	1.10908E-09	8.49568E-11	5.78848E-12	2.15094E-12	1.5578E-12	3.36048E-17	4.78184E-56	9.8481E-07	3.41904E-06	5.39702E-06	0.003306446	4.46846E-05	0.00010089	2.09968E-06	0.00052163	5.94082E-05	6.77656E-08	1.84662E-09	3.8208E-06	7.83256E-10	3.91473E-06	4.9782E-14	1.06591E-17	5.6058E-09	0.006065598	0.001490385	9.16228E-09	5.05599E-05	5.70278E-07	5.50911E-17	0.040674392	3.95675E-06	0.000309114	0.000149213	5.57349E-10	5.40333E-06	6.22022E-06	6.64149E-21	5.41001E-22	8.61944E-25	2.09381E-56	3.56982E-28	1.8109E-155	2.76118E-23	3.78223E-18	2.66532E-12	1.1985E-07	3.82713E-05	1.26852E-05	2.07215E-11	1.0264E-19	1.18024E-14	9.11954E-13	6.06542E-12	4.86516E-16	2.88711E-17	1.95222E-20	1.69985E-19	4.86485E-20	4.47684E-29	3.55312E-38	2.55973E-32	2.00132E-12	0.000495516	1.48652E-11	1.1527E-05	4.77131E-08	0.004100847	0.000838105	1.10155E-08	7.5808E-22	1.09921E-16	0.038711272	5.95593E-10	0.001033944	1.63035E-16	1.62719E-69	6.19349E-11	1.08762E-20	4.25345E-11	7.14338E-23	1.38462E-27	2.13184E-33	1.97779E-39	2.58721E-15	6.14171E-21	8.70837E-18	1.71828E-27	1.42061E-34	2.03204E-39	2.8493E-46	4.52278E-15	3.02596E-15	1.54477E-20	1.54053E-20	4.7002E-31	1.58192E-44	1.33848E-36	4.61357E-58	0.007674468	3.31517E-08	4.70061E-05	8.71262E-62	3.24373E-76	4.09318E-13	3.69418E-07	0.000179607	4.12503E-13	1.48212E-09	3.33983E-19	2.64563E-19	5.35582E-25	4.26601E-25	8.77716E-17	4.40336E-39	0.000195762	5.59104E-11	0	0	0	0	0	0	27.98889521	0.689991846	2.759980268	0	0	0	0	0	0	0	0	1.06	0	0	0	1.10000038	0
1.478571429	-2.21778E-08	7.045750743	-2.740331679	1.39365E-07	1.132E-07	55.508682	6.98349E-08	2.91655E-10	1.38699E-08	1.10908E-09	8.49568E-11	5.78848E-12	2.15094E-12	1.5578E-12	3.36048E-17	4.78184E-56	9.8481E-07	3.41904E-06	5.39702E-06	0.003306446	4.46846E-05	0.00010089	2.09968E-06	0.00052163	5.94082E-05	6.77656E-08	1.84662E-09	3.8208E-06	7.83256E-10	3.91473E-06	4.9782E-14	1.06591E-17	5.6058E-09	0.006065598	0.001490385	9.16228E-09	5.05599E-05	5.70278E-07	5.50911E-17	0.040674392	3.95675E-06	0.000309114	0.000149213	5.57349E-10	5.40333E-06	6.22022E-06	6.64149E-21	5.41001E-22	8.61944E-25	2.09381E-56	3.56982E-28	1.8109E-155	2.76118E-23	3.78223E-18	2.66532E-12	1.1985E-07	3.82713E-05	1.26852E-05	2.07215E-11	1.0264E-19	1.18024E-14	9.11954E-13	6.06542E-12	4.86516E-16	2.88711E-17	1.95222E-20	1.69985E-19	4.86485E-20	4.47684E-29	3.55312E-38	2.55973E-32	2.00132E-12	0.000495516	1.48652E-11	1.1527E-05	4.77131E-08	0.004100847	0.000838105	1.10155E-08	7.5808E-22	1.09921E-16	0.038711272	5.95593E-10	0.001033944	1.63035E-16	1.62719E-69	6.19349E-11	1.08762E-20	4.25345E-11	7.14338E-23	1.38462E-27	2.13184E-33	1.97779E-39	2.58721E-15	6.14171E-21	8.70837E-18	1.71828E-27	1.42061E-34	2.03204E-39	2.8493E-46	4.52278E-15	3.02596E-15	1.54477E-20	1.54053E-20	4.7002E-31	1.58192E-44	1.33848E-36	4.61357E-58	0.007674468	3.31517E-08	4.70061E-05	8.71262E-62	3.24373E-76	4.09318E-13	3.69418E-07	0.000179607	4.12503E-13	1.48212E-09	3.33983E-19	2.64563E-19	5.35582E-25	4.26601E-25	8.77716E-17	4.40336E-39	0.000195762	5.59104E-11	0	0	0	0	0	0	27.98889521	0.689991846	2.759980268	0	0	0	0	0	0	0	0	1.06	0	0	0	1.10000038	0
1.521428571	-2.21778E-08	7.045750743	-2.740331679	1.39365E-07	1.132E-07	55.508682	6.98349E-08	2.91655E-10	1.38699E-08	1.10908E-09	8.49568E-11	5.78848E-12	2.15094E-12	1.5578E-12	3.36048E-17	4.78184E-56	9.8481E-07	3.41904E-06	5.39702E-06	0.003306446	4.46846E-05	0.00010089	2.09968E-06	0.00052163	5.94082E-05	6.77656E-08	1.84662E-09	3.8208E-06	7.83256E-10	3.91473E-06	4.9782E-14	1.06591E-17	5.6058E-09	0.006065598	0.001490385	9.16228E-09	5.05599E-05	5.70278E-07	5.50911E-17	0.040674392	3.95675E-06	0.000309114	0.000149213	5.57349E-10	5.40333E-06	6.22022E-06	6.64149E-21	5.41001E-22	8.61944E-25	2.09381E-56	3.56982E-28	1.8109E-155	2.76118E-23	3.78223E-18	2.66532E-12	1.1985E-07	3.82713E-05	1.26852E-05	2.07215E-11	1.0264E-19	1.18024E-14	9.11954E-13	6.06542E-12	4.86516E-16	2.88711E-17	1.95222E-20	1.69985E-19	4.86485E-20	4.47684E-29	3.55312E-38	2.55973E-32	2.00132E-12	0.000495516	1.48652E-11	1.1527E-05	4.77131E-08	0.004100847	0.000838105	1.10155E-08	7.5808E-22	1.09921E-16	0.038711272	5.95593E-10	0.001033944	1.63035E-16	1.62719E-69	6.19349E-11	1.08762E-20	4.25345E-11	7.14338E-23	1.38462E-27	2.13184E-33	1.97779E-39	2.58721E-15	6.14171E-21	8.70837E-18	1.71828E-27	1.42061E-34	2.03204E-39	2.8493E-46	4.52278E-15	3.02596E-15	1.54477E-20	1.54053E-20	4.7002E-31	1.58192E-44	1.33848E-36	4.61357E-58	0.007674468	3.31517E-08	4.70061E-05	8.71262E-62	3.24373E-76	4.09318E-13	3.69418E-07	0.000179607	4.12503E-13	1.48212E-09	3.33983E-19	2.64563E-19	5.35582E-25	4.26601E-25	8.77716E-17	4.40336E-39	0.000195762	5.59104E-11	0	0	0	0	0	0	27.98889521	0.689991846	2.759980268	0	0	0	0	0	0	0	0	1.06	0	0	0	1.10000038	0
1.564285714	-2.21778E-08	7.045750743	-2.740331679	1.39365E-07	1.132E-07	55.508682	6.98349E-08	2.91655E-10	1.38699E-08	1.10908E-09	8.49568E-11	5.78848E-12	2.15094E-12	1.5578E-12	3.36048E-17	4.78184E-56	9.8481E-07	3.41904E-06	5.39702E-06	0.003306446	4.46846E-05	0.00010089	2.09968E-06	0.00052163	5.94082E-05	6.77656E-08	1.84662E-09	3.8208E-06	7.83256E-10	3.91473E-06	4.9782E-14	1.06591E-17	5.6058E-09	0.006065598	0.001490385	9.16228E-09	5.05599E-05	5.70278E-07	5.50911E-17	0.040674392	3.95675E-06	0.000309114	0.000149213	5.57349E-10	5.40333E-06	6.22022E-06	6.64149E-21	5.41001E-22	8.61944E-25	2.09381E-56	3.56982E-28	1.8109E-155	2.76118E-23	3.78223E-18	2.66532E-12	1.1985E-07	3.82713E-05	1.26852E-05	2.07215E-11	1.0264E-19	1.18024E-14	9.11954E-13	6.06542E-12	4.86516E-16	2.88711E-17	1.95222E-20	1.69985E-19	4.86485E-20	4.47684E-29	3.55312E-38	2.55973E-32	2.00132E-12	0.000495516	1.48652E-11	1.1527E-05	4.77131E-08	0.004100847	0.000838105	1.10155E-08	7.5808E-22	1.09921E-16	0.038711272	5.95593E-10	0.001033944	1.63035E-16	1.62719E-69	6.19349E-11	1.08762E-20	4.25345E-11	7.14338E-23	1.38462E-27	2.13184E-33	1.97779E-39	2.58721E-15	6.14171E-21	8.70837E-18	1.71828E-27	1.42061E-34	2.03204E-39	2.8493E-46	4.52278E-15	3.02596E-15	1.54477E-20	1.54053E-20	4.7002E-31	1.58192E-44	1.33848E-36	4.61357E-58	0.007674468	3.31517E-08	4.70061E-05	8.71262E-62	3.24373E-76	4.09318E-13	3.69418E-07	0.000179607	4.12503E-13	1.48212E-09	3.33983E-19	2.64563E-19	5.35582E-25	4.26601E-25	8.77716E-17	4.40336E-39	0.000195762	5.59104E-11	0	0	0	0	0	0	27.98889521	0.689991846	2.759980268	0	0	0	0	0	0	0	0	1.06	0	0	0	1.10000038	0
1.607142857	-2.21778E-08	7.045750743	-2.740331679	1.39365E-07	1.132E-07	55.508682	6.98349E-08	2.91655E-10	1.38699E-08	1.10908E-09	8.49568E-11	5.78848E-12	2.15094E-12	1.5578E-12	3.36048E-17	4.78184E-56	9.8481E-07	3.41904E-06	5.39702E-06	0.003306446	4.46846E-05	0.00010089	2.09968E-06	0.00052163	5.94082E-05	6.77656E-08	1.84662E-09	3.8208E-06	7.83256E-10	3.91473E-06	4.9782E-14	1.06591E-17	5.6058E-09	0.006065598	0.001490385	9.16228E-09	5.05599E-05	5.70278E-07	5.50911E-17	0.040674392	3.95675E-06	0.000309114	0.000149213	5.57349E-10	5.40333E-06	6.22022E-06	6.64149E-21	5.41001E-22	8.61944E-25	2.09381E-56	3.56982E-28	1.8109E-155	2.76118E-23	3.78223E-18	2.66532E-12	1.1985E-07	3.82713E-05	1.26852E-05	2.07215E-11	1.0264E-19	1.18024E-14	9.11954E-13	6.06542E-12	4.86516E-16	2.88711E-17	1.95222E-20	1.69985E-19	4.86485E-20	4.47684E-29	3.55312E-38	2.55973E-32	2.00132E-12	0.000495516	1.48652E-11	1.1527E-05	4.77131E-08	0.004100847	0.000838105	1.10155E-08	7.5808E-22	1.09921E-16	0.038711272	5.95593E-10	0.001033944	1.63035E-16	1.62719E-69	6.19349E-11	1.08762E-20	4.25345E-11	7.14338E-23	1.38462E-27	2.13184E-33	1.97779E-39	2.58721E-15	6.14171E-21	8.70837E-18	1.71828E-27	1.42061E-34	2.03204E-39	2.8493E-46	4.52278E-15	3.02596E-15	1.54477E-20	1.54053E-20	4.7002E-31	1.58192E-44	1.33848E-36	4.61357E-58	0.007674468	3.31517E-08	4.70061E-05	8.71262E-62	3.24373E-76	4.09318E-13	3.69418E-07	0.000179607	4.12503E-13	1.48212E-09	3.33983E-19	2.64563E-19	5.35582E-25	4.26601E-25	8.77716E-17	4.40336E-39	0.000195762	5.59104E-11	0	0	0	0	0	0	27.98889521	0.689991846	2.759980268	0	0	0	0	0	0	0	0	1.06	0	0	0	1.10000038	0
1.65	-2.21778E-08	7.045750743	-2.740331679	1.39365E-07	1.132E-07	55.508682	6.98349E-08	2.91655E-10	1.38699E-08	1.10908E-09	8.49568E-11	5.78848E-12	2.15094E-12	1.5578E-12	3.36048E-17	4.78184E-56	9.8481E-07	3.41904E-06	5.39702E-06	0.003306446	4.46846E-05	0.00010089	2.09968E-06	0.00052163	5.94082E-05	6.77656E-08	1.84662E-09	3.8208E-06	7.83256E-10	3.91473E-06	4.9782E-14	1.06591E-17	5.6058E-09	0.006065598	0.001490385	9.16228E-09	5.05599E-05	5.70278E-07	5.50911E-17	0.040674392	3.95675E-06	0.000309114	0.000149213	5.57349E-10	5.40333E-06	6.22022E-06	6.64149E-21	5.41001E-22	8.61944E-25	2.09381E-56	3.56982E-28	1.8109E-155	2.76118E-23	3.78223E-18	2.66532E-12	1.1985E-07	3.82713E-05	1.26852E-05	2.07215E-11	1.0264E-19	1.18024E-14	9.11954E-13	6.06542E-12	4.86516E-16	2.88711E-17	1.95222E-20	1.69985E-19	4.86485E-20	4.47684E-29	3.55312E-38	2.55973E-32	2.00132E-12	0.000495516	1.48652E-11	1.1527E-05	4.77131E-08	0.004100847	0.000838105	1.10155E-08	7.5808E-22	1.09921E-16	0.038711272	5.95593E-10	0.001033944	1.63035E-16	1.62719E-69	6.19349E-11	1.08762E-20	4.25345E-11	7.14338E-23	1.38462E-27	2.13184E-33	1.97779E-39	2.58721E-15	6.14171E-21	8.70837E-18	1.71828E-27	1.42061E-34	2.03204E-39	2.8493E-46	4.52278E-15	3.02596E-15	1.54477E-20	1.54053E-20	4.7002E-31	1.58192E-44	1.33848E-36	4.61357E-58	0.007674468	3.31517E-08	4.70061E-05	8.71262E-62	3.24373E-76	4.09318E-13	3.69418E-07	0.000179607	4.12503E-13	1.48212E-09	3.33983E-19	2.64563E-19	5.35582E-25	4.26601E-25	8.77716E-17	4.40336E-39	0.000195762	5.59104E-11	0	0	0	0	0	0	27.98889521	0.689991846	2.759980268	0	0	0	0	0	0	0	0	1.06	0	0	0	1.10000038	0
1.692857143	-2.21778E-08	7.045750743	-2.740331679	1.39365E-07	1.132E-07	55.508682	6.98349E-08	2.91655E-10	1.38699E-08	1.10908E-09	8.49568E-11	5.78848E-12	2.15094E-12	1.5578E-12	3.36048E-17	4.78184E-56	9.8481E-07	3.41904E-06	5.39702E-06	0.003306446	4.46846E-05	0.00010089	2.09968E-06	0.00052163	5.94082E-05	6.77656E-08	1.84662E-09	3.8208E-06	7.83256E-10	3.91473E-06	4.9782E-14	1.06591E-17	5.6058E-09	0.006065598	0.001490385	9.16228E-09	5.05599E-05	5.70278E-07	5.50911E-17	0.040674392	3.95675E-06	0.000309114	0.000149213	5.57349E-10	5.40333E-06	6.22022E-06	6.64149E-21	5.41001E-22	8.61944E-25	2.09381E-56	3.56982E-28	1.8109E-155	2.76118E-23	3.78223E-18	2.66532E-12	1.1985E-07	3.82713E-05	1.26852E-05	2.07215E-11	1.0264E-19	1.18024E-14	9.11954E-13	6.06542E-12	4.86516E-16	2.88711E-17	1.95222E-20	1.69985E-19	4.86485E-20	4.47684E-29	3.55312E-38	2.55973E-32	2.00132E-12	0.000495516	1.48652E-11	1.1527E-05	4.77131E-08	0.004100847	0.000838105	1.10155E-08	7.5808E-22	1.09921E-16	0.038711272	5.95593E-10	0.001033944	1.63035E-16	1.62719E-69	6.19349E-11	1.08762E-20	4.25345E-11	7.14338E-23	1.38462E-27	2.13184E-33	1.97779E-39	2.58721E-15	6.14171E-21	8.70837E-18	1.71828E-27	1.42061E-34	2.03204E-39	2.8493E-46	4.52278E-15	3.02596E-15	1.54477E-20	1.54053E-20	4.7002E-31	1.58192E-44	1.33848E-36	4.61357E-58	0.007674468	3.31517E-08	4.70061E-05	8.71262E-62	3.24373E-76	4.09318E-13	3.69418E-07	0.000179607	4.12503E-13	1.48212E-09	3.33983E-19	2.64563E-19	5.35582E-25	4.26601E-25	8.77716E-17	4.40336E-39	0.000195762	5.59104E-11	0	0	0	0	0	0	27.98889521	0.689991846	2.759980268	0	0	0	0	0	0	0	0	1.06	0	0	0	1.10000038	0
1.735714286	-2.21778E-08	7.045750743	-2.740331679	1.39365E-07	1.132E-07	55.508682	6.98349E-08	2.91655E-10	1.38699E-08	1.10908E-09	8.49568E-11	5.78848E-12	2.15094E-12	1.5578E-12	3.36048E-17	4.78184E-56	9.8481E-07	3.41904E-06	5.39702E-06	0.003306446	4.46846E-05	0.00010089	2.09968E-06	0.00052163	5.94082E-05	6.77656E-08	1.84662E-09	3.8208E-06	7.83256E-10	3.91473E-06	4.9782E-14	1.06591E-17	5.6058E-09	0.006065598	0.001490385	9.16228E-09	5.05599E-05	5.70278E-07	5.50911E-17	0.040674392	3.95675E-06	0.000309114	0.000149213	5.57349E-10	5.40333E-06	6.22022E-06	6.64149E-21	5.41001E-22	8.61944E-25	2.09381E-56	3.56982E-28	1.8109E-155	2.76118E-23	3.78223E-18	2.66532E-12	1.1985E-07	3.82713E-05	1.26852E-05	2.07215E-11	1.0264E-19	1.18024E-14	9.11954E-13	6.06542E-12	4.86516E-16	2.88711E-17	1.95222E-20	1.69985E-19	4.86485E-20	4.47684E-29	3.55312E-38	2.55973E-32	2.00132E-12	0.000495516	1.48652E-11	1.1527E-05	4.77131E-08	0.004100847	0.000838105	1.10155E-08	7.5808E-22	1.09921E-16	0.038711272	5.95593E-10	0.001033944	1.63035E-16	1.62719E-69	6.19349E-11	1.08762E-20	4.25345E-11	7.14338E-23	1.38462E-27	2.13184E-33	1.97779E-39	2.58721E-15	6.14171E-21	8.70837E-18	1.71828E-27	1.42061E-34	2.03204E-39	2.8493E-46	4.52278E-15	3.02596E-15	1.54477E-20	1.54053E-20	4.7002E-31	1.58192E-44	1.33848E-36	4.61357E-58	0.007674468	3.31517E-08	4.70061E-05	8.71262E-62	3.24373E-76	4.09318E-13	3.69418E-07	0.000179607	4.12503E-13	1.48212E-09	3.33983E-19	2.64563E-19	5.35582E-25	4.26601E-25	8.77716E-17	4.40336E-39	0.000195762	5.59104E-11	0	0	0	0	0	0	27.98889521	0.689991846	2.759980268	0	0	0	0	0	0	0	0	1.06	0	0	0	1.10000038	0
1.778571429	-2.21778E-08	7.045750743	-2.740331679	1.39365E-07	1.132E-07	55.508682	6.98349E-08	2.91655E-10	1.38699E-08	1.10908E-09	8.49568E-11	5.78848E-12	2.15094E-12	1.5578E-12	3.36048E-17	4.78184E-56	9.8481E-07	3.41904E-06	5.39702E-06	0.003306446	4.46846E-05	0.00010089	2.09968E-06	0.00052163	5.94082E-05	6.77656E-08	1.84662E-09	3.8208E-06	7.83256E-10	3.91473E-06	4.9782E-14	1.06591E-17	5.6058E-09	0.006065598	0.001490385	9.16228E-09	5.05599E-05	5.70278E-07	5.50911E-17	0.040674392	3.95675E-06	0.000309114	0.000149213	5.57349E-10	5.40333E-06	6.22022E-06	6.64149E-21	5.41001E-22	8.61944E-25	2.09381E-56	3.56982E-28	1.8109E-155	2.76118E-23	3.78223E-18	2.66532E-12	1.1985E-07	3.82713E-05	1.26852E-05	2.07215E-11	1.0264E-19	1.18024E-14	9.11954E-13	6.06542E-12	4.86516E-16	2.88711E-17	1.95222E-20	1.69985E-19	4.86485E-20	4.47684E-29	3.55312E-38	2.55973E-32	2.00132E-12	0.000495516	1.48652E-11	1.1527E-05	4.77131E-08	0.004100847	0.000838105	1.10155E-08	7.5808E-22	1.09921E-16	0.038711272	5.95593E-10	0.001033944	1.63035E-16	1.62719E-69	6.19349E-11	1.08762E-20	4.25345E-11	7.14338E-23	1.38462E-27	2.13184E-33	1.97779E-39	2.58721E-15	6.14171E-21	8.70837E-18	1.71828E-27	1.42061E-34	2.03204E-39	2.8493E-46	4.52278E-15	3.02596E-15	1.54477E-20	1.54053E-20	4.7002E-31	1.58192E-44	1.33848E-36	4.61357E-58	0.007674468	3.31517E-08	4.70061E-05	8.71262E-62	3.24373E-76	4.09318E-13	3.69418E-07	0.000179607	4.12503E-13	1.48212E-09	3.33983E-19	2.64563E-19	5.35582E-25	4.26601E-25	8.77716E-17	4.40336E-39	0.000195762	5.59104E-11	0	0	0	0	0	0	27.98889521	0.689991846	2.759980268	0	0	0	0	0	0	0	0	1.06	0	0	0	1.10000038	0
1.85	-2.21778E-08	7.045750743	-2.740331679	1.39365E-07	1.132E-07	55.508682	6.98349E-08	2.91655E-10	1.38699E-08	1.10908E-09	8.49568E-11	5.78848E-12	2.15094E-12	1.5578E-12	3.36048E-17	4.78184E-56	9.8481E-07	3.41904E-06	5.39702E-06	0.003306446	4.46846E-05	0.00010089	2.09968E-06	0.00052163	5.94082E-05	6.77656E-08	1.84662E-09	3.8208E-06	7.83256E-10	3.91473E-06	4.9782E-14	1.06591E-17	5.6058E-09	0.006065598	0.001490385	9.16228E-09	5.05599E-05	5.70278E-07	5.50911E-17	0.040674392	3.95675E-06	0.000309114	0.000149213	5.57349E-10	5.40333E-06	6.22022E-06	6.64149E-21	5.41001E-22	8.61944E-25	2.09381E-56	3.56982E-28	1.8109E-155	2.76118E-23	3.78223E-18	2.66532E-12	1.1985E-07	3.82713E-05	1.26852E-05	2.07215E-11	1.0264E-19	1.18024E-14	9.11954E-13	6.06542E-12	4.86516E-16	2.88711E-17	1.95222E-20	1.69985E-19	4.86485E-20	4.47684E-29	3.55312E-38	2.55973E-32	2.00132E-12	0.000495516	1.48652E-11	1.1527E-05	4.77131E-08	0.004100847	0.000838105	1.10155E-08	7.5808E-22	1.09921E-16	0.038711272	5.95593E-10	0.001033944	1.63035E-16	1.62719E-69	6.19349E-11	1.08762E-20	4.25345E-11	7.14338E-23	1.38462E-27	2.13184E-33	1.97779E-39	2.58721E-15	6.14171E-21	8.70837E-18	1.71828E-27	1.42061E-34	2.03204E-39	2.8493E-46	4.52278E-15	3.02596E-15	1.54477E-20	1.54053E-20	4.7002E-31	1.58192E-44	1.33848E-36	4.61357E-58	0.007674468	3.31517E-08	4.70061E-05	8.71262E-62	3.24373E-76	4.09318E-13	3.69418E-07	0.000179607	4.12503E-13	1.48212E-09	3.33983E-19	2.64563E-19	5.35582E-25	4.26601E-25	8.77716E-17	4.40336E-39	0.000195762	5.59104E-11	0	0	0	0	0	0	27.98889521	0.689991846	2.759980268	0	0	0	0	0	0	0	0	1.06	0	0	0	1.10000038	0
1.95	-2.21778E-08	7.045750743	-2.740331679	1.39365E-07	1.132E-07	55.508682	6.98349E-08	2.91655E-10	1.38699E-08	1.10908E-09	8.49568E-11	5.78848E-12	2.15094E-12	1.5578E-12	3.36048E-17	4.78184E-56	9.8481E-07	3.41904E-06	5.39702E-06	0.003306446	4.46846E-05	0.00010089	2.09968E-06	0.00052163	5.94082E-05	6.77656E-08	1.84662E-09	3.8208E-06	7.83256E-10	3.91473E-06	4.9782E-14	1.06591E-17	5.6058E-09	0.006065598	0.001490385	9.16228E-09	5.05599E-05	5.70278E-07	5.50911E-17	0.040674392	3.95675E-06	0.000309114	0.000149213	5.57349E-10	5.40333E-06	6.22022E-06	6.64149E-21	5.41001E-22	8.61944E-25	2.09381E-56	3.56982E-28	1.8109E-155	2.76118E-23	3.78223E-18	2.66532E-12	1.1985E-07	3.82713E-05	1.26852E-05	2.07215E-11	1.0264E-19	1.18024E-14	9.11954E-13	6.06542E-12	4.86516E-16	2.88711E-17	1.95222E-20	1.69985E-19	4.86485E-20	4.47684E-29	3.55312E-38	2.55973E-32	2.00132E-12	0.000495516	1.48652E-11	1.1527E-05	4.77131E-08	0.004100847	0.000838105	1.10155E-08	7.5808E-22	1.09921E-16	0.038711272	5.95593E-10	0.001033944	1.63035E-16	1.62719E-69	6.19349E-11	1.08762E-20	4.25345E-11	7.14338E-23	1.38462E-27	2.13184E-33	1.97779E-39	2.58721E-15	6.14171E-21	8.70837E-18	1.71828E-27	1.42061E-34	2.03204E-39	2.8493E-46	4.52278E-15	3.02596E-15	1.54477E-20	1.54053E-20	4.7002E-31	1.58192E-44	1.33848E-36	4.61357E-58	0.007674468	3.31517E-08	4.70061E-05	8.71262E-62	3.24373E-76	4.09318E-13	3.69418E-07	0.000179607	4.12503E-13	1.48212E-09	3.33983E-19	2.64563E-19	5.35582E-25	4.26601E-25	8.77716E-17	4.40336E-39	0.000195762	5.59104E-11	0	0	0	0	0	0	27.98889521	0.689991846	2.759980268	0	0	0	0	0	0	0	0	1.06	0	0	0	1.10000038	0
2.05	-2.21778E-08	7.045750743	-2.740331679	1.39365E-07	1.132E-07	55.508682	6.98349E-08	2.91655E-10	1.38699E-08	1.10908E-09	8.49568E-11	5.78848E-12	2.15094E-12	1.5578E-12	3.36048E-17	4.78184E-56	9.8481E-07	3.41904E-06	5.39702E-06	0.003306446	4.46846E-05	0.00010089	2.09968E-06	0.00052163	5.94082E-05	6.77656E-08	1.84662E-09	3.8208E-06	7.83256E-10	3.91473E-06	4.9782E-14	1.06591E-17	5.6058E-09	0.006065598	0.001490385	9.16228E-09	5.05599E-05	5.70278E-07	5.50911E-17	0.040674392	3.95675E-06	0.000309114	0.000149213	5.57349E-10	5.40333E-06	6.22022E-06	6.64149E-21	5.41001E-22	8.61944E-25	2.09381E-56	3.56982E-28	1.8109E-155	2.76118E-23	3.78223E-18	2.66532E-12	1.1985E-07	3.82713E-05	1.26852E-05	2.07215E-11	1.0264E-19	1.18024E-14	9.11954E-13	6.06542E-12	4.86516E-16	2.88711E-17	1.95222E-20	1.69985E-19	4.86485E-20	4.47684E-29	3.55312E-38	2.55973E-32	2.00132E-12	0.000495516	1.48652E-11	1.1527E-05	4.77131E-08	0.004100847	0.000838105	1.10155E-08	7.5808E-22	1.09921E-16	0.038711272	5.95593E-10	0.001033944	1.63035E-16	1.62719E-69	6.19349E-11	1.08762E-20	4.25345E-11	7.14338E-23	1.38462E-27	2.13184E-33	1.97779E-39	2.58721E-15	6.14171E-21	8.70837E-18	1.71828E-27	1.42061E-34	2.03204E-39	2.8493E-46	4.52278E-15	3.02596E-15	1.54477E-20	1.54053E-20	4.7002E-31	1.58192E-44	1.33848E-36	4.61357E-58	0.007674468	3.31517E-08	4.70061E-05	8.71262E-62	3.24373E-76	4.09318E-13	3.69418E-07	0.000179607	4.12503E-13	1.48212E-09	3.33983E-19	2.64563E-19	5.35582E-25	4.26601E-25	8.77716E-17	4.40336E-39	0.000195762	5.59104E-11	0	0	0	0	0	0	27.98889521	0.689991846	2.759980268	0	0	0	0	0	0	0	0	1.06	0	0	0	1.10000038	0
2.15	-2.21778E-08	7.045750743	-2.740331679	1.39365E-07	1.132E-07	55.508682	6.98349E-08	2.91655E-10	1.38699E-08	1.10908E-09	8.49568E-11	5.78848E-12	2.15094E-12	1.5578E-12	3.36048E-17	4.78184E-56	9.8481E-07	3.41904E-06	5.39702E-06	0.003306446	4.46846E-05	0.00010089	2.09968E-06	0.00052163	5.94082E-05	6.77656E-08	1.84662E-09	3.8208E-06	7.83256E-10	3.91473E-06	4.9782E-14	1.06591E-17	5.6058E-09	0.006065598	0.001490385	9.16228E-09	5.05599E-05	5.70278E-07	5.50911E-17	0.040674392	3.95675E-06	0.000309114	0.000149213	5.57349E-10	5.40333E-06	6.22022E-06	6.64149E-21	5.41001E-22	8.61944E-25	2.09381E-56	3.56982E-28	1.8109E-155	2.76118E-23	3.78223E-18	2.66532E-12	1.1985E-07	3.82713E-05	1.26852E-05	2.07215E-11	1.0264E-19	1.18024E-14	9.11954E-13	6.06542E-12	4.86516E-16	2.88711E-17	1.95222E-20	1.69985E-19	4.86485E-20	4.47684E-29	3.55312E-38	2.55973E-32	2.00132E-12	0.000495516	1.48652E-11	1.1527E-05	4.77131E-08	0.004100847	0.000838105	1.10155E-08	7.5808E-22	1.09921E-16	0.038711272	5.95593E-10	0.001033944	1.63035E-16	1.62719E-69	6.19349E-11	1.08762E-20	4.25345E-11	7.14338E-23	1.38462E-27	2.13184E-33	1.97779E-39	2.58721E-15	6.14171E-21	8.70837E-18	1.71828E-27	1.42061E-34	2.03204E-39	2.8493E-46	4.52278E-15	3.02596E-15	1.54477E-20	1.54053E-20	4.7002E-31	1.58192E-44	1.33848E-36	4.61357E-58	0.007674468	3.31517E-08	4.70061E-05	8.71262E-62	3.24373E-76	4.09318E-13	3.69418E-07	0.000179607	4.12503E-13	1.48212E-09	3.33983E-19	2.64563E-19	5.35582E-25	4.26601E-25	8.77716E-17	4.40336E-39	0.000195762	5.59104E-11	0	0	0	0	0	0	27.98889521	0.689991846	2.759980268	0	0	0	0	0	0	0	0	1.06	0	0	0	1.10000038	0
2.25	-2.21778E-08	7.045750743	-2.740331679	1.39365E-07	1.132E-07	55.508682	6.98349E-08	2.91655E-10	1.38699E-08	1.10908E-09	8.49568E-11	5.78848E-12	2.15094E-12	1.5578E-12	3.36048E-17	4.78184E-56	9.8481E-07	3.41904E-06	5.39702E-06	0.003306446	4.46846E-05	0.00010089	2.09968E-06	0.00052163	5.94082E-05	6.77656E-08	1.84662E-09	3.8208E-06	7.83256E-10	3.91473E-06	4.9782E-14	1.06591E-17	5.6058E-09	0.006065598	0.001490385	9.16228E-09	5.05599E-05	5.70278E-07	5.50911E-17	0.040674392	3.95675E-06	0.000309114	0.000149213	5.57349E-10	5.40333E-06	6.22022E-06	6.64149E-21	5.41001E-22	8.61944E-25	2.09381E-56	3.56982E-28	1.8109E-155	2.76118E-23	3.78223E-18	2.66532E-12	1.1985E-07	3.82713E-05	1.26852E-05	2.07215E-11	1.0264E-19	1.18024E-14	9.11954E-13	6.06542E-12	4.86516E-16	2.88711E-17	1.95222E-20	1.69985E-19	4.86485E-20	4.47684E-29	3.55312E-38	2.55973E-32	2.00132E-12	0.000495516	1.48652E-11	1.1527E-05	4.77131E-08	0.004100847	0.000838105	1.10155E-08	7.5808E-22	1.09921E-16	0.038711272	5.95593E-10	0.001033944	1.63035E-16	1.62719E-69	6.19349E-11	1.08762E-20	4.25345E-11	7.14338E-23	1.38462E-27	2.13184E-33	1.97779E-39	2.58721E-15	6.14171E-21	8.70837E-18	1.71828E-27	1.42061E-34	2.03204E-39	2.8493E-46	4.52278E-15	3.02596E-15	1.54477E-20	1.54053E-20	4.7002E-31	1.58192E-44	1.33848E-36	4.61357E-58	0.007674468	3.31517E-08	4.70061E-05	8.71262E-62	3.24373E-76	4.09318E-13	3.69418E-07	0.000179607	4.12503E-13	1.48212E-09	3.33983E-19	2.64563E-19	5.35582E-25	4.26601E-25	8.77716E-17	4.40336E-39	0.000195762	5.59104E-11	0	0	0	0	0	0	27.98889521	0.689991846	2.759980268	0	0	0	0	0	0	0	0	1.06	0	0	0	1.10000038	0
2.35	-2.21778E-08	7.045750743	-2.740331679	1.39365E-07	1.132E-07	55.508682	6.98349E-08	2.91655E-10	1.38699E-08	1.10908E-09	8.49568E-11	5.78848E-12	2.15094E-12	1.5578E-12	3.36048E-17	4.78184E-56	9.8481E-07	3.41904E-06	5.39702E-06	0.003306446	4.46846E-05	0.00010089	2.09968E-06	0.00052163	5.94082E-05	6.77656E-08	1.84662E-09	3.8208E-06	7.83256E-10	3.91473E-06	4.9782E-14	1.06591E-17	5.6058E-09	0.006065598	0.001490385	9.16228E-09	5.05599E-05	5.70278E-07	5.50911E-17	0.040674392	3.95675E-06	0.000309114	0.000149213	5.57349E-10	5.40333E-06	6.22022E-06	6.64149E-21	5.41001E-22	8.61944E-25	2.09381E-56	3.56982E-28	1.8109E-155	2.76118E-23	3.78223E-18	2.66532E-12	1.1985E-07	3.82713E-05	1.26852E-05	2.07215E-11	1.0264E-19	1.18024E-14	9.11954E-13	6.06542E-12	4.86516E-16	2.88711E-17	1.95222E-20	1.69985E-19	4.86485E-20	4.47684E-29	3.55312E-38	2.55973E-32	2.00132E-12	0.000495516	1.48652E-11	1.1527E-05	4.77131E-08	0.004100847	0.000838105	1.10155E-08	7.5808E-22	1.09921E-16	0.038711272	5.95593E-10	0.001033944	1.63035E-16	1.62719E-69	6.19349E-11	1.08762E-20	4.25345E-11	7.14338E-23	1.38462E-27	2.13184E-33	1.97779E-39	2.58721E-15	6.14171E-21	8.70837E-18	1.71828E-27	1.42061E-34	2.03204E-39	2.8493E-46	4.52278E-15	3.02596E-15	1.54477E-20	1.54053E-20	4.7002E-31	1.58192E-44	1.33848E-36	4.61357E-58	0.007674468	3.31517E-08	4.70061E-05	8.71262E-62	3.24373E-76	4.09318E-13	3.69418E-07	0.000179607	4.12503E-13	1.48212E-09	3.33983E-19	2.64563E-19	5.35582E-25	4.26601E-25	8.77716E-17	4.40336E-39	0.000195762	5.59104E-11	0	0	0	0	0	0	27.98889521	0.689991846	2.759980268	0	0	0	0	0	0	0	0	1.06	0	0	0	1.10000038	0
2.45	-2.21778E-08	7.045750743	-2.740331679	1.39365E-07	1.132E-07	55.508682	6.98349E-08	2.91655E-10	1.38699E-08	1.10908E-09	8.49568E-11	5.78848E-12	2.15094E-12	1.5578E-12	3.36048E-17	4.78184E-56	9.8481E-07	3.41904E-06	5.39702E-06	0.003306446	4.46846E-05	0.00010089	2.09968E-06	0.00052163	5.94082E-05	6.77656E-08	1.84662E-09	3.8208E-06	7.83256E-10	3.91473E-06	4.9782E-14	1.06591E-17	5.6058E-09	0.006065598	0.001490385	9.16228E-09	5.05599E-05	5.70278E-07	5.50911E-17	0.040674392	3.95675E-06	0.000309114	0.000149213	5.57349E-10	5.40333E-06	6.22022E-06	6.64149E-21	5.41001E-22	8.61944E-25	2.09381E-56	3.56982E-28	1.8109E-155	2.76118E-23	3.78223E-18	2.66532E-12	1.1985E-07	3.82713E-05	1.26852E-05	2.07215E-11	1.0264E-19	1.18024E-14	9.11954E-13	6.06542E-12	4.86516E-16	2.88711E-17	1.95222E-20	1.69985E-19	4.86485E-20	4.47684E-29	3.55312E-38	2.55973E-32	2.00132E-12	0.000495516	1.48652E-11	1.1527E-05	4.77131E-08	0.004100847	0.000838105	1.10155E-08	7.5808E-22	1.09921E-16	0.038711272	5.95593E-10	0.001033944	1.63035E-16	1.62719E-69	6.19349E-11	1.08762E-20	4.25345E-11	7.14338E-23	1.38462E-27	2.13184E-33	1.97779E-39	2.58721E-15	6.14171E-21	8.70837E-18	1.71828E-27	1.42061E-34	2.03204E-39	2.8493E-46	4.52278E-15	3.02596E-15	1.54477E-20	1.54053E-20	4.7002E-31	1.58192E-44	1.33848E-36	4.61357E-58	0.007674468	3.31517E-08	4.70061E-05	8.71262E-62	3.24373E-76	4.09318E-13	3.69418E-07	0.000179607	4.12503E-13	1.48212E-09	3.33983E-19	2.64563E-19	5.35582E-25	4.26601E-25	8.77716E-17	4.40336E-39	0.000195762	5.59104E-11	0	0	0	0	0	0	27.98889521	0.689991846	2.759980268	0	0	0	0	0	0	0	0	1.06	0	0	0	1.10000038	0
2.55	-2.21778E-08	7.045750743	-2.740331679	1.39365E-07	1.132E-07	55.508682	6.98349E-08	2.91655E-10	1.38699E-08	1.10908E-09	8.49568E-11	5.78848E-12	2.15094E-12	1.5578E-12	3.36048E-17	4.78184E-56	9.8481E-07	3.41904E-06	5.39702E-06	0.003306446	4.46846E-05	0.00010089	2.09968E-06	0.00052163	5.94082E-05	6.77656E-08	1.84662E-09	3.8208E-06	7.83256E-10	3.91473E-06	4.9782E-14	1.06591E-17	5.6058E-09	0.006065598	0.001490385	9.16228E-09	5.05599E-05	5.70278E-07	5.50911E-17	0.040674392	3.95675E-06	0.000309114	0.000149213	5.57349E-10	5.40333E-06	6.22022E-06	6.64149E-21	5.41001E-22	8.61944E-25	2.09381E-56	3.56982E-28	1.8109E-155	2.76118E-23	3.78223E-18	2.66532E-12	1.1985E-07	3.82713E-05	1.26852E-05	2.07215E-11	1.0264E-19	1.18024E-14	9.11954E-13	6.06542E-12	4.86516E-16	2.88711E-17	1.95222E-20	1.69985E-19	4.86485E-20	4.47684E-29	3.55312E-38	2.55973E-32	2.00132E-12	0.000495516	1.48652E-11	1.1527E-05	4.77131E-08	0.004100847	0.000838105	1.10155E-08	7.5808E-22	1.09921E-16	0.038711272	5.95593E-10	0.001033944	1.63035E-16	1.62719E-69	6.19349E-11	1.08762E-20	4.25345E-11	7.14338E-23	1.38462E-27	2.13184E-33	1.97779E-39	2.58721E-15	6.14171E-21	8.70837E-18	1.71828E-27	1.42061E-34	2.03204E-39	2.8493E-46	4.52278E-15	3.02596E-15	1.54477E-20	1.54053E-20	4.7002E-31	1.58192E-44	1.33848E-36	4.61357E-58	0.007674468	3.31517E-08	4.70061E-05	8.71262E-62	3.24373E-76	4.09318E-13	3.69418E-07	0.000179607	4.12503E-13	1.48212E-09	3.33983E-19	2.64563E-19	5.35582E-25	4.26601E-25	8.77716E-17	4.40336E-39	0.000195762	5.59104E-11	0	0	0	0	0	0	27.98889521	0.689991846	2.759980268	0	0	0	0	0	0	0	0	1.06	0	0	0	1.10000038	0
2.65	-2.21778E-08	7.045750743	-2.740331679	1.39365E-07	1.132E-07	55.508682	6.98349E-08	2.91655E-10	1.38699E-08	1.10908E-09	8.49568E-11	5.78848E-12	2.15094E-12	1.5578E-12	3.36048E-17	4.78184E-56	9.8481E-07	3.41904E-06	5.39702E-06	0.003306446	4.46846E-05	0.00010089	2.09968E-06	0.00052163	5.94082E-05	6.77656E-08	1.84662E-09	3.8208E-06	7.83256E-10	3.91473E-06	4.9782E-14	1.06591E-17	5.6058E-09	0.006065598	0.001490385	9.16228E-09	5.05599E-05	5.70278E-07	5.50911E-17	0.040674392	3.95675E-06	0.000309114	0.000149213	5.57349E-10	5.40333E-06	6.22022E-06	6.64149E-21	5.41001E-22	8.61944E-25	2.09381E-56	3.56982E-28	1.8109E-155	2.76118E-23	3.78223E-18	2.66532E-12	1.1985E-07	3.82713E-05	1.26852E-05	2.07215E-11	1.0264E-19	1.18024E-14	9.11954E-13	6.06542E-12	4.86516E-16	2.88711E-17	1.95222E-20	1.69985E-19	4.86485E-20	4.47684E-29	3.55312E-38	2.55973E-32	2.00132E-12	0.000495516	1.48652E-11	1.1527E-05	4.77131E-08	0.004100847	0.000838105	1.10155E-08	7.5808E-22	1.09921E-16	0.038711272	5.95593E-10	0.001033944	1.63035E-16	1.62719E-69	6.19349E-11	1.08762E-20	4.25345E-11	7.14338E-23	1.38462E-27	2.13184E-33	1.97779E-39	2.58721E-15	6.14171E-21	8.70837E-18	1.71828E-27	1.42061E-34	2.03204E-39	2.8493E-46	4.52278E-15	3.02596E-15	1.54477E-20	1.54053E-20	4.7002E-31	1.58192E-44	1.33848E-36	4.61357E-58	0.007674468	3.31517E-08	4.70061E-05	8.71262E-62	3.24373E-76	4.09318E-13	3.69418E-07	0.000179607	4.12503E-13	1.48212E-09	3.33983E-19	2.64563E-19	5.35582E-25	4.26601E-25	8.77716E-17	4.40336E-39	0.000195762	5.59104E-11	0	0	0	0	0	0	27.98889521	0.689991846	2.759980268	0	0	0	0	0	0	0	0	1.06	0	0	0	1.10000038	0
2.75	-2.21778E-08	7.045750743	-2.740331679	1.39365E-07	1.132E-07	55.508682	6.98349E-08	2.91655E-10	1.38699E-08	1.10908E-09	8.49568E-11	5.78848E-12	2.15094E-12	1.5578E-12	3.36048E-17	4.78184E-56	9.8481E-07	3.41904E-06	5.39702E-06	0.003306446	4.46846E-05	0.00010089	2.09968E-06	0.00052163	5.94082E-05	6.77656E-08	1.84662E-09	3.8208E-06	7.83256E-10	3.91473E-06	4.9782E-14	1.06591E-17	5.6058E-09	0.006065598	0.001490385	9.16228E-09	5.05599E-05	5.70278E-07	5.50911E-17	0.040674392	3.95675E-06	0.000309114	0.000149213	5.57349E-10	5.40333E-06	6.22022E-06	6.64149E-21	5.41001E-22	8.61944E-25	2.09381E-56	3.56982E-28	1.8109E-155	2.76118E-23	3.78223E-18	2.66532E-12	1.1985E-07	3.82713E-05	1.26852E-05	2.07215E-11	1.0264E-19	1.18024E-14	9.11954E-13	6.06542E-12	4.86516E-16	2.88711E-17	1.95222E-20	1.69985E-19	4.86485E-20	4.47684E-29	3.55312E-38	2.55973E-32	2.00132E-12	0.000495516	1.48652E-11	1.1527E-05	4.77131E-08	0.004100847	0.000838105	1.10155E-08	7.5808E-22	1.09921E-16	0.038711272	5.95593E-10	0.001033944	1.63035E-16	1.62719E-69	6.19349E-11	1.08762E-20	4.25345E-11	7.14338E-23	1.38462E-27	2.13184E-33	1.97779E-39	2.58721E-15	6.14171E-21	8.70837E-18	1.71828E-27	1.42061E-34	2.03204E-39	2.8493E-46	4.52278E-15	3.02596E-15	1.54477E-20	1.54053E-20	4.7002E-31	1.58192E-44	1.33848E-36	4.61357E-58	0.007674468	3.31517E-08	4.70061E-05	8.71262E-62	3.24373E-76	4.09318E-13	3.69418E-07	0.000179607	4.12503E-13	1.48212E-09	3.33983E-19	2.64563E-19	5.35582E-25	4.26601E-25	8.77716E-17	4.40336E-39	0.000195762	5.59104E-11	0	0	0	0	0	0	27.98889521	0.689991846	2.759980268	0	0	0	0	0	0	0	0	1.06	0	0	0	1.10000038	0
2.925	-2.21778E-08	7.045750743	-2.740331679	1.39365E-07	1.132E-07	55.508682	6.98349E-08	2.91655E-10	1.38699E-08	1.10908E-09	8.49568E-11	5.78848E-12	2.15094E-12	1.5578E-12	3.36048E-17	4.78184E-56	9.8481E-07	3.41904E-06	5.39702E-06	0.003306446	4.46846E-05	0.00010089	2.09968E-06	0.00052163	5.94082E-05	6.77656E-08	1.84662E-09	3.8208E-06	7.83256E-10	3.91473E-06	4.9782E-14	1.06591E-17	5.6058E-09	0.006065598	0.001490385	9.16228E-09	5.05599E-05	5.70278E-07	5.50911E-17	0.040674392	3.95675E-06	0.000309114	0.000149213	5.57349E-10	5.40333E-06	6.22022E-06	6.64149E-21	5.41001E-22	8.61944E-25	2.09381E-56	3.56982E-28	1.8109E-155	2.76118E-23	3.78223E-18	2.66532E-12	1.1985E-07	3.82713E-05	1.26852E-05	2.07215E-11	1.0264E-19	1.18024E-14	9.11954E-13	6.06542E-12	4.86516E-16	2.88711E-17	1.95222E-20	1.69985E-19	4.86485E-20	4.47684E-29	3.55312E-38	2.55973E-32	2.00132E-12	0.000495516	1.48652E-11	1.1527E-05	4.77131E-08	0.004100847	0.000838105	1.10155E-08	7.5808E-22	1.09921E-16	0.038711272	5.95593E-10	0.001033944	1.63035E-16	1.62719E-69	6.19349E-11	1.08762E-20	4.25345E-11	7.14338E-23	1.38462E-27	2.13184E-33	1.97779E-39	2.58721E-15	6.14171E-21	8.70837E-18	1.71828E-27	1.42061E-34	2.03204E-39	2.8493E-46	4.52278E-15	3.02596E-15	1.54477E-20	1.54053E-20	4.7002E-31	1.58192E-44	1.33848E-36	4.61357E-58	0.007674468	3.31517E-08	4.70061E-05	8.71262E-62	3.24373E-76	4.09318E-13	3.69418E-07	0.000179607	4.12503E-13	1.48212E-09	3.33983E-19	2.64563E-19	5.35582E-25	4.26601E-25	8.77716E-17	4.40336E-39	0.000195762	5.59104E-11	0	0	0	0	0	0	27.98889521	0.689991846	2.759980268	0	0	0	0	0	0	0	0	1.06	0	0	0	1.10000038	0
3.175	-2.21778E-08	7.045750743	-2.740331679	1.39365E-07	1.132E-07	55.508682	6.98349E-08	2.91655E-10	1.38699E-08	1.10908E-09	8.49568E-11	5.78848E-12	2.15094E-12	1.5578E-12	3.36048E-17	4.78184E-56	9.8481E-07	3.41904E-06	5.39702E-06	0.003306446	4.46846E-05	0.00010089	2.09968E-06	0.00052163	5.94082E-05	6.77656E-08	1.84662E-09	3.8208E-06	7.83256E-10	3.91473E-06	4.9782E-14	1.06591E-17	5.6058E-09	0.006065598	0.001490385	9.16228E-09	5.05599E-05	5.70278E-07	5.50911E-17	0.040674392	3.95675E-06	0.000309114	0.000149213	5.57349E-10	5.40333E-06	6.22022E-06	6.64149E-21	5.41001E-22	8.61944E-25	2.09381E-56	3.56982E-28	1.8109E-155	2.76118E-23	3.78223E-18	2.66532E-12	1.1985E-07	3.82713E-05	1.26852E-05	2.07215E-11	1.0264E-19	1.18024E-14	9.11954E-13	6.06542E-12	4.86516E-16	2.88711E-17	1.95222E-20	1.69985E-19	4.86485E-20	4.47684E-29	3.55312E-38	2.55973E-32	2.00132E-12	0.000495516	1.48652E-11	1.1527E-05	4.77131E-08	0.004100847	0.000838105	1.10155E-08	7.5808E-22	1.09921E-16	0.038711272	5.95593E-10	0.001033944	1.63035E-16	1.62719E-69	6.19349E-11	1.08762E-20	4.25345E-11	7.14338E-23	1.38462E-27	2.13184E-33	1.97779E-39	2.58721E-15	6.14171E-21	8.70837E-18	1.71828E-27	1.42061E-34	2.03204E-39	2.8493E-46	4.52278E-15	3.02596E-15	1.54477E-20	1.54053E-20	4.7002E-31	1.58192E-44	1.33848E-36	4.61357E-58	0.007674468	3.31517E-08	4.70061E-05	8.71262E-62	3.24373E-76	4.09318E-13	3.69418E-07	0.000179607	4.12503E-13	1.48212E-09	3.33983E-19	2.64563E-19	5.35582E-25	4.26601E-25	8.77716E-17	4.40336E-39	0.000195762	5.59104E-11	0	0	0	0	0	0	27.98889521	0.689991846	2.759980268	0	0	0	0	0	0	0	0	1.06	0	0	0	1.10000038	0
3.425	-2.21778E-08	7.045750743	-2.740331679	1.39365E-07	1.132E-07	55.508682	6.98349E-08	2.91655E-10	1.38699E-08	1.10908E-09	8.49568E-11	5.78848E-12	2.15094E-12	1.5578E-12	3.36048E-17	4.78184E-56	9.8481E-07	3.41904E-06	5.39702E-06	0.003306446	4.46846E-05	0.00010089	2.09968E-06	0.00052163	5.94082E-05	6.77656E-08	1.84662E-09	3.8208E-06	7.83256E-10	3.91473E-06	4.9782E-14	1.06591E-17	5.6058E-09	0.006065598	0.001490385	9.16228E-09	5.05599E-05	5.70278E-07	5.50911E-17	0.040674392	3.95675E-06	0.000309114	0.000149213	5.57349E-10	5.40333E-06	6.22022E-06	6.64149E-21	5.41001E-22	8.61944E-25	2.09381E-56	3.56982E-28	1.8109E-155	2.76118E-23	3.78223E-18	2.66532E-12	1.1985E-07	3.82713E-05	1.26852E-05	2.07215E-11	1.0264E-19	1.18024E-14	9.11954E-13	6.06542E-12	4.86516E-16	2.88711E-17	1.95222E-20	1.69985E-19	4.86485E-20	4.47684E-29	3.55312E-38	2.55973E-32	2.00132E-12	0.000495516	1.48652E-11	1.1527E-05	4.77131E-08	0.004100847	0.000838105	1.10155E-08	7.5808E-22	1.09921E-16	0.038711272	5.95593E-10	0.001033944	1.63035E-16	1.62719E-69	6.19349E-11	1.08762E-20	4.25345E-11	7.14338E-23	1.38462E-27	2.13184E-33	1.97779E-39	2.58721E-15	6.14171E-21	8.70837E-18	1.71828E-27	1.42061E-34	2.03204E-39	2.8493E-46	4.52278E-15	3.02596E-15	1.54477E-20	1.54053E-20	4.7002E-31	1.58192E-44	1.33848E-36	4.61357E-58	0.007674468	3.31517E-08	4.70061E-05	8.71262E-62	3.24373E-76	4.09318E-13	3.69418E-07	0.000179607	4.12503E-13	1.48212E-09	3.33983E-19	2.64563E-19	5.35582E-25	4.26601E-25	8.77716E-17	4.40336E-39	0.000195762	5.59104E-11	0	0	0	0	0	0	27.98889521	0.689991846	2.759980268	0	0	0	0	0	0	0	0	1.06	0	0	0	1.10000038	0
3.675	-2.21778E-08	7.045750743	-2.740331679	1.39365E-07	1.132E-07	55.508682	6.98349E-08	2.91655E-10	1.38699E-08	1.10908E-09	8.49568E-11	5.78848E-12	2.15094E-12	1.5578E-12	3.36048E-17	4.78184E-56	9.8481E-07	3.41904E-06	5.39702E-06	0.003306446	4.46846E-05	0.00010089	2.09968E-06	0.00052163	5.94082E-05	6.77656E-08	1.84662E-09	3.8208E-06	7.83256E-10	3.91473E-06	4.9782E-14	1.06591E-17	5.6058E-09	0.006065598	0.001490385	9.16228E-09	5.05599E-05	5.70278E-07	5.50911E-17	0.040674392	3.95675E-06	0.000309114	0.000149213	5.57349E-10	5.40333E-06	6.22022E-06	6.64149E-21	5.41001E-22	8.61944E-25	2.09381E-56	3.56982E-28	1.8109E-155	2.76118E-23	3.78223E-18	2.66532E-12	1.1985E-07	3.82713E-05	1.26852E-05	2.07215E-11	1.0264E-19	1.18024E-14	9.11954E-13	6.06542E-12	4.86516E-16	2.88711E-17	1.95222E-20	1.69985E-19	4.86485E-20	4.47684E-29	3.55312E-38	2.55973E-32	2.00132E-12	0.000495516	1.48652E-11	1.1527E-05	4.77131E-08	0.004100847	0.000838105	1.10155E-08	7.5808E-22	1.09921E-16	0.038711272	5.95593E-10	0.001033944	1.63035E-16	1.62719E-69	6.19349E-11	1.08762E-20	4.25345E-11	7.14338E-23	1.38462E-27	2.13184E-33	1.97779E-39	2.58721E-15	6.14171E-21	8.70837E-18	1.71828E-27	1.42061E-34	2.03204E-39	2.8493E-46	4.52278E-15	3.02596E-15	1.54477E-20	1.54053E-20	4.7002E-31	1.58192E-44	1.33848E-36	4.61357E-58	0.007674468	3.31517E-08	4.70061E-05	8.71262E-62	3.24373E-76	4.09318E-13	3.69418E-07	0.000179607	4.12503E-13	1.48212E-09	3.33983E-19	2.64563E-19	5.35582E-25	4.26601E-25	8.77716E-17	4.40336E-39	0.000195762	5.59104E-11	0	0	0	0	0	0	27.98889521	0.689991846	2.759980268	0	0	0	0	0	0	0	0	1.06	0	0	0	1.10000038	0
3.925	-2.21778E-08	7.045750743	-2.740331679	1.39365E-07	1.132E-07	55.508682	6.98349E-08	2.91655E-10	1.38699E-08	1.10908E-09	8.49568E-11	5.78848E-12	2.15094E-12	1.5578E-12	3.36048E-17	4.78184E-56	9.8481E-07	3.41904E-06	5.39702E-06	0.003306446	4.46846E-05	0.00010089	2.09968E-06	0.00052163	5.94082E-05	6.77656E-08	1.84662E-09	3.8208E-06	7.83256E-10	3.91473E-06	4.9782E-14	1.06591E-17	5.6058E-09	0.006065598	0.001490385	9.16228E-09	5.05599E-05	5.70278E-07	5.50911E-17	0.040674392	3.95675E-06	0.000309114	0.000149213	5.57349E-10	5.40333E-06	6.22022E-06	6.64149E-21	5.41001E-22	8.61944E-25	2.09381E-56	3.56982E-28	1.8109E-155	2.76118E-23	3.78223E-18	2.66532E-12	1.1985E-07	3.82713E-05	1.26852E-05	2.07215E-11	1.0264E-19	1.18024E-14	9.11954E-13	6.06542E-12	4.86516E-16	2.88711E-17	1.95222E-20	1.69985E-19	4.86485E-20	4.47684E-29	3.55312E-38	2.55973E-32	2.00132E-12	0.000495516	1.48652E-11	1.1527E-05	4.77131E-08	0.004100847	0.000838105	1.10155E-08	7.5808E-22	1.09921E-16	0.038711272	5.95593E-10	0.001033944	1.63035E-16	1.62719E-69	6.19349E-11	1.08762E-20	4.25345E-11	7.14338E-23	1.38462E-27	2.13184E-33	1.97779E-39	2.58721E-15	6.14171E-21	8.70837E-18	1.71828E-27	1.42061E-34	2.03204E-39	2.8493E-46	4.52278E-15	3.02596E-15	1.54477E-20	1.54053E-20	4.7002E-31	1.58192E-44	1.33848E-36	4.61357E-58	0.007674468	3.31517E-08	4.70061E-05	8.71262E-62	3.24373E-76	4.09318E-13	3.69418E-07	0.000179607	4.12503E-13	1.48212E-09	3.33983E-19	2.64563E-19	5.35582E-25	4.26601E-25	8.77716E-17	4.40336E-39	0.000195762	5.59104E-11	0	0	0	0	0	0	27.98889521	0.689991846	2.759980268	0	0	0	0	0	0	0	0	1.06	0	0	0	1.10000038	0
4.175	-2.21778E-08	7.045750743	-2.740331679	1.39365E-07	1.132E-07	55.508682	6.98349E-08	2.91655E-10	1.38699E-08	1.10908E-09	8.49568E-11	5.78848E-12	2.15094E-12	1.5578E-12	3.36048E-17	4.78184E-56	9.8481E-07	3.41904E-06	5.39702E-06	0.003306446	4.46846E-05	0.00010089	2.09968E-06	0.00052163	5.94082E-05	6.77656E-08	1.84662E-09	3.8208E-06	7.83256E-10	3.91473E-06	4.9782E-14	1.06591E-17	5.6058E-09	0.006065598	0.001490385	9.16228E-09	5.05599E-05	5.70278E-07	5.50911E-17	0.040674392	3.95675E-06	0.000309114	0.000149213	5.57349E-10	5.40333E-06	6.22022E-06	6.64149E-21	5.41001E-22	8.61944E-25	2.09381E-56	3.56982E-28	1.8109E-155	2.76118E-23	3.78223E-18	2.66532E-12	1.1985E-07	3.82713E-05	1.26852E-05	2.07215E-11	1.0264E-19	1.18024E-14	9.11954E-13	6.06542E-12	4.86516E-16	2.88711E-17	1.95222E-20	1.69985E-19	4.86485E-20	4.47684E-29	3.55312E-38	2.55973E-32	2.00132E-12	0.000495516	1.48652E-11	1.1527E-05	4.77131E-08	0.004100847	0.000838105	1.10155E-08	7.5808E-22	1.09921E-16	0.038711272	5.95593E-10	0.001033944	1.63035E-16	1.62719E-69	6.19349E-11	1.08762E-20	4.25345E-11	7.14338E-23	1.38462E-27	2.13184E-33	1.97779E-39	2.58721E-15	6.14171E-21	8.70837E-18	1.71828E-27	1.42061E-34	2.03204E-39	2.8493E-46	4.52278E-15	3.02596E-15	1.54477E-20	1.54053E-20	4.7002E-31	1.58192E-44	1.33848E-36	4.61357E-58	0.007674468	3.31517E-08	4.70061E-05	8.71262E-62	3.24373E-76	4.09318E-13	3.69418E-07	0.000179607	4.12503E-13	1.48212E-09	3.33983E-19	2.64563E-19	5.35582E-25	4.26601E-25	8.77716E-17	4.40336E-39	0.000195762	5.59104E-11	0	0	0	0	0	0	27.98889521	0.689991846	2.759980268	0	0	0	0	0	0	0	0	1.06	0	0	0	1.10000038	0
4.425	-2.21778E-08	7.045750743	-2.740331679	1.39365E-07	1.132E-07	55.508682	6.98349E-08	2.91655E-10	1.38699E-08	1.10908E-09	8.49568E-11	5.78848E-12	2.15094E-12	1.5578E-12	3.36048E-17	4.78184E-56	9.8481E-07	3.41904E-06	5.39702E-06	0.003306446	4.46846E-05	0.00010089	2.09968E-06	0.00052163	5.94082E-05	6.77656E-08	1.84662E-09	3.8208E-06	7.83256E-10	3.91473E-06	4.9782E-14	1.06591E-17	5.6058E-09	0.006065598	0.001490385	9.16228E-09	5.05599E-05	5.70278E-07	5.50911E-17	0.040674392	3.95675E-06	0.000309114	0.000149213	5.57349E-10	5.40333E-06	6.22022E-06	6.64149E-21	5.41001E-22	8.61944E-25	2.09381E-56	3.56982E-28	1.8109E-155	2.76118E-23	3.78223E-18	2.66532E-12	1.1985E-07	3.82713E-05	1.26852E-05	2.07215E-11	1.0264E-19	1.18024E-14	9.11954E-13	6.06542E-12	4.86516E-16	2.88711E-17	1.95222E-20	1.69985E-19	4.86485E-20	4.47684E-29	3.55312E-38	2.55973E-32	2.00132E-12	0.000495516	1.48652E-11	1.1527E-05	4.77131E-08	0.004100847	0.000838105	1.10155E-08	7.5808E-22	1.09921E-16	0.038711272	5.95593E-10	0.001033944	1.63035E-16	1.62719E-69	6.19349E-11	1.08762E-20	4.25345E-11	7.14338E-23	1.38462E-27	2.13184E-33	1.97779E-39	2.58721E-15	6.14171E-21	8.70837E-18	1.71828E-27	1.42061E-34	2.03204E-39	2.8493E-46	4.52278E-15	3.02596E-15	1.54477E-20	1.54053E-20	4.7002E-31	1.58192E-44	1.33848E-36	4.61357E-58	0.007674468	3.31517E-08	4.70061E-05	8.71262E-62	3.24373E-76	4.09318E-13	3.69418E-07	0.000179607	4.12503E-13	1.48212E-09	3.33983E-19	2.64563E-19	5.35582E-25	4.26601E-25	8.77716E-17	4.40336E-39	0.000195762	5.59104E-11	0	0	0	0	0	0	27.98889521	0.689991846	2.759980268	0	0	0	0	0	0	0	0	1.06	0	0	0	1.10000038	0
4.675	-2.21778E-08	7.045750743	-2.740331679	1.39365E-07	1.132E-07	55.508682	6.98349E-08	2.91655E-10	1.38699E-08	1.10908E-09	8.49568E-11	5.78848E-12	2.15094E-12	1.5578E-12	3.36048E-17	4.78184E-56	9.8481E-07	3.41904E-06	5.39702E-06	0.003306446	4.46846E-05	0.00010089	2.09968E-06	0.00052163	5.94082E-05	6.77656E-08	1.84662E-09	3.8208E-06	7.83256E-10	3.91473E-06	4.9782E-14	1.06591E-17	5.6058E-09	0.006065598	0.001490385	9.16228E-09	5.05599E-05	5.70278E-07	5.50911E-17	0.040674392	3.95675E-06	0.000309114	0.000149213	5.57349E-10	5.40333E-06	6.22022E-06	6.64149E-21	5.41001E-22	8.61944E-25	2.09381E-56	3.56982E-28	1.8109E-155	2.76118E-23	3.78223E-18	2.66532E-12	1.1985E-07	3.82713E-05	1.26852E-05	2.07215E-11	1.0264E-19	1.18024E-14	9.11954E-13	6.06542E-12	4.86516E-16	2.88711E-17	1.95222E-20	1.69985E-19	4.86485E-20	4.47684E-29	3.55312E-38	2.55973E-32	2.00132E-12	0.000495516	1.48652E-11	1.1527E-05	4.77131E-08	0.004100847	0.000838105	1.10155E-08	7.5808E-22	1.09921E-16	0.038711272	5.95593E-10	0.001033944	1.63035E-16	1.62719E-69	6.19349E-11	1.08762E-20	4.25345E-11	7.14338E-23	1.38462E-27	2.13184E-33	1.97779E-39	2.58721E-15	6.14171E-21	8.70837E-18	1.71828E-27	1.42061E-34	2.03204E-39	2.8493E-46	4.52278E-15	3.02596E-15	1.54477E-20	1.54053E-20	4.7002E-31	1.58192E-44	1.33848E-36	4.61357E-58	0.007674468	3.31517E-08	4.70061E-05	8.71262E-62	3.24373E-76	4.09318E-13	3.69418E-07	0.000179607	4.12503E-13	1.48212E-09	3.33983E-19	2.64563E-19	5.35582E-25	4.26601E-25	8.77716E-17	4.40336E-39	0.000195762	5.59104E-11	0	0	0	0	0	0	27.98889521	0.689991846	2.759980268	0	0	0	0	0	0	0	0	1.06	0	0	0	1.10000038	0
4.925	-2.21778E-08	7.045750743	-2.740331679	1.39365E-07	1.132E-07	55.508682	6.98349E-08	2.91655E-10	1.38699E-08	1.10908E-09	8.49568E-11	5.78848E-12	2.15094E-12	1.5578E-12	3.36048E-17	4.78184E-56	9.8481E-07	3.41904E-06	5.39702E-06	0.003306446	4.46846E-05	0.00010089	2.09968E-06	0.00052163	5.94082E-05	6.77656E-08	1.84662E-09	3.8208E-06	7.83256E-10	3.91473E-06	4.9782E-14	1.06591E-17	5.6058E-09	0.006065598	0.001490385	9.16228E-09	5.05599E-05	5.70278E-07	5.50911E-17	0.040674392	3.95675E-06	0.000309114	0.000149213	5.57349E-10	5.40333E-06	6.22022E-06	6.64149E-21	5.41001E-22	8.61944E-25	2.09381E-56	3.56982E-28	1.8109E-155	2.76118E-23	3.78223E-18	2.66532E-12	1.1985E-07	3.82713E-05	1.26852E-05	2.07215E-11	1.0264E-19	1.18024E-14	9.11954E-13	6.06542E-12	4.86516E-16	2.88711E-17	1.95222E-20	1.69985E-19	4.86485E-20	4.47684E-29	3.55312E-38	2.55973E-32	2.00132E-12	0.000495516	1.48652E-11	1.1527E-05	4.77131E-08	0.004100847	0.000838105	1.10155E-08	7.5808E-22	1.09921E-16	0.038711272	5.95593E-10	0.001033944	1.63035E-16	1.62719E-69	6.19349E-11	1.08762E-20	4.25345E-11	7.14338E-23	1.38462E-27	2.13184E-33	1.97779E-39	2.58721E-15	6.14171E-21	8.70837E-18	1.71828E-27	1.42061E-34	2.03204E-39	2.8493E-46	4.52278E-15	3.02596E-15	1.54477E-20	1.54053E-20	4.7002E-31	1.58192E-44	1.33848E-36	4.61357E-58	0.007674468	3.31517E-08	4.70061E-05	8.71262E-62	3.24373E-76	4.09318E-13	3.69418E-07	0.000179607	4.12503E-13	1.48212E-09	3.33983E-19	2.64563E-19	5.35582E-25	4.26601E-25	8.77716E-17	4.40336E-39	0.000195762	5.59104E-11	0	0	0	0	0	0	27.98889521	0.689991846	2.759980268	0	0	0	0	0	0	0	0	1.06	0	0	0	1.10000038	0
5.175	-2.21778E-08	7.045750743	-2.740331679	1.39365E-07	1.132E-07	55.508682	6.98349E-08	2.91655E-10	1.38699E-08	1.10908E-09	8.49568E-11	5.78848E-12	2.15094E-12	1.5578E-12	3.36048E-17	4.78184E-56	9.8481E-07	3.41904E-06	5.39702E-06	0.003306446	4.46846E-05	0.00010089	2.09968E-06	0.00052163	5.94082E-05	6.77656E-08	1.84662E-09	3.8208E-06	7.83256E-10	3.91473E-06	4.9782E-14	1.06591E-17	5.6058E-09	0.006065598	0.001490385	9.16228E-09	5.05599E-05	5.70278E-07	5.50911E-17	0.040674392	3.95675E-06	0.000309114	0.000149213	5.57349E-10	5.40333E-06	6.22022E-06	6.64149E-21	5.41001E-22	8.61944E-25	2.09381E-56	3.56982E-28	1.8109E-155	2.76118E-23	3.78223E-18	2.66532E-12	1.1985E-07	3.82713E-05	1.26852E-05	2.07215E-11	1.0264E-19	1.18024E-14	9.11954E-13	6.06542E-12	4.86516E-16	2.88711E-17	1.95222E-20	1.69985E-19	4.86485E-20	4.47684E-29	3.55312E-38	2.55973E-32	2.00132E-12	0.000495516	1.48652E-11	1.1527E-05	4.77131E-08	0.004100847	0.000838105	1.10155E-08	7.5808E-22	1.09921E-16	0.038711272	5.95593E-10	0.001033944	1.63035E-16	1.62719E-69	6.19349E-11	1.08762E-20	4.25345E-11	7.14338E-23	1.38462E-27	2.13184E-33	1.97779E-39	2.58721E-15	6.14171E-21	8.70837E-18	1.71828E-27	1.42061E-34	2.03204E-39	2.8493E-46	4.52278E-15	3.02596E-15	1.54477E-20	1.54053E-20	4.7002E-31	1.58192E-44	1.33848E-36	4.61357E-58	0.007674468	3.31517E-08	4.70061E-05	8.71262E-62	3.24373E-76	4.09318E-13	3.69418E-07	0.000179607	4.12503E-13	1.48212E-09	3.33983E-19	2.64563E-19	5.35582E-25	4.26601E-25	8.77716E-17	4.40336E-39	0.000195762	5.59104E-11	0	0	0	0	0	0	27.98889521	0.689991846	2.759980268	0	0	0	0	0	0	0	0	1.06	0	0	0	1.10000038	0
5.425	-2.21778E-08	7.045750743	-2.740331679	1.39365E-07	1.132E-07	55.508682	6.98349E-08	2.91655E-10	1.38699E-08	1.10908E-09	8.49568E-11	5.78848E-12	2.15094E-12	1.5578E-12	3.36048E-17	4.78184E-56	9.8481E-07	3.41904E-06	5.39702E-06	0.003306446	4.46846E-05	0.00010089	2.09968E-06	0.00052163	5.94082E-05	6.77656E-08	1.84662E-09	3.8208E-06	7.83256E-10	3.91473E-06	4.9782E-14	1.06591E-17	5.6058E-09	0.006065598	0.001490385	9.16228E-09	5.05599E-05	5.70278E-07	5.50911E-17	0.040674392	3.95675E-06	0.000309114	0.000149213	5.57349E-10	5.40333E-06	6.22022E-06	6.64149E-21	5.41001E-22	8.61944E-25	2.09381E-56	3.56982E-28	1.8109E-155	2.76118E-23	3.78223E-18	2.66532E-12	1.1985E-07	3.82713E-05	1.26852E-05	2.07215E-11	1.0264E-19	1.18024E-14	9.11954E-13	6.06542E-12	4.86516E-16	2.88711E-17	1.95222E-20	1.69985E-19	4.86485E-20	4.47684E-29	3.55312E-38	2.55973E-32	2.00132E-12	0.000495516	1.48652E-11	1.1527E-05	4.77131E-08	0.004100847	0.000838105	1.10155E-08	7.5808E-22	1.09921E-16	0.038711272	5.95593E-10	0.001033944	1.63035E-16	1.62719E-69	6.19349E-11	1.08762E-20	4.25345E-11	7.14338E-23	1.38462E-27	2.13184E-33	1.97779E-39	2.58721E-15	6.14171E-21	8.70837E-18	1.71828E-27	1.42061E-34	2.03204E-39	2.8493E-46	4.52278E-15	3.02596E-15	1.54477E-20	1.54053E-20	4.7002E-31	1.58192E-44	1.33848E-36	4.61357E-58	0.007674468	3.31517E-08	4.70061E-05	8.71262E-62	3.24373E-76	4.09318E-13	3.69418E-07	0.000179607	4.12503E-13	1.48212E-09	3.33983E-19	2.64563E-19	5.35582E-25	4.26601E-25	8.77716E-17	4.40336E-39	0.000195762	5.59104E-11	0	0	0	0	0	0	27.98889521	0.689991846	2.759980268	0	0	0	0	0	0	0	0	1.06	0	0	0	1.10000038	0
5.675	-2.21778E-08	7.045750743	-2.740331679	1.39365E-07	1.132E-07	55.508682	6.98349E-08	2.91655E-10	1.38699E-08	1.10908E-09	8.49568E-11	5.78848E-12	2.15094E-12	1.5578E-12	3.36048E-17	4.78184E-56	9.8481E-07	3.41904E-06	5.39702E-06	0.003306446	4.46846E-05	0.00010089	2.09968E-06	0.00052163	5.94082E-05	6.77656E-08	1.84662E-09	3.8208E-06	7.83256E-10	3.91473E-06	4.9782E-14	1.06591E-17	5.6058E-09	0.006065598	0.001490385	9.16228E-09	5.05599E-05	5.70278E-07	5.50911E-17	0.040674392	3.95675E-06	0.000309114	0.000149213	5.57349E-10	5.40333E-06	6.22022E-06	6.64149E-21	5.41001E-22	8.61944E-25	2.09381E-56	3.56982E-28	1.8109E-155	2.76118E-23	3.78223E-18	2.66532E-12	1.1985E-07	3.82713E-05	1.26852E-05	2.07215E-11	1.0264E-19	1.18024E-14	9.11954E-13	6.06542E-12	4.86516E-16	2.88711E-17	1.95222E-20	1.69985E-19	4.86485E-20	4.47684E-29	3.55312E-38	2.55973E-32	2.00132E-12	0.000495516	1.48652E-11	1.1527E-05	4.77131E-08	0.004100847	0.000838105	1.10155E-08	7.5808E-22	1.09921E-16	0.038711272	5.95593E-10	0.001033944	1.63035E-16	1.62719E-69	6.19349E-11	1.08762E-20	4.25345E-11	7.14338E-23	1.38462E-27	2.13184E-33	1.97779E-39	2.58721E-15	6.14171E-21	8.70837E-18	1.71828E-27	1.42061E-34	2.03204E-39	2.8493E-46	4.52278E-15	3.02596E-15	1.54477E-20	1.54053E-20	4.7002E-31	1.58192E-44	1.33848E-36	4.61357E-58	0.007674468	3.31517E-08	4.70061E-05	8.71262E-62	3.24373E-76	4.09318E-13	3.69418E-07	0.000179607	4.12503E-13	1.48212E-09	3.33983E-19	2.64563E-19	5.35582E-25	4.26601E-25	8.77716E-17	4.40336E-39	0.000195762	5.59104E-11	0	0	0	0	0	0	27.98889521	0.689991846	2.759980268	0	0	0	0	0	0	0	0	1.06	0	0	0	1.10000038	0
5.925	-2.21778E-08	7.045750743	-2.740331679	1.39365E-07	1.132E-07	55.508682	6.98349E-08	2.91655E-10	1.38699E-08	1.10908E-09	8.49568E-11	5.78848E-12	2.15094E-12	1.5578E-12	3.36048E-17	4.78184E-56	9.8481E-07	3.41904E-06	5.39702E-06	0.003306446	4.46846E-05	0.00010089	2.09968E-06	0.00052163	5.94082E-05	6.77656E-08	1.84662E-09	3.8208E-06	7.83256E-10	3.91473E-06	4.9782E-14	1.06591E-17	5.6058E-09	0.006065598	0.001490385	9.16228E-09	5.05599E-05	5.70278E-07	5.50911E-17	0.040674392	3.95675E-06	0.000309114	0.000149213	5.57349E-10	5.40333E-06	6.22022E-06	6.64149E-21	5.41001E-22	8.61944E-25	2.09381E-56	3.56982E-28	1.8109E-155	2.76118E-23	3.78223E-18	2.66532E-12	1.1985E-07	3.82713E-05	1.26852E-05	2.07215E-11	1.0264E-19	1.18024E-14	9.11954E-13	6.06542E-12	4.86516E-16	2.88711E-17	1.95222E-20	1.69985E-19	4.86485E-20	4.47684E-29	3.55312E-38	2.55973E-32	2.00132E-12	0.000495516	1.48652E-11	1.1527E-05	4.77131E-08	0.004100847	0.000838105	1.10155E-08	7.5808E-22	1.09921E-16	0.038711272	5.95593E-10	0.001033944	1.63035E-16	1.62719E-69	6.19349E-11	1.08762E-20	4.25345E-11	7.14338E-23	1.38462E-27	2.13184E-33	1.97779E-39	2.58721E-15	6.14171E-21	8.70837E-18	1.71828E-27	1.42061E-34	2.03204E-39	2.8493E-46	4.52278E-15	3.02596E-15	1.54477E-20	1.54053E-20	4.7002E-31	1.58192E-44	1.33848E-36	4.61357E-58	0.007674468	3.31517E-08	4.70061E-05	8.71262E-62	3.24373E-76	4.09318E-13	3.69418E-07	0.000179607	4.12503E-13	1.48212E-09	3.33983E-19	2.64563E-19	5.35582E-25	4.26601E-25	8.77716E-17	4.40336E-39	0.000195762	5.59104E-11	0	0	0	0	0	0	27.98889521	0.689991846	2.759980268	0	0	0	0	0	0	0	0	1.06	0	0	0	1.10000038	0
6.175	-2.21778E-08	7.045750743	-2.740331679	1.39365E-07	1.132E-07	55.508682	6.98349E-08	2.91655E-10	1.38699E-08	1.10908E-09	8.49568E-11	5.78848E-12	2.15094E-12	1.5578E-12	3.36048E-17	4.78184E-56	9.8481E-07	3.41904E-06	5.39702E-06	0.003306446	4.46846E-05	0.00010089	2.09968E-06	0.00052163	5.94082E-05	6.77656E-08	1.84662E-09	3.8208E-06	7.83256E-10	3.91473E-06	4.9782E-14	1.06591E-17	5.6058E-09	0.006065598	0.001490385	9.16228E-09	5.05599E-05	5.70278E-07	5.50911E-17	0.040674392	3.95675E-06	0.000309114	0.000149213	5.57349E-10	5.40333E-06	6.22022E-06	6.64149E-21	5.41001E-22	8.61944E-25	2.09381E-56	3.56982E-28	1.8109E-155	2.76118E-23	3.78223E-18	2.66532E-12	1.1985E-07	3.82713E-05	1.26852E-05	2.07215E-11	1.0264E-19	1.18024E-14	9.11954E-13	6.06542E-12	4.86516E-16	2.88711E-17	1.95222E-20	1.69985E-19	4.86485E-20	4.47684E-29	3.55312E-38	2.55973E-32	2.00132E-12	0.000495516	1.48652E-11	1.1527E-05	4.77131E-08	0.004100847	0.000838105	1.10155E-08	7.5808E-22	1.09921E-16	0.038711272	5.95593E-10	0.001033944	1.63035E-16	1.62719E-69	6.19349E-11	1.08762E-20	4.25345E-11	7.14338E-23	1.38462E-27	2.13184E-33	1.97779E-39	2.58721E-15	6.14171E-21	8.70837E-18	1.71828E-27	1.42061E-34	2.03204E-39	2.8493E-46	4.52278E-15	3.02596E-15	1.54477E-20	1.54053E-20	4.7002E-31	1.58192E-44	1.33848E-36	4.61357E-58	0.007674468	3.31517E-08	4.70061E-05	8.71262E-62	3.24373E-76	4.09318E-13	3.69418E-07	0.000179607	4.12503E-13	1.48212E-09	3.33983E-19	2.64563E-19	5.35582E-25	4.26601E-25	8.77716E-17	4.40336E-39	0.000195762	5.59104E-11	0	0	0	0	0	0	27.98889521	0.689991846	2.759980268	0	0	0	0	0	0	0	0	1.06	0	0	0	1.10000038	0
6.425	-2.21778E-08	7.045750743	-2.740331679	1.39365E-07	1.132E-07	55.508682	6.98349E-08	2.91655E-10	1.38699E-08	1.10908E-09	8.49568E-11	5.78848E-12	2.15094E-12	1.5578E-12	3.36048E-17	4.78184E-56	9.8481E-07	3.41904E-06	5.39702E-06	0.003306446	4.46846E-05	0.00010089	2.09968E-06	0.00052163	5.94082E-05	6.77656E-08	1.84662E-09	3.8208E-06	7.83256E-10	3.91473E-06	4.9782E-14	1.06591E-17	5.6058E-09	0.006065598	0.001490385	9.16228E-09	5.05599E-05	5.70278E-07	5.50911E-17	0.040674392	3.95675E-06	0.000309114	0.000149213	5.57349E-10	5.40333E-06	6.22022E-06	6.64149E-21	5.41001E-22	8.61944E-25	2.09381E-56	3.56982E-28	1.8109E-155	2.76118E-23	3.78223E-18	2.66532E-12	1.1985E-07	3.82713E-05	1.26852E-05	2.07215E-11	1.0264E-19	1.18024E-14	9.11954E-13	6.06542E-12	4.86516E-16	2.88711E-17	1.95222E-20	1.69985E-19	4.86485E-20	4.47684E-29	3.55312E-38	2.55973E-32	2.00132E-12	0.000495516	1.48652E-11	1.1527E-05	4.77131E-08	0.004100847	0.000838105	1.10155E-08	7.5808E-22	1.09921E-16	0.038711272	5.95593E-10	0.001033944	1.63035E-16	1.62719E-69	6.19349E-11	1.08762E-20	4.25345E-11	7.14338E-23	1.38462E-27	2.13184E-33	1.97779E-39	2.58721E-15	6.14171E-21	8.70837E-18	1.71828E-27	1.42061E-34	2.03204E-39	2.8493E-46	4.52278E-15	3.02596E-15	1.54477E-20	1.54053E-20	4.7002E-31	1.58192E-44	1.33848E-36	4.61357E-58	0.007674468	3.31517E-08	4.70061E-05	8.71262E-62	3.24373E-76	4.09318E-13	3.69418E-07	0.000179607	4.12503E-13	1.48212E-09	3.33983E-19	2.64563E-19	5.35582E-25	4.26601E-25	8.77716E-17	4.40336E-39	0.000195762	5.59104E-11	0	0	0	0	0	0	27.98889521	0.689991846	2.759980268	0	0	0	0	0	0	0	0	1.06	0	0	0	1.10000038	0
6.675	-2.21778E-08	7.045750743	-2.740331679	1.39365E-07	1.132E-07	55.508682	6.98349E-08	2.91655E-10	1.38699E-08	1.10908E-09	8.49568E-11	5.78848E-12	2.15094E-12	1.5578E-12	3.36048E-17	4.78184E-56	9.8481E-07	3.41904E-06	5.39702E-06	0.003306446	4.46846E-05	0.00010089	2.09968E-06	0.00052163	5.94082E-05	6.77656E-08	1.84662E-09	3.8208E-06	7.83256E-10	3.91473E-06	4.9782E-14	1.06591E-17	5.6058E-09	0.006065598	0.001490385	9.16228E-09	5.05599E-05	5.70278E-07	5.50911E-17	0.040674392	3.95675E-06	0.000309114	0.000149213	5.57349E-10	5.40333E-06	6.22022E-06	6.64149E-21	5.41001E-22	8.61944E-25	2.09381E-56	3.56982E-28	1.8109E-155	2.76118E-23	3.78223E-18	2.66532E-12	1.1985E-07	3.82713E-05	1.26852E-05	2.07215E-11	1.0264E-19	1.18024E-14	9.11954E-13	6.06542E-12	4.86516E-16	2.88711E-17	1.95222E-20	1.69985E-19	4.86485E-20	4.47684E-29	3.55312E-38	2.55973E-32	2.00132E-12	0.000495516	1.48652E-11	1.1527E-05	4.77131E-08	0.004100847	0.000838105	1.10155E-08	7.5808E-22	1.09921E-16	0.038711272	5.95593E-10	0.001033944	1.63035E-16	1.62719E-69	6.19349E-11	1.08762E-20	4.25345E-11	7.14338E-23	1.38462E-27	2.13184E-33	1.97779E-39	2.58721E-15	6.14171E-21	8.70837E-18	1.71828E-27	1.42061E-34	2.03204E-39	2.8493E-46	4.52278E-15	3.02596E-15	1.54477E-20	1.54053E-20	4.7002E-31	1.58192E-44	1.33848E-36	4.61357E-58	0.007674468	3.31517E-08	4.70061E-05	8.71262E-62	3.24373E-76	4.09318E-13	3.69418E-07	0.000179607	4.12503E-13	1.48212E-09	3.33983E-19	2.64563E-19	5.35582E-25	4.26601E-25	8.77716E-17	4.40336E-39	0.000195762	5.59104E-11	0	0	0	0	0	0	27.98889521	0.689991846	2.759980268	0	0	0	0	0	0	0	0	1.06	0	0	0	1.10000038	0
6.925	-2.21778E-08	7.045750743	-2.740331679	1.39365E-07	1.132E-07	55.508682	6.98349E-08	2.91655E-10	1.38699E-08	1.10908E-09	8.49568E-11	5.78848E-12	2.15094E-12	1.5578E-12	3.36048E-17	4.78184E-56	9.8481E-07	3.41904E-06	5.39702E-06	0.003306446	4.46846E-05	0.00010089	2.09968E-06	0.00052163	5.94082E-05	6.77656E-08	1.84662E-09	3.8208E-06	7.83256E-10	3.91473E-06	4.9782E-14	1.06591E-17	5.6058E-09	0.006065598	0.001490385	9.16228E-09	5.05599E-05	5.70278E-07	5.50911E-17	0.040674392	3.95675E-06	0.000309114	0.000149213	5.57349E-10	5.40333E-06	6.22022E-06	6.64149E-21	5.41001E-22	8.61944E-25	2.09381E-56	3.56982E-28	1.8109E-155	2.76118E-23	3.78223E-18	2.66532E-12	1.1985E-07	3.82713E-05	1.26852E-05	2.07215E-11	1.0264E-19	1.18024E-14	9.11954E-13	6.06542E-12	4.86516E-16	2.88711E-17	1.95222E-20	1.69985E-19	4.86485E-20	4.47684E-29	3.55312E-38	2.55973E-32	2.00132E-12	0.000495516	1.48652E-11	1.1527E-05	4.77131E-08	0.004100847	0.000838105	1.10155E-08	7.5808E-22	1.09921E-16	0.038711272	5.95593E-10	0.001033944	1.63035E-16	1.62719E-69	6.19349E-11	1.08762E-20	4.25345E-11	7.14338E-23	1.38462E-27	2.13184E-33	1.97779E-39	2.58721E-15	6.14171E-21	8.70837E-18	1.71828E-27	1.42061E-34	2.03204E-39	2.8493E-46	4.52278E-15	3.02596E-15	1.54477E-20	1.54053E-20	4.7002E-31	1.58192E-44	1.33848E-36	4.61357E-58	0.007674468	3.31517E-08	4.70061E-05	8.71262E-62	3.24373E-76	4.09318E-13	3.69418E-07	0.000179607	4.12503E-13	1.48212E-09	3.33983E-19	2.64563E-19	5.35582E-25	4.26601E-25	8.77716E-17	4.40336E-39	0.000195762	5.59104E-11	0	0	0	0	0	0	27.98889521	0.689991846	2.759980268	0	0	0	0	0	0	0	0	1.06	0	0	0	1.10000038	0
7.175	-2.21778E-08	7.045750743	-2.740331679	1.39365E-07	1.132E-07	55.508682	6.98349E-08	2.91655E-10	1.38699E-08	1.10908E-09	8.49568E-11	5.78848E-12	2.15094E-12	1.5578E-12	3.36048E-17	4.78184E-56	9.8481E-07	3.41904E-06	5.39702E-06	0.003306446	4.46846E-05	0.00010089	2.09968E-06	0.00052163	5.94082E-05	6.77656E-08	1.84662E-09	3.8208E-06	7.83256E-10	3.91473E-06	4.9782E-14	1.06591E-17	5.6058E-09	0.006065598	0.001490385	9.16228E-09	5.05599E-05	5.70278E-07	5.50911E-17	0.040674392	3.95675E-06	0.000309114	0.000149213	5.57349E-10	5.40333E-06	6.22022E-06	6.64149E-21	5.41001E-22	8.61944E-25	2.09381E-56	3.56982E-28	1.8109E-155	2.76118E-23	3.78223E-18	2.66532E-12	1.1985E-07	3.82713E-05	1.26852E-05	2.07215E-11	1.0264E-19	1.18024E-14	9.11954E-13	6.06542E-12	4.86516E-16	2.88711E-17	1.95222E-20	1.69985E-19	4.86485E-20	4.47684E-29	3.55312E-38	2.55973E-32	2.00132E-12	0.000495516	1.48652E-11	1.1527E-05	4.77131E-08	0.004100847	0.000838105	1.10155E-08	7.5808E-22	1.09921E-16	0.038711272	5.95593E-10	0.001033944	1.63035E-16	1.62719E-69	6.19349E-11	1.08762E-20	4.25345E-11	7.14338E-23	1.38462E-27	2.13184E-33	1.97779E-39	2.58721E-15	6.14171E-21	8.70837E-18	1.71828E-27	1.42061E-34	2.03204E-39	2.8493E-46	4.52278E-15	3.02596E-15	1.54477E-20	1.54053E-20	4.7002E-31	1.58192E-44	1.33848E-36	4.61357E-58	0.007674468	3.31517E-08	4.70061E-05	8.71262E-62	3.24373E-76	4.09318E-13	3.69418E-07	0.000179607	4.12503E-13	1.48212E-09	3.33983E-19	2.64563E-19	5.35582E-25	4.26601E-25	8.77716E-17	4.40336E-39	0.000195762	5.59104E-11	0	0	0	0	0	0	27.98889521	0.689991846	2.759980268	0	0	0	0	0	0	0	0	1.06	0	0	0	1.10000038	0
7.425	-2.21778E-08	7.045750743	-2.740331679	1.39365E-07	1.132E-07	55.508682	6.98349E-08	2.91655E-10	1.38699E-08	1.10908E-09	8.49568E-11	5.78848E-12	2.15094E-12	1.5578E-12	3.36048E-17	4.78184E-56	9.8481E-07	3.41904E-06	5.39702E-06	0.003306446	4.46846E-05	0.00010089	2.09968E-06	0.00052163	5.94082E-05	6.77656E-08	1.84662E-09	3.8208E-06	7.83256E-10	3.91473E-06	4.9782E-14	1.06591E-17	5.6058E-09	0.006065598	0.001490385	9.16228E-09	5.05599E-05	5.70278E-07	5.50911E-17	0.040674392	3.95675E-06	0.000309114	0.000149213	5.57349E-10	5.40333E-06	6.22022E-06	6.64149E-21	5.41001E-22	8.61944E-25	2.09381E-56	3.56982E-28	1.8109E-155	2.76118E-23	3.78223E-18	2.66532E-12	1.1985E-07	3.82713E-05	1.26852E-05	2.07215E-11	1.0264E-19	1.18024E-14	9.11954E-13	6.06542E-12	4.86516E-16	2.88711E-17	1.95222E-20	1.69985E-19	4.86485E-20	4.47684E-29	3.55312E-38	2.55973E-32	2.00132E-12	0.000495516	1.48652E-11	1.1527E-05	4.77131E-08	0.004100847	0.000838105	1.10155E-08	7.5808E-22	1.09921E-16	0.038711272	5.95593E-10	0.001033944	1.63035E-16	1.62719E-69	6.19349E-11	1.08762E-20	4.25345E-11	7.14338E-23	1.38462E-27	2.13184E-33	1.97779E-39	2.58721E-15	6.14171E-21	8.70837E-18	1.71828E-27	1.42061E-34	2.03204E-39	2.8493E-46	4.52278E-15	3.02596E-15	1.54477E-20	1.54053E-20	4.7002E-31	1.58192E-44	1.33848E-36	4.61357E-58	0.007674468	3.31517E-08	4.70061E-05	8.71262E-62	3.24373E-76	4.09318E-13	3.69418E-07	0.000179607	4.12503E-13	1.48212E-09	3.33983E-19	2.64563E-19	5.35582E-25	4.26601E-25	8.77716E-17	4.40336E-39	0.000195762	5.59104E-11	0	0	0	0	0	0	27.98889521	0.689991846	2.759980268	0	0	0	0	0	0	0	0	1.06	0	0	0	1.10000038	0
7.675	-2.21778E-08	7.045750743	-2.740331679	1.39365E-07	1.132E-07	55.508682	6.98349E-08	2.91655E-10	1.38699E-08	1.10908E-09	8.49568E-11	5.78848E-12	2.15094E-12	1.5578E-12	3.36048E-17	4.78184E-56	9.8481E-07	3.41904E-06	5.39702E-06	0.003306446	4.46846E-05	0.00010089	2.09968E-06	0.00052163	5.94082E-05	6.77656E-08	1.84662E-09	3.8208E-06	7.83256E-10	3.91473E-06	4.9782E-14	1.06591E-17	5.6058E-09	0.006065598	0.001490385	9.16228E-09	5.05599E-05	5.70278E-07	5.50911E-17	0.040674392	3.95675E-06	0.000309114	0.000149213	5.57349E-10	5.40333E-06	6.22022E-06	6.64149E-21	5.41001E-22	8.61944E-25	2.09381E-56	3.56982E-28	1.8109E-155	2.76118E-23	3.78223E-18	2.66532E-12	1.1985E-07	3.82713E-05	1.26852E-05	2.07215E-11	1.0264E-19	1.18024E-14	9.11954E-13	6.06542E-12	4.86516E-16	2.88711E-17	1.95222E-20	1.69985E-19	4.86485E-20	4.47684E-29	3.55312E-38	2.55973E-32	2.00132E-12	0.000495516	1.48652E-11	1.1527E-05	4.77131E-08	0.004100847	0.000838105	1.10155E-08	7.5808E-22	1.09921E-16	0.038711272	5.95593E-10	0.001033944	1.63035E-16	1.62719E-69	6.19349E-11	1.08762E-20	4.25345E-11	7.14338E-23	1.38462E-27	2.13184E-33	1.97779E-39	2.58721E-15	6.14171E-21	8.70837E-18	1.71828E-27	1.42061E-34	2.03204E-39	2.8493E-46	4.52278E-15	3.02596E-15	1.54477E-20	1.54053E-20	4.7002E-31	1.58192E-44	1.33848E-36	4.61357E-58	0.007674468	3.31517E-08	4.70061E-05	8.71262E-62	3.24373E-76	4.09318E-13	3.69418E-07	0.000179607	4.12503E-13	1.48212E-09	3.33983E-19	2.64563E-19	5.35582E-25	4.26601E-25	8.77716E-17	4.40336E-39	0.000195762	5.59104E-11	0	0	0	0	0	0	27.98889521	0.689991846	2.759980268	0	0	0	0	0	0	0	0	1.06	0	0	0	1.10000038	0
7.925	-2.21778E-08	7.045750743	-2.740331679	1.39365E-07	1.132E-07	55.508682	6.98349E-08	2.91655E-10	1.38699E-08	1.10908E-09	8.49568E-11	5.78848E-12	2.15094E-12	1.5578E-12	3.36048E-17	4.78184E-56	9.8481E-07	3.41904E-06	5.39702E-06	0.003306446	4.46846E-05	0.00010089	2.09968E-06	0.00052163	5.94082E-05	6.77656E-08	1.84662E-09	3.8208E-06	7.83256E-10	3.91473E-06	4.9782E-14	1.06591E-17	5.6058E-09	0.006065598	0.001490385	9.16228E-09	5.05599E-05	5.70278E-07	5.50911E-17	0.040674392	3.95675E-06	0.000309114	0.000149213	5.57349E-10	5.40333E-06	6.22022E-06	6.64149E-21	5.41001E-22	8.61944E-25	2.09381E-56	3.56982E-28	1.8109E-155	2.76118E-23	3.78223E-18	2.66532E-12	1.1985E-07	3.82713E-05	1.26852E-05	2.07215E-11	1.0264E-19	1.18024E-14	9.11954E-13	6.06542E-12	4.86516E-16	2.88711E-17	1.95222E-20	1.69985E-19	4.86485E-20	4.47684E-29	3.55312E-38	2.55973E-32	2.00132E-12	0.000495516	1.48652E-11	1.1527E-05	4.77131E-08	0.004100847	0.000838105	1.10155E-08	7.5808E-22	1.09921E-16	0.038711272	5.95593E-10	0.001033944	1.63035E-16	1.62719E-69	6.19349E-11	1.08762E-20	4.25345E-11	7.14338E-23	1.38462E-27	2.13184E-33	1.97779E-39	2.58721E-15	6.14171E-21	8.70837E-18	1.71828E-27	1.42061E-34	2.03204E-39	2.8493E-46	4.52278E-15	3.02596E-15	1.54477E-20	1.54053E-20	4.7002E-31	1.58192E-44	1.33848E-36	4.61357E-58	0.007674468	3.31517E-08	4.70061E-05	8.71262E-62	3.24373E-76	4.09318E-13	3.69418E-07	0.000179607	4.12503E-13	1.48212E-09	3.33983E-19	2.64563E-19	5.35582E-25	4.26601E-25	8.77716E-17	4.40336E-39	0.000195762	5.59104E-11	0	0	0	0	0	0	27.98889521	0.689991846	2.759980268	0	0	0	0	0	0	0	0	1.06	0	0	0	1.10000038	0
8.175	-2.21778E-08	7.045750743	-2.740331679	1.39365E-07	1.132E-07	55.508682	6.98349E-08	2.91655E-10	1.38699E-08	1.10908E-09	8.49568E-11	5.78848E-12	2.15094E-12	1.5578E-12	3.36048E-17	4.78184E-56	9.8481E-07	3.41904E-06	5.39702E-06	0.003306446	4.46846E-05	0.00010089	2.09968E-06	0.00052163	5.94082E-05	6.77656E-08	1.84662E-09	3.8208E-06	7.83256E-10	3.91473E-06	4.9782E-14	1.06591E-17	5.6058E-09	0.006065598	0.001490385	9.16228E-09	5.05599E-05	5.70278E-07	5.50911E-17	0.040674392	3.95675E-06	0.000309114	0.000149213	5.57349E-10	5.40333E-06	6.22022E-06	6.64149E-21	5.41001E-22	8.61944E-25	2.09381E-56	3.56982E-28	1.8109E-155	2.76118E-23	3.78223E-18	2.66532E-12	1.1985E-07	3.82713E-05	1.26852E-05	2.07215E-11	1.0264E-19	1.18024E-14	9.11954E-13	6.06542E-12	4.86516E-16	2.88711E-17	1.95222E-20	1.69985E-19	4.86485E-20	4.47684E-29	3.55312E-38	2.55973E-32	2.00132E-12	0.000495516	1.48652E-11	1.1527E-05	4.77131E-08	0.004100847	0.000838105	1.10155E-08	7.5808E-22	1.09921E-16	0.038711272	5.95593E-10	0.001033944	1.63035E-16	1.62719E-69	6.19349E-11	1.08762E-20	4.25345E-11	7.14338E-23	1.38462E-27	2.13184E-33	1.97779E-39	2.58721E-15	6.14171E-21	8.70837E-18	1.71828E-27	1.42061E-34	2.03204E-39	2.8493E-46	4.52278E-15	3.02596E-15	1.54477E-20	1.54053E-20	4.7002E-31	1.58192E-44	1.33848E-36	4.61357E-58	0.007674468	3.31517E-08	4.70061E-05	8.71262E-62	3.24373E-76	4.09318E-13	3.69418E-07	0.000179607	4.12503E-13	1.48212E-09	3.33983E-19	2.64563E-19	5.35582E-25	4.26601E-25	8.77716E-17	4.40336E-39	0.000195762	5.59104E-11	0	0	0	0	0	0	27.98889521	0.689991846	2.759980268	0	0	0	0	0	0	0	0	1.06	0	0	0	1.10000038	0
8.425	-2.21778E-08	7.045750743	-2.740331679	1.39365E-07	1.132E-07	55.508682	6.98349E-08	2.91655E-10	1.38699E-08	1.10908E-09	8.49568E-11	5.78848E-12	2.15094E-12	1.5578E-12	3.36048E-17	4.78184E-56	9.8481E-07	3.41904E-06	5.39702E-06	0.003306446	4.46846E-05	0.00010089	2.09968E-06	0.00052163	5.94082E-05	6.77656E-08	1.84662E-09	3.8208E-06	7.83256E-10	3.91473E-06	4.9782E-14	1.06591E-17	5.6058E-09	0.006065598	0.001490385	9.16228E-09	5.05599E-05	5.70278E-07	5.50911E-17	0.040674392	3.95675E-06	0.000309114	0.000149213	5.57349E-10	5.40333E-06	6.22022E-06	6.64149E-21	5.41001E-22	8.61944E-25	2.09381E-56	3.56982E-28	1.8109E-155	2.76118E-23	3.78223E-18	2.66532E-12	1.1985E-07	3.82713E-05	1.26852E-05	2.07215E-11	1.0264E-19	1.18024E-14	9.11954E-13	6.06542E-12	4.86516E-16	2.88711E-17	1.95222E-20	1.69985E-19	4.86485E-20	4.47684E-29	3.55312E-38	2.55973E-32	2.00132E-12	0.000495516	1.48652E-11	1.1527E-05	4.77131E-08	0.004100847	0.000838105	1.10155E-08	7.5808E-22	1.09921E-16	0.038711272	5.95593E-10	0.001033944	1.63035E-16	1.62719E-69	6.19349E-11	1.08762E-20	4.25345E-11	7.14338E-23	1.38462E-27	2.13184E-33	1.97779E-39	2.58721E-15	6.14171E-21	8.70837E-18	1.71828E-27	1.42061E-34	2.03204E-39	2.8493E-46	4.52278E-15	3.02596E-15	1.54477E-20	1.54053E-20	4.7002E-31	1.58192E-44	1.33848E-36	4.61357E-58	0.007674468	3.31517E-08	4.70061E-05	8.71262E-62	3.24373E-76	4.09318E-13	3.69418E-07	0.000179607	4.12503E-13	1.48212E-09	3.33983E-19	2.64563E-19	5.35582E-25	4.26601E-25	8.77716E-17	4.40336E-39	0.000195762	5.59104E-11	0	0	0	0	0	0	27.98889521	0.689991846	2.759980268	0	0	0	0	0	0	0	0	1.06	0	0	0	1.10000038	0
8.675	-2.21778E-08	7.045750743	-2.740331679	1.39365E-07	1.132E-07	55.508682	6.98349E-08	2.91655E-10	1.38699E-08	1.10908E-09	8.49568E-11	5.78848E-12	2.15094E-12	1.5578E-12	3.36048E-17	4.78184E-56	9.8481E-07	3.41904E-06	5.39702E-06	0.003306446	4.46846E-05	0.00010089	2.09968E-06	0.00052163	5.94082E-05	6.77656E-08	1.84662E-09	3.8208E-06	7.83256E-10	3.91473E-06	4.9782E-14	1.06591E-17	5.6058E-09	0.006065598	0.001490385	9.16228E-09	5.05599E-05	5.70278E-07	5.50911E-17	0.040674392	3.95675E-06	0.000309114	0.000149213	5.57349E-10	5.40333E-06	6.22022E-06	6.64149E-21	5.41001E-22	8.61944E-25	2.09381E-56	3.56982E-28	1.8109E-155	2.76118E-23	3.78223E-18	2.66532E-12	1.1985E-07	3.82713E-05	1.26852E-05	2.07215E-11	1.0264E-19	1.18024E-14	9.11954E-13	6.06542E-12	4.86516E-16	2.88711E-17	1.95222E-20	1.69985E-19	4.86485E-20	4.47684E-29	3.55312E-38	2.55973E-32	2.00132E-12	0.000495516	1.48652E-11	1.1527E-05	4.77131E-08	0.004100847	0.000838105	1.10155E-08	7.5808E-22	1.09921E-16	0.038711272	5.95593E-10	0.001033944	1.63035E-16	1.62719E-69	6.19349E-11	1.08762E-20	4.25345E-11	7.14338E-23	1.38462E-27	2.13184E-33	1.97779E-39	2.58721E-15	6.14171E-21	8.70837E-18	1.71828E-27	1.42061E-34	2.03204E-39	2.8493E-46	4.52278E-15	3.02596E-15	1.54477E-20	1.54053E-20	4.7002E-31	1.58192E-44	1.33848E-36	4.61357E-58	0.007674468	3.31517E-08	4.70061E-05	8.71262E-62	3.24373E-76	4.09318E-13	3.69418E-07	0.000179607	4.12503E-13	1.48212E-09	3.33983E-19	2.64563E-19	5.35582E-25	4.26601E-25	8.77716E-17	4.40336E-39	0.000195762	5.59104E-11	0	0	0	0	0	0	27.98889521	0.689991846	2.759980268	0	0	0	0	0	0	0	0	1.06	0	0	0	1.10000038	0
8.925	-2.21778E-08	7.045750743	-2.740331679	1.39365E-07	1.132E-07	55.508682	6.98349E-08	2.91655E-10	1.38699E-08	1.10908E-09	8.49568E-11	5.78848E-12	2.15094E-12	1.5578E-12	3.36048E-17	4.78184E-56	9.8481E-07	3.41904E-06	5.39702E-06	0.003306446	4.46846E-05	0.00010089	2.09968E-06	0.00052163	5.94082E-05	6.77656E-08	1.84662E-09	3.8208E-06	7.83256E-10	3.91473E-06	4.9782E-14	1.06591E-17	5.6058E-09	0.006065598	0.001490385	9.16228E-09	5.05599E-05	5.70278E-07	5.50911E-17	0.040674392	3.95675E-06	0.000309114	0.000149213	5.57349E-10	5.40333E-06	6.22022E-06	6.64149E-21	5.41001E-22	8.61944E-25	2.09381E-56	3.56982E-28	1.8109E-155	2.76118E-23	3.78223E-18	2.66532E-12	1.1985E-07	3.82713E-05	1.26852E-05	2.07215E-11	1.0264E-19	1.18024E-14	9.11954E-13	6.06542E-12	4.86516E-16	2.88711E-17	1.95222E-20	1.69985E-19	4.86485E-20	4.47684E-29	3.55312E-38	2.55973E-32	2.00132E-12	0.000495516	1.48652E-11	1.1527E-05	4.77131E-08	0.004100847	0.000838105	1.10155E-08	7.5808E-22	1.09921E-16	0.038711272	5.95593E-10	0.001033944	1.63035E-16	1.62719E-69	6.19349E-11	1.08762E-20	4.25345E-11	7.14338E-23	1.38462E-27	2.13184E-33	1.97779E-39	2.58721E-15	6.14171E-21	8.70837E-18	1.71828E-27	1.42061E-34	2.03204E-39	2.8493E-46	4.52278E-15	3.02596E-15	1.54477E-20	1.54053E-20	4.7002E-31	1.58192E-44	1.33848E-36	4.61357E-58	0.007674468	3.31517E-08	4.70061E-05	8.71262E-62	3.24373E-76	4.09318E-13	3.69418E-07	0.000179607	4.12503E-13	1.48212E-09	3.33983E-19	2.64563E-19	5.35582E-25	4.26601E-25	8.77716E-17	4.40336E-39	0.000195762	5.59104E-11	0	0	0	0	0	0	27.98889521	0.689991846	2.759980268	0	0	0	0	0	0	0	0	1.06	0	0	0	1.10000038	0
9.175	-2.21778E-08	7.045750743	-2.740331679	1.39365E-07	1.132E-07	55.508682	6.98349E-08	2.91655E-10	1.38699E-08	1.10908E-09	8.49568E-11	5.78848E-12	2.15094E-12	1.5578E-12	3.36048E-17	4.78184E-56	9.8481E-07	3.41904E-06	5.39702E-06	0.003306446	4.46846E-05	0.00010089	2.09968E-06	0.00052163	5.94082E-05	6.77656E-08	1.84662E-09	3.8208E-06	7.83256E-10	3.91473E-06	4.9782E-14	1.06591E-17	5.6058E-09	0.006065598	0.001490385	9.16228E-09	5.05599E-05	5.70278E-07	5.50911E-17	0.040674392	3.95675E-06	0.000309114	0.000149213	5.57349E-10	5.40333E-06	6.22022E-06	6.64149E-21	5.41001E-22	8.61944E-25	2.09381E-56	3.56982E-28	1.8109E-155	2.76118E-23	3.78223E-18	2.66532E-12	1.1985E-07	3.82713E-05	1.26852E-05	2.07215E-11	1.0264E-19	1.18024E-14	9.11954E-13	6.06542E-12	4.86516E-16	2.88711E-17	1.95222E-20	1.69985E-19	4.86485E-20	4.47684E-29	3.55312E-38	2.55973E-32	2.00132E-12	0.000495516	1.48652E-11	1.1527E-05	4.77131E-08	0.004100847	0.000838105	1.10155E-08	7.5808E-22	1.09921E-16	0.038711272	5.95593E-10	0.001033944	1.63035E-16	1.62719E-69	6.19349E-11	1.08762E-20	4.25345E-11	7.14338E-23	1.38462E-27	2.13184E-33	1.97779E-39	2.58721E-15	6.14171E-21	8.70837E-18	1.71828E-27	1.42061E-34	2.03204E-39	2.8493E-46	4.52278E-15	3.02596E-15	1.54477E-20	1.54053E-20	4.7002E-31	1.58192E-44	1.33848E-36	4.61357E-58	0.007674468	3.31517E-08	4.70061E-05	8.71262E-62	3.24373E-76	4.09318E-13	3.69418E-07	0.000179607	4.12503E-13	1.48212E-09	3.33983E-19	2.64563E-19	5.35582E-25	4.26601E-25	8.77716E-17	4.40336E-39	0.000195762	5.59104E-11	0	0	0	0	0	0	27.98889521	0.689991846	2.759980268	0	0	0	0	0	0	0	0	1.06	0	0	0	1.10000038	0
9.425	-2.21778E-08	7.045750743	-2.740331679	1.39365E-07	1.132E-07	55.508682	6.98349E-08	2.91655E-10	1.38699E-08	1.10908E-09	8.49568E-11	5.78848E-12	2.15094E-12	1.5578E-12	3.36048E-17	4.78184E-56	9.8481E-07	3.41904E-06	5.39702E-06	0.003306446	4.46846E-05	0.00010089	2.09968E-06	0.00052163	5.94082E-05	6.77656E-08	1.84662E-09	3.8208E-06	7.83256E-10	3.91473E-06	4.9782E-14	1.06591E-17	5.6058E-09	0.006065598	0.001490385	9.16228E-09	5.05599E-05	5.70278E-07	5.50911E-17	0.040674392	3.95675E-06	0.000309114	0.000149213	5.57349E-10	5.40333E-06	6.22022E-06	6.64149E-21	5.41001E-22	8.61944E-25	2.09381E-56	3.56982E-28	1.8109E-155	2.76118E-23	3.78223E-18	2.66532E-12	1.1985E-07	3.82713E-05	1.26852E-05	2.07215E-11	1.0264E-19	1.18024E-14	9.11954E-13	6.06542E-12	4.86516E-16	2.88711E-17	1.95222E-20	1.69985E-19	4.86485E-20	4.47684E-29	3.55312E-38	2.55973E-32	2.00132E-12	0.000495516	1.48652E-11	1.1527E-05	4.77131E-08	0.004100847	0.000838105	1.10155E-08	7.5808E-22	1.09921E-16	0.038711272	5.95593E-10	0.001033944	1.63035E-16	1.62719E-69	6.19349E-11	1.08762E-20	4.25345E-11	7.14338E-23	1.38462E-27	2.13184E-33	1.97779E-39	2.58721E-15	6.14171E-21	8.70837E-18	1.71828E-27	1.42061E-34	2.03204E-39	2.8493E-46	4.52278E-15	3.02596E-15	1.54477E-20	1.54053E-20	4.7002E-31	1.58192E-44	1.33848E-36	4.61357E-58	0.007674468	3.31517E-08	4.70061E-05	8.71262E-62	3.24373E-76	4.09318E-13	3.69418E-07	0.000179607	4.12503E-13	1.48212E-09	3.33983E-19	2.64563E-19	5.35582E-25	4.26601E-25	8.77716E-17	4.40336E-39	0.000195762	5.59104E-11	0	0	0	0	0	0	27.98889521	0.689991846	2.759980268	0	0	0	0	0	0	0	0	1.06	0	0	0	1.10000038	0
9.675	-2.21778E-08	7.045750743	-2.740331679	1.39365E-07	1.132E-07	55.508682	6.98349E-08	2.91655E-10	1.38699E-08	1.10908E-09	8.49568E-11	5.78848E-12	2.15094E-12	1.5578E-12	3.36048E-17	4.78184E-56	9.8481E-07	3.41904E-06	5.39702E-06	0.003306446	4.46846E-05	0.00010089	2.09968E-06	0.00052163	5.94082E-05	6.77656E-08	1.84662E-09	3.8208E-06	7.83256E-10	3.91473E-06	4.9782E-14	1.06591E-17	5.6058E-09	0.006065598	0.001490385	9.16228E-09	5.05599E-05	5.70278E-07	5.50911E-17	0.040674392	3.95675E-06	0.000309114	0.000149213	5.57349E-10	5.40333E-06	6.22022E-06	6.64149E-21	5.41001E-22	8.61944E-25	2.09381E-56	3.56982E-28	1.8109E-155	2.76118E-23	3.78223E-18	2.66532E-12	1.1985E-07	3.82713E-05	1.26852E-05	2.07215E-11	1.0264E-19	1.18024E-14	9.11954E-13	6.06542E-12	4.86516E-16	2.88711E-17	1.95222E-20	1.69985E-19	4.86485E-20	4.47684E-29	3.55312E-38	2.55973E-32	2.00132E-12	0.000495516	1.48652E-11	1.1527E-05	4.77131E-08	0.004100847	0.000838105	1.10155E-08	7.5808E-22	1.09921E-16	0.038711272	5.95593E-10	0.001033944	1.63035E-16	1.62719E-69	6.19349E-11	1.08762E-20	4.25345E-11	7.14338E-23	1.38462E-27	2.13184E-33	1.97779E-39	2.58721E-15	6.14171E-21	8.70837E-18	1.71828E-27	1.42061E-34	2.03204E-39	2.8493E-46	4.52278E-15	3.02596E-15	1.54477E-20	1.54053E-20	4.7002E-31	1.58192E-44	1.33848E-36	4.61357E-58	0.007674468	3.31517E-08	4.70061E-05	8.71262E-62	3.24373E-76	4.09318E-13	3.69418E-07	0.000179607	4.12503E-13	1.48212E-09	3.33983E-19	2.64563E-19	5.35582E-25	4.26601E-25	8.77716E-17	4.40336E-39	0.000195762	5.59104E-11	0	0	0	0	0	0	27.98889521	0.689991846	2.759980268	0	0	0	0	0	0	0	0	1.06	0	0	0	1.10000038	0
9.925	-2.21778E-08	7.045750743	-2.740331679	1.39365E-07	1.132E-07	55.508682	6.98349E-08	2.91655E-10	1.38699E-08	1.10908E-09	8.49568E-11	5.78848E-12	2.15094E-12	1.5578E-12	3.36048E-17	4.78184E-56	9.8481E-07	3.41904E-06	5.39702E-06	0.003306446	4.46846E-05	0.00010089	2.09968E-06	0.00052163	5.94082E-05	6.77656E-08	1.84662E-09	3.8208E-06	7.83256E-10	3.91473E-06	4.9782E-14	1.06591E-17	5.6058E-09	0.006065598	0.001490385	9.16228E-09	5.05599E-05	5.70278E-07	5.50911E-17	0.040674392	3.95675E-06	0.000309114	0.000149213	5.57349E-10	5.40333E-06	6.22022E-06	6.64149E-21	5.41001E-22	8.61944E-25	2.09381E-56	3.56982E-28	1.8109E-155	2.76118E-23	3.78223E-18	2.66532E-12	1.1985E-07	3.82713E-05	1.26852E-05	2.07215E-11	1.0264E-19	1.18024E-14	9.11954E-13	6.06542E-12	4.86516E-16	2.88711E-17	1.95222E-20	1.69985E-19	4.86485E-20	4.47684E-29	3.55312E-38	2.55973E-32	2.00132E-12	0.000495516	1.48652E-11	1.1527E-05	4.77131E-08	0.004100847	0.000838105	1.10155E-08	7.5808E-22	1.09921E-16	0.038711272	5.95593E-10	0.001033944	1.63035E-16	1.62719E-69	6.19349E-11	1.08762E-20	4.25345E-11	7.14338E-23	1.38462E-27	2.13184E-33	1.97779E-39	2.58721E-15	6.14171E-21	8.70837E-18	1.71828E-27	1.42061E-34	2.03204E-39	2.8493E-46	4.52278E-15	3.02596E-15	1.54477E-20	1.54053E-20	4.7002E-31	1.58192E-44	1.33848E-36	4.61357E-58	0.007674468	3.31517E-08	4.70061E-05	8.71262E-62	3.24373E-76	4.09318E-13	3.69418E-07	0.000179607	4.12503E-13	1.48212E-09	3.33983E-19	2.64563E-19	5.35582E-25	4.26601E-25	8.77716E-17	4.40336E-39	0.000195762	5.59104E-11	0	0	0	0	0	0	27.98889521	0.689991846	2.759980268	0	0	0	0	0	0	0	0	1.06	0	0	0	1.10000038	0
10.175	-2.21778E-08	7.045750743	-2.740331679	1.39365E-07	1.132E-07	55.508682	6.98349E-08	2.91655E-10	1.38699E-08	1.10908E-09	8.49568E-11	5.78848E-12	2.15094E-12	1.5578E-12	3.36048E-17	4.78184E-56	9.8481E-07	3.41904E-06	5.39702E-06	0.003306446	4.46846E-05	0.00010089	2.09968E-06	0.00052163	5.94082E-05	6.77656E-08	1.84662E-09	3.8208E-06	7.83256E-10	3.91473E-06	4.9782E-14	1.06591E-17	5.6058E-09	0.006065598	0.001490385	9.16228E-09	5.05599E-05	5.70278E-07	5.50911E-17	0.040674392	3.95675E-06	0.000309114	0.000149213	5.57349E-10	5.40333E-06	6.22022E-06	6.64149E-21	5.41001E-22	8.61944E-25	2.09381E-56	3.56982E-28	1.8109E-155	2.76118E-23	3.78223E-18	2.66532E-12	1.1985E-07	3.82713E-05	1.26852E-05	2.07215E-11	1.0264E-19	1.18024E-14	9.11954E-13	6.06542E-12	4.86516E-16	2.88711E-17	1.95222E-20	1.69985E-19	4.86485E-20	4.47684E-29	3.55312E-38	2.55973E-32	2.00132E-12	0.000495516	1.48652E-11	1.1527E-05	4.77131E-08	0.004100847	0.000838105	1.10155E-08	7.5808E-22	1.09921E-16	0.038711272	5.95593E-10	0.001033944	1.63035E-16	1.62719E-69	6.19349E-11	1.08762E-20	4.25345E-11	7.14338E-23	1.38462E-27	2.13184E-33	1.97779E-39	2.58721E-15	6.14171E-21	8.70837E-18	1.71828E-27	1.42061E-34	2.03204E-39	2.8493E-46	4.52278E-15	3.02596E-15	1.54477E-20	1.54053E-20	4.7002E-31	1.58192E-44	1.33848E-36	4.61357E-58	0.007674468	3.31517E-08	4.70061E-05	8.71262E-62	3.24373E-76	4.09318E-13	3.69418E-07	0.000179607	4.12503E-13	1.48212E-09	3.33983E-19	2.64563E-19	5.35582E-25	4.26601E-25	8.77716E-17	4.40336E-39	0.000195762	5.59104E-11	0	0	0	0	0	0	27.98889521	0.689991846	2.759980268	0	0	0	0	0	0	0	0	1.06	0	0	0	1.10000038	0
