0	-1.3	0	0	0	0	0	0	-5402.9006583685195	0.2809701222802472	1.0E-5
0.014880952380952606	-1.3	0	0	0	0	0	0	-5403.370541320124	0.28096435371727985	1.0E-5
0	-1.2850000000000001	0	0	0	0	0	0	-5426.18744213522	0.28068440249735355	1.0E-5
0.014880952380952599	-1.2850000000000001	0	0	0	0	0	0	-5426.677555886672	0.2806783925687798	9.999999999999999E-6
0	-1.2700000000000002	0	0	0	0	0	0	-5447.043631664014	0.2804287883690028	1.0000000000000003E-5
0.014880952380952595	-1.2700000000000002	0	0	0	0	0	0	-5447.555268225618	0.28042252111465277	9.999999999999999E-6
0.029761904761904934	-1.3	0	0	0	0	0	0	-5404.4658318927395	0.28095090780133986	1.0E-5
0.029761904761904927	-1.2850000000000001	0	0	0	0	0	0	-5427.820042467685	0.2806643836139861	1.0E-5
0	-1.255	0	0	0	0	0	0	-5465.492819687873	0.2802028991477147	1.0E-5
0.014880952380952595	-1.2550000000000003	0	0	0	0	0	0	-5466.027234599224	0.28019635900405565	1.0E-5
0.029761904761904916	-1.2700000000000002	0	0	0	0	0	0	-5448.74795981538	0.28040791195690756	1.0000000000000003E-5
0.04464285714285726	-1.3	0	0	0	0	0	0	-5406.2463438871855	0.28092905159070675	1.0E-5
0.044642857142857255	-1.2850000000000001	0	0	0	0	0	0	-5429.677390981243	0.2806416108726355	1.0E-5
0	-1.24	0	0	0	0	0	0	-5481.55728311112	0.28000638092741414	1.0E-5
0.014880952380952588	-1.2400000000000002	0	0	0	0	0	0	-5482.115702463951	0.27999955262990905	9.999999999999999E-6
0.02976190476190492	-1.2550000000000001	0	0	0	0	0	0	-5467.273055649485	0.28018111339818713	9.999999999999999E-6
0.04464285714285726	-1.2700000000000005	0	0	0	0	0	0	-5450.687029039325	0.28038416237834074	1.0E-5
0.05952380952380959	-1.3	0	0	0	0	0	0	-5408.716408855559	0.2808987341614794	1.0E-5
0.05952380952380958	-1.2850000000000001	0	0	0	0	0	0	-5432.254283782991	0.2806100194000329	1.000000000000001E-5
0	-1.225	0	0	0	0	0	0	-5495.258045841403	0.27983890583022497	1.0E-5
0.014880952380952585	-1.225	0	0	0	0	0	0	-5495.841672587845	0.2798317743253062	1.0E-5
0.029761904761904927	-1.24	0	0	0	0	0	0	-5483.4175090919325	0.27998363502402934	1.0E-5
0.04464285714285726	-1.255	0	0	0	0	0	0	-5469.298593130173	0.2801563281601294	1.0E-5
0.05952380952380958	-1.27	0	0	0	0	0	0	-5453.377509936122	0.28035121342853686	1.0000000000000003E-5
0.07440476190476192	-1.3	0	0	0	0	0	0	-5411.872603587955	0.28086000064892563	1.0E-5
0.07440476190476192	-1.285	0	0	0	0	0	0	-5435.547377179593	0.280569653611453	1.0E-5
0	-1.2100000000000002	0	0	0	0	0	0	-5506.614932738615	0.2797001712708549	1.0E-5
0.014880952380952585	-1.2100000000000002	0	0	0	0	0	0	-5507.224952386049	0.27969272163615183	1.0000000000000003E-5
0.029761904761904913	-1.2250000000000003	0	0	0	0	0	0	-5497.20226731173	0.2798151496552835	1.0E-5
0.044642857142857255	-1.2400000000000002	0	0	0	0	0	0	-5485.534152376388	0.27995775641822673	1.0E-5
0.05952380952380959	-1.255	0	0	0	0	0	0	-5472.10923522124	0.2801219403292859	1.0E-5
0.07440476190476192	-1.27	0	0	0	0	0	0	-5456.816113660026	0.28030910914339896	9.999999999999999E-6
0.08928571428571438	-1.3	0	0	0	0	0	0	-5415.708109196773	0.2808129386969755	1.0E-5
0.08928571428571437	-1.2850000000000001	0	0	0	0	0	0	-5439.549845726829	0.28052060152081393	9.999999999999999E-6
0	-1.195	0	0	0	0	0	0	-5515.646617696553	0.27958989926686173	1.0E-5
0.014880952380952574	-1.1949999999999998	0	0	0	0	0	0	-5516.284203416308	0.27958211663923993	1.0E-5
0.029761904761904913	-1.2100000000000002	0	0	0	0	0	0	-5508.647097367472	0.2796753551400877	1.0E-5
0.04464285714285726	-1.225	0	0	0	0	0	0	-5499.414567837032	0.2797881207543057	1.0E-5
0.059523809523809576	-1.24	0	0	0	0	0	0	-5488.471378447708	0.27992184982061874	1.000000000000001E-5
0.07440476190476192	-1.255	0	0	0	0	0	0	-5475.701726150734	0.28007799386809684	1.0E-5
0.0892857142857144	-1.2699999999999996	0	0	0	0	0	0	-5460.995970208026	0.2802579384217834	9.999999999999994E-6
0.10416666666666671	-1.3	0	0	0	0	0	0	-5420.213743104658	0.2807576657428881	1.0E-5
0.10416666666666675	-1.2850000000000001	0	0	0	0	0	0	-5444.252455443093	0.2804629815320008	1.0E-5
0	-1.18	0	0	0	0	0	0	-5522.370666790006	0.27950783578769706	1.0E-5
0.014880952380952574	-1.18	0	0	0	0	0	0	-5523.036984002415	0.27949970529825335	1.0E-5
0.029761904761904896	-1.1949999999999998	0	0	0	0	0	0	-5517.770632339252	0.2795639736901173	1.0E-5
0.04464285714285725	-1.2100000000000004	0	0	0	0	0	0	-5510.95954190071	0.2796471194969074	9.999999999999999E-6
0.05952380952380959	-1.225	0	0	0	0	0	0	-5502.484683328717	0.2797506165624578	1.0E-5
0.07440476190476193	-1.24	0	0	0	0	0	0	-5492.2259453660245	0.27987595939619925	1.0E-5
0.08928571428571436	-1.2550000000000003	0	0	0	0	0	0	-5480.069117185509	0.2800245790296315	1.0E-5
0.10416666666666671	-1.2700000000000002	0	0	0	0	0	0	-5465.907745964175	0.280197821284697	1.0000000000000003E-5
0.11904761904761904	-1.3	0	0	0	0	0	0	-5425.378331840925	0.280694324385059	1.0E-5
0.11904761904761901	-1.2850000000000001	0	0	0	0	0	0	-5449.643948780418	0.28039693765952606	1.0E-5
0	-1.1650000000000003	0	0	0	0	0	0	-5526.803577770951	0.27945375013029594	9.999999999999999E-6
0.014880952380952573	-1.1650000000000003	0	0	0	0	0	0	-5527.499788265974	0.27944525684551125	1.0E-5
0.029761904761904906	-1.1800000000000002	0	0	0	0	0	0	-5524.590412732633	0.279480751252778	1.0E-5
0.04464285714285723	-1.1949999999999998	0	0	0	0	0	0	-5520.187662198247	0.27953447506723744	9.999999999999992E-6
0.059523809523809576	-1.2100000000000002	0	0	0	0	0	0	-5514.168764454444	0.27960793952742347	1.0E-5
0.07440476190476193	-1.225	0	0	0	0	0	0	-5506.409368673811	0.27970268169734797	1.0E-5
0.08928571428571436	-1.2400000000000002	0	0	0	0	0	0	-5496.790794858013	0.2798201771821346	1.0000000000000003E-5
0.10416666666666669	-1.255	0	0	0	0	0	0	-5485.201931480283	0.2799618180473927	1.0E-5
0.11904761904761904	-1.2700000000000002	0	0	0	0	0	0	-5471.5400421820195	0.2801289039317805	9.99999999999999E-6
0.13392857142857137	-1.3	0	0	0	0	0	0	-5431.188894999453	0.28062308006037556	1.0E-5
0.13392857142857137	-1.285	0	0	0	0	0	0	-5455.71123200877	0.280322637162694	1.0000000000000003E-5
0	-1.1500000000000001	0	0	0	0	0	0	-5528.9608168842105	0.27942743431205047	1.0E-5
0.014880952380952567	-1.1500000000000001	0	0	0	0	0	0	-5529.688082534336	0.27941856318034863	1.0E-5
0.029761904761904913	-1.1650000000000003	0	0	0	0	0	0	-5529.122924430435	0.27942545690726767	1.0E-5
0.04464285714285724	-1.18	0	0	0	0	0	0	-5527.116441031362	0.27944993337757895	1.0E-5
0.05952380952380956	-1.195	0	0	0	0	0	0	-5523.54214813697	0.2794935414074486	1.0E-5
0.07440476190476192	-1.2100000000000002	0	0	0	0	0	0	-5518.271501725709	0.27955786052927234	1.0E-5
0.08928571428571437	-1.2250000000000003	0	0	0	0	0	0	-5511.181428204888	0.2796444103761565	9.999999999999999E-6
0.10416666666666667	-1.2400000000000002	0	0	0	0	0	0	-5502.156267327533	0.2797546281722225	1.0E-5
0.11904761904761904	-1.255	0	0	0	0	0	0	-5491.088577320915	0.2798898600116453	1.0E-5
0.1339285714285714	-1.2700000000000002	0	0	0	0	0	0	-5477.879586657029	0.28005135632103695	1.0E-5
0.14880952380952397	-1.3	0	0	0	0	0	0	-5437.630763877004	0.2805441195155058	1.0E-5
0.14880952380952395	-1.2850000000000001	0	0	0	0	0	0	-5462.439493903262	0.2802402690135605	1.0000000000000003E-5
0	-1.135	0	0	0	0	0	0	-5528.856853827651	0.2794287024730678	1.0E-5
0.014880952380952573	-1.1350000000000002	0	0	0	0	0	0	-5529.616339946397	0.27941943827608856	1.0E-5
0.029761904761904906	-1.1500000000000001	0	0	0	0	0	0	-5531.3836341529495	0.27939788227552126	1.0E-5
0.04464285714285725	-1.1650000000000003	0	0	0	0	0	0	-5531.7623515768555	0.2793932632505085	9.999999999999999E-6
0.059523809523809576	-1.1799999999999997	0	0	0	0	0	0	-5530.622309115414	0.2794071680483213	1.0E-5
0.0744047619047619	-1.1949999999999998	0	0	0	0	0	0	-5527.830795413081	0.27944121889611123	1.0E-5
0.08928571428571437	-1.2100000000000004	0	0	0	0	0	0	-5523.260395403968	0.2794969792662954	1.0E-5
0.10416666666666674	-1.2250000000000003	0	0	0	0	0	0	-5516.790983633914	0.2795759308598161	1.0E-5
0.11904761904761907	-1.24	0	0	0	0	0	0	-5508.310531030439	0.27967946499801905	1.0E-5
0.1339285714285714	-1.2550000000000001	0	0	0	0	0	0	-5497.715544864705	0.27980887838446755	1.0E-5
0.148809523809524	-1.27	0	0	0	0	0	0	-5484.911353184586	0.27996537062386345	1.0E-5
0.1636904761904763	-1.3	0	0	0	0	0	0	-5444.68767575562	0.2804576495700766	1.0000000000000003E-5
0.1636904761904763	-1.2850000000000001	0	0	0	0	0	0	-5469.812298518105	0.28015004267490623	1.0E-5
0	-1.12	0	0	0	0	0	0	-5526.505195502042	0.27945739028114497	1.0E-5
0.014880952380952562	-1.12	0	0	0	0	0	0	-5527.29807389781	0.27944771758909703	1.0E-5
0.0297619047619049	-1.135	0	0	0	0	0	0	-5531.387023239679	0.2793978409401386	1.0000000000000003E-5
0.04464285714285724	-1.15	0	0	0	0	0	0	-5534.14086181389	0.27936425585015384	1.0E-5
0.05952380952380959	-1.1650000000000003	0	0	0	0	0	0	-5535.425704353321	0.27934858790077055	9.999999999999999E-6
0.07440476190476193	-1.18	0	0	0	0	0	0	-5535.104679125266	0.27935250252865107	1.0E-5
0.08928571428571436	-1.195	0	0	0	0	0	0	-5533.046060120918	0.27937760718521387	1.0E-5
0.10416666666666671	-1.2100000000000004	0	0	0	0	0	0	-5529.125315717417	0.2794254277382244	1.0E-5
0.119047619047619	-1.2250000000000003	0	0	0	0	0	0	-5523.225920262084	0.27949739992466865	1.000000000000001E-5
0.1339285714285714	-1.2400000000000002	0	0	0	0	0	0	-5515.239784589717	0.2795948653698557	9.999999999999999E-6
0.14880952380952395	-1.2550000000000003	0	0	0	0	0	0	-5505.067527006272	0.27971906943330394	1.0000000000000003E-5
0.16369047619047628	-1.2699999999999998	0	0	0	0	0	0	-5492.6186535150855	0.2798711600085467	1.0E-5
0.17857142857142863	-1.3	0	0	0	0	0	0	-5452.341859661466	0.280363895978301	9.999999999999999E-6
0.1785714285714286	-1.2850000000000001	0	0	0	0	0	0	-5477.811668622734	0.2800521869858975	1.0E-5
0	-1.105	0	0	0	0	0	0	-5521.91841903739	0.2795133543341949	1.0E-5
0.014880952380952557	-1.105	0	0	0	0	0	0	-5522.7458708095855	0.27950325746470606	1.0000000000000003E-5
0.0297619047619049	-1.12	0	0	0	0	0	0	-5529.146620386553	0.27942516786291927	1.0000000000000003E-5
0.04464285714285725	-1.1350000000000002	0	0	0	0	0	0	-5534.266466973136	0.2793627241178304	1.0E-5
0.059523809523809604	-1.1500000000000001	0	0	0	0	0	0	-5537.967804855468	0.27931759147967056	1.0E-5
0.07440476190476192	-1.165	0	0	0	0	0	0	-5540.1095915027145	0.27929147937569226	1.0E-5
0.08928571428571436	-1.18	0	0	0	0	0	0	-5540.5558006330575	0.2792860396786456	1.0E-5
0.10416666666666667	-1.195	0	0	0	0	0	0	-5539.177530983104	0.2793028424548491	1.0E-5
0.11904761904761907	-1.2100000000000004	0	0	0	0	0	0	-5535.853825725699	0.279343367429229	9.999999999999999E-6
0.1339285714285714	-1.2250000000000003	0	0	0	0	0	0	-5530.472095913476	0.2794090002208526	1.0000000000000003E-5
0.14880952380952395	-1.2400000000000002	0	0	0	0	0	0	-5522.928379831363	0.2795010304812804	1.0E-5
0.16369047619047628	-1.2550000000000003	0	0	0	0	0	0	-5513.127511113281	0.27962065101182276	1.0E-5
0.17857142857142863	-1.2700000000000002	0	0	0	0	0	0	-5500.983219161929	0.2797689575405564	9.999999999999999E-6
0.19345238095238096	-1.3	0	0	0	0	0	0	-5460.5741203708885	0.2802631023069326	1.0E-5
0.193452380952381	-1.2850000000000001	0	0	0	0	0	0	-5486.418166928804	0.2799469490690271	1.0E-5
0	-1.09	0	0	0	0	0	0	-5515.108204433429	0.27959647155608214	1.0E-5
0.014880952380952554	-1.0900000000000003	0	0	0	0	0	0	-5515.971422554889	0.2795859345360117	1.0E-5
0.029761904761904896	-1.1050000000000002	0	0	0	0	0	0	-5524.675033815233	0.279479718798912	1.0000000000000003E-5
0.04464285714285723	-1.12	0	0	0	0	0	0	-5532.1527211288585	0.27938850220589695	9.999999999999994E-6
0.059523809523809604	-1.135	0	0	0	0	0	0	-5538.263126282542	0.2793139908240351	1.0E-5
0.07440476190476189	-1.1500000000000001	0	0	0	0	0	0	-5542.861009584922	0.2792579390985626	1.0E-5
0.08928571428571436	-1.165	0	0	0	0	0	0	-5545.806036931662	0.27922204404502526	9.999999999999999E-6
0.10416666666666671	-1.18	0	0	0	0	0	0	-5546.9649532697185	0.2792079202746805	1.0E-5
0.11904761904761899	-1.195	0	0	0	0	0	0	-5546.212412728326	0.27921709142551243	1.0E-5
0.13392857142857142	-1.2099999999999997	0	0	0	0	0	0	-5543.431397261304	0.27925098657572434	1.0E-5
0.14880952380952395	-1.225	0	0	0	0	0	0	-5538.513466237259	0.27931093864079753	1.0000000000000003E-5
0.16369047619047628	-1.2400000000000002	0	0	0	0	0	0	-5531.358913821081	0.2793981837800879	1.0E-5
0.1785714285714286	-1.255	0	0	0	0	0	0	-5521.876859805922	0.27951386146661117	1.0E-5
0.19345238095238093	-1.27	0	0	0	0	0	0	-5509.985280561014	0.27965901510880015	9.999999999999999E-6
0.20833333333333343	-1.3	0	0	0	0	0	0	-5469.363923726501	0.2801555287930138	1.0E-5
0.2083333333333335	-1.285	0	0	0	0	0	0	-5495.610978373422	0.279834593219372	1.0E-5
0.0297619047619049	-1.0899999999999999	0	0	0	0	0	0	-5517.983983203174	0.2795613697020964	9.999999999999999E-6
0.044642857142857234	-1.105	0	0	0	0	0	0	-5527.812268398943	0.27944144490493716	1.0E-5
0.05952380952380959	-1.1200000000000003	0	0	0	0	0	0	-5536.325258966677	0.2793376189519432	1.0E-5
0.07440476190476192	-1.1350000000000002	0	0	0	0	0	0	-5543.373477105191	0.2792516925618809	9.999999999999999E-6
0.08928571428571436	-1.1500000000000004	0	0	0	0	0	0	-5548.812256669293	0.27918540887229965	1.0000000000000003E-5
0.10416666666666671	-1.1650000000000005	0	0	0	0	0	0	-5552.503985732935	0.2791404276756433	1.0E-5
0.11904761904761904	-1.18	0	0	0	0	0	0	-5554.3189501526385	0.2791183167727318	9.999999999999992E-6
0.13392857142857134	-1.195	0	0	0	0	0	0	-5554.135749583413	0.2791205485279228	1.0E-5
0.14880952380952397	-1.2100000000000002	0	0	0	0	0	0	-5551.841539137373	0.27914849849277457	1.0000000000000003E-5
0.16369047619047633	-1.2250000000000003	0	0	0	0	0	0	-5547.332177496221	0.2792034450740847	1.0E-5
0.1785714285714286	-1.2400000000000002	0	0	0	0	0	0	-5540.5123091312225	0.279286569874209	1.0E-5
0.19345238095238101	-1.255	0	0	0	0	0	0	-5531.295388661325	0.27939895857429176	9.999999999999999E-6
0.20833333333333343	-1.2700000000000002	0	0	0	0	0	0	-5519.603647051314	0.27954160233643816	1.0E-5
0.22321428571428575	-1.3	0	0	0	0	0	0	-5478.689484647691	0.280041451165548	1.0000000000000003E-5
0.22321428571428575	-1.2850000000000006	0	0	0	0	0	0	-5505.3679949774405	0.2797153997586902	1.0E-5
0.04464285714285722	-1.09	0	0	0	0	0	0	-5521.256874071377	0.2795214270605643	9.999999999999999E-6
0.05952380952380959	-1.1050000000000002	0	0	0	0	0	0	-5532.166897776909	0.27938832930577934	1.0E-5
0.07440476190476192	-1.12	0	0	0	0	0	0	-5541.660632512273	0.2792725713150954	1.0E-5
0.08928571428571436	-1.1349999999999998	0	0	0	0	0	0	-5549.589040672078	0.2791759435655453	1.0E-5
0.10416666666666671	-1.1500000000000001	0	0	0	0	0	0	-5555.810133093323	0.2791001519342343	1.0E-5
0.11904761904761908	-1.1650000000000003	0	0	0	0	0	0	-5560.189828597659	0.27904680893340106	1.000000000000001E-5
0.13392857142857137	-1.18	0	0	0	0	0	0	-5562.602369432077	0.27901743037325977	1.0E-5
0.1488095238095239	-1.1949999999999998	0	0	0	0	0	0	-5562.930556776508	0.27901343418178426	1.0E-5
0.16369047619047633	-1.21	0	0	0	0	0	0	-5561.065891078073	0.2790361403071758	1.0E-5
0.17857142857142866	-1.2250000000000003	0	0	0	0	0	0	-5556.908646763835	0.27908677130621307	1.0E-5
0.19345238095238093	-1.2400000000000002	0	0	0	0	0	0	-5550.367890615401	0.27916645347229824	1.0E-5
0.20833333333333337	-1.255	0	0	0	0	0	0	-5541.36144451947	0.2792762184651905	9.999999999999999E-6
0.2232142857142857	-1.2700000000000002	0	0	0	0	0	0	-5529.815789326242	0.2794170054572201	1.0000000000000003E-5
0.23809523809523808	-1.3	0	0	0	0	0	0	-5488.527858392613	0.27992115942542284	1.0E-5
0.23809523809523803	-1.285	0	0	0	0	0	0	-5515.665903937603	0.2795896638474741	1.0E-5
0.04464285714285722	-1.0750000000000006	0	0	0	0	0	0	-5512.4974558420545	0.27962834297720535	1.000000000000001E-5
0.059523809523809576	-1.09	0	0	0	0	0	0	-5525.79987213894	0.2794659951843297	1.0E-5
0.07440476190476192	-1.1050000000000004	0	0	0	0	0	0	-5537.735237147521	0.2793204270605258	1.0E-5
0.08928571428571434	-1.12	0	0	0	0	0	0	-5548.150088569357	0.279193477860377	1.0000000000000011E-5
0.10416666666666671	-1.1350000000000002	0	0	0	0	0	0	-5556.898023931651	0.27908690069567943	1.0E-5
0.11904761904761908	-1.15	0	0	0	0	0	0	-5563.840578466853	0.2790023536137947	1.000000000000001E-5
0.1339285714285714	-1.1650000000000003	0	0	0	0	0	0	-5568.847641886366	0.27894139633651427	1.0000000000000003E-5
0.14880952380952395	-1.18	0	0	0	0	0	0	-5571.797689436804	0.2789054892472868	1.0E-5
0.16369047619047625	-1.1949999999999998	0	0	0	0	0	0	-5572.577915946353	0.27889599350212224	9.999999999999994E-6
0.17857142857142866	-1.2100000000000004	0	0	0	0	0	0	-5571.084304224064	0.2789141718435605	1.0000000000000003E-5
0.19345238095238101	-1.225	0	0	0	0	0	0	-5567.22163821755	0.27896118995619634	1.0E-5
0.20833333333333334	-1.24	0	0	0	0	0	0	-5560.903462577736	0.27903811831264214	1.0E-5
0.2232142857142857	-1.255	0	0	0	0	0	0	-5552.051986169109	0.27914593451299297	1.0E-5
0.23809523809523808	-1.27	0	0	0	0	0	0	-5540.597925110799	0.2792855261493299	1.0E-5
0.2529761904761906	-1.2999999999999998	0	0	0	0	0	0	-5498.855035188751	0.27979495658334785	1.0E-5
0.25297619047619063	-1.2850000000000001	0	0	0	0	0	0	-5526.480279154897	0.27945769425371697	1.0E-5
0.05952380952380956	-1.0750000000000006	0	0	0	0	0	0	-5517.235176382129	0.2795705091593131	1.0E-5
0.07440476190476192	-1.0900000000000003	0	0	0	0	0	0	-5531.609203864297	0.2793951311047664	1.0E-5
0.08928571428571436	-1.105	0	0	0	0	0	0	-5544.508244944884	0.2792378613182939	1.0E-5
0.10416666666666667	-1.12	0	0	0	0	0	0	-5555.78143355222	0.27910050152412286	1.0E-5
0.11904761904761908	-1.1349999999999998	0	0	0	0	0	0	-5565.285888644881	0.278984756381863	1.0E-5
0.1339285714285714	-1.15	0	0	0	0	0	0	-5572.887134063143	0.27889223027210874	1.0E-5
0.1488095238095239	-1.1650000000000003	0	0	0	0	0	0	-5578.459326727629	0.27882442642434807	9.999999999999999E-6
0.16369047619047633	-1.18	0	0	0	0	0	0	-5581.8853858531265	0.27878274721157276	1.0E-5
0.17857142857142858	-1.1949999999999998	0	0	0	0	0	0	-5583.05705627796	0.27876849516786445	9.999999999999999E-6
0.19345238095238093	-1.2100000000000004	0	0	0	0	0	0	-5581.874917325506	0.2787828745533501	1.0E-5
0.20833333333333348	-1.2250000000000005	0	0	0	0	0	0	-5578.248339630147	0.2788269934040523	9.999999999999999E-6
0.22321428571428575	-1.24	0	0	0	0	0	0	-5572.09538824332	0.27890186605831824	1.0E-5
0.23809523809523808	-1.2550000000000001	0	0	0	0	0	0	-5563.342668260674	0.2790084161813022	1.0E-5
0.2529761904761906	-1.2699999999999996	0	0	0	0	0	0	-5551.92510834511	0.2791474803245857	1.0E-5
0.2678571428571429	-1.2999999999999998	0	0	0	0	0	0	-5509.646038097864	0.2796631573586649	1.0E-5
0.2678571428571429	-1.2850000000000001	0	0	0	0	0	0	-5537.785676140781	0.27931981208037293	9.999999999999999E-6
0.07440476190476192	-1.0750000000000006	0	0	0	0	0	0	-5523.293626247326	0.279496573791303	1.0E-5
0.08928571428571436	-1.0899999999999999	0	0	0	0	0	0	-5538.67552627527	0.27930896280119033	1.0E-5
0.10416666666666674	-1.105	0	0	0	0	0	0	-5552.473307790229	0.27914080142947895	1.0E-5
0.11904761904761907	-1.12	0	0	0	0	0	0	-5564.53962624787	0.2789938422587143	1.0000000000000003E-5
0.13392857142857137	-1.1350000000000002	0	0	0	0	0	0	-5574.735609810344	0.2788697353344851	9.999999999999999E-6
0.1488095238095239	-1.15	0	0	0	0	0	0	-5582.931086149439	0.2787700274092756	1.0E-5
0.16369047619047628	-1.1650000000000003	0	0	0	0	0	0	-5589.004708217602	0.2786961623974984	1.0E-5
0.1785714285714286	-1.1799999999999997	0	0	0	0	0	0	-5592.844013763386	0.2786494825753989	1.0E-5
0.19345238095238093	-1.1949999999999998	0	0	0	0	0	0	-5594.345430917227	0.27863123033720166	1.0E-5
0.20833333333333343	-1.2100000000000004	0	0	0	0	0	0	-5593.414232944679	0.27864255043499603	1.0E-5
0.2232142857142858	-1.2250000000000003	0	0	0	0	0	0	-5589.9644410941155	0.278684492684608	1.0E-5
0.23809523809523814	-1.24	0	0	0	0	0	0	-5583.918672465723	0.2787580151484875	1.0E-5
0.25297619047619063	-1.2549999999999994	0	0	0	0	0	0	-5575.207928799534	0.27886398782411226	1.0E-5
0.2678571428571429	-1.2699999999999998	0	0	0	0	0	0	-5563.771321884486	0.27900319687419356	1.0000000000000003E-5
0.28273809523809534	-1.3	0	0	0	0	0	0	-5520.8750238282055	0.2795260868437701	1.0E-5
0.28273809523809534	-1.2850000000000001	0	0	0	0	0	0	-5549.55573008378	0.2791763494554491	1.0E-5
0.10416666666666669	-1.09	0	0	0	0	0	0	-5546.9857880046375	0.279207666368597	1.0E-5
0.11904761904761907	-1.1050000000000002	0	0	0	0	0	0	-5561.6148577920585	0.2790294552808258	9.999999999999999E-6
0.13392857142857137	-1.12	0	0	0	0	0	0	-5574.407046028636	0.2788737336149411	1.0000000000000003E-5
0.14880952380952395	-1.135	0	0	0	0	0	0	-5585.227823478991	0.2787420925865927	1.0E-5
0.16369047619047628	-1.15	0	0	0	0	0	0	-5593.95156742319	0.2786360182658378	1.0E-5
0.17857142857142866	-1.1650000000000005	0	0	0	0	0	0	-5600.461618590833	0.27855689293902114	1.0E-5
0.19345238095238093	-1.18	0	0	0	0	0	0	-5604.650284551973	0.27850599703800805	1.0E-5
0.20833333333333334	-1.1949999999999998	0	0	0	0	0	0	-5606.418793212399	0.27848451155547777	1.0E-5
0.2232142857142858	-1.2100000000000002	0	0	0	0	0	0	-5605.677195832195	0.2784935209204187	1.0E-5
0.238095238095238	-1.225	0	0	0	0	0	0	-5602.3442170014005	0.2785340163365098	9.99999999999999E-6
0.2529761904761906	-1.2399999999999998	0	0	0	0	0	0	-5596.347048093636	0.278606899602061	1.0E-5
0.26785714285714296	-1.2549999999999997	0	0	0	0	0	0	-5587.621080292311	0.27871298744069645	1.0E-5
0.28273809523809534	-1.2699999999999998	0	0	0	0	0	0	-5576.10957356058	0.27885301637430193	1.0E-5
0.29761904761904767	-1.3	0	0	0	0	0	0	-5532.515386107644	0.279384079140081	1.0E-5
0.29761904761904767	-1.2850000000000001	0	0	0	0	0	0	-5561.763256755039	0.27902764818994086	1.0E-5
0.10416666666666669	-1.0750000000000006	0	0	0	0	0	0	-5539.330237375352	0.2793009807193078	9.99999999999999E-6
0.11904761904761907	-1.0900000000000003	0	0	0	0	0	0	-5556.52387199523	0.2790914580311121	1.0E-5
0.13392857142857137	-1.105	0	0	0	0	0	0	-5571.914650932323	0.2789040657426681	9.999999999999992E-6
0.14880952380952397	-1.12	0	0	0	0	0	0	-5585.363645380915	0.27874044071479964	1.0E-5
0.16369047619047628	-1.1350000000000002	0	0	0	0	0	0	-5596.740930613329	0.278602112053602	1.0000000000000003E-5
0.1785714285714286	-1.15	0	0	0	0	0	0	-5605.925641507174	0.2784905026151474	1.0000000000000003E-5
0.19345238095238101	-1.1650000000000003	0	0	0	0	0	0	-5612.805974841906	0.27840693109016185	1.0000000000000003E-5
0.20833333333333343	-1.18	0	0	0	0	0	0	-5617.279142459168	0.2783526145796752	1.0E-5
0.22321428571428567	-1.1949999999999998	0	0	0	0	0	0	-5619.2512750772885	0.2783286716289849	1.0E-5
0.23809523809523814	-1.21	0	0	0	0	0	0	-5618.63727458495	0.27833612571555605	1.0E-5
0.2529761904761906	-1.225	0	0	0	0	0	0	-5615.360611766471	0.27837590920194694	1.0E-5
0.26785714285714296	-1.24	0	0	0	0	0	0	-5609.3530661270015	0.27844886777360744	1.0000000000000003E-5
0.28273809523809534	-1.2549999999999997	0	0	0	0	0	0	-5600.554404446718	0.2785557653875492	1.0E-5
0.29761904761904767	-1.2699999999999998	0	0	0	0	0	0	-5588.911995339674	0.27869728975593905	1.0000000000000003E-5
0.3125	-1.3	0	0	0	0	0	0	-5544.539861164155	0.27923747597227655	1.0E-5
0.31250000000000006	-1.2850000000000001	0	0	0	0	0	0	-5574.380355859522	0.27887405840967217	1.0E-5
0.11904761904761907	-1.0750000000000006	0	0	0	0	0	0	-5549.278204306613	0.2791797311378441	1.0E-5
0.13392857142857137	-1.0899999999999994	0	0	0	0	0	0	-5567.2708844344525	0.2789605904486424	1.0E-5
0.1488095238095239	-1.105	0	0	0	0	0	0	-5583.351924520152	0.27876490856928743	1.0E-5
0.16369047619047628	-1.12	0	0	0	0	0	0	-5597.387056348036	0.2785942587666108	1.0E-5
0.17857142857142866	-1.135	0	0	0	0	0	0	-5609.2511830663225	0.2784501052938879	1.0E-5
0.19345238095238093	-1.15	0	0	0	0	0	0	-5618.8283814710785	0.2783338056140673	1.0E-5
0.20833333333333343	-1.165	0	0	0	0	0	0	-5626.011855817516	0.278246613120695	1.0E-5
0.22321428571428575	-1.18	0	0	0	0	0	0	-5630.703843210826	0.27818968031822533	1.0E-5
0.23809523809523797	-1.1949999999999998	0	0	0	0	0	0	-5632.815468669643	0.27816406245160663	1.0E-5
0.25297619047619047	-1.2099999999999995	0	0	0	0	0	0	-5632.266547137159	0.27817072158983414	1.0E-5
0.267857142857143	-1.2249999999999999	0	0	0	0	0	0	-5628.985329477066	0.27821053117637856	1.0E-5
0.2827380952380953	-1.24	0	0	0	0	0	0	-5622.908189614254	0.2782842810636048	1.0E-5
0.29761904761904767	-1.2550000000000001	0	0	0	0	0	0	-5613.979250212187	0.2783926830514257	1.0E-5
0.31250000000000006	-1.2699999999999998	0	0	0	0	0	0	-5602.149945237811	0.27853637694483835	1.0E-5
0.32738095238095244	-1.3	0	0	0	0	0	0	-5556.920634812708	0.2790866252880612	1.0E-5
0.32738095238095244	-1.2850000000000001	0	0	0	0	0	0	-5587.378516387507	0.27871593716770465	1.0E-5
0.1488095238095239	-1.09	0	0	0	0	0	0	-5579.205317329117	0.27881535054160955	9.999999999999999E-6
0.16369047619047628	-1.105	0	0	0	0	0	0	-5595.9035063577085	0.2786122908668823	1.0E-5
0.1785714285714286	-1.12	0	0	0	0	0	0	-5610.452678124365	0.27843551179126413	1.0E-5
0.19345238095238093	-1.1349999999999998	0	0	0	0	0	0	-5622.732763152329	0.278286410331555	1.0E-5
0.20833333333333343	-1.1500000000000004	0	0	0	0	0	0	-5632.632947645746	0.2781662766491557	1.0E-5
0.22321428571428584	-1.165	0	0	0	0	0	0	-5640.051581343029	0.27807629736409367	1.0000000000000003E-5
0.23809523809523808	-1.18	0	0	0	0	0	0	-5644.896036003091	0.27801755931696964	1.0E-5
0.25297619047619047	-1.1949999999999998	0	0	0	0	0	0	-5647.082511998301	0.2779910537784466	1.0E-5
0.26785714285714285	-1.2100000000000002	0	0	0	0	0	0	-5646.53579032042	0.2779976811133103	1.0E-5
0.28273809523809534	-1.2249999999999996	0	0	0	0	0	0	-5643.188927471536	0.27803825590988307	1.0E-5
0.2976190476190477	-1.2400000000000002	0	0	0	0	0	0	-5636.982891124305	0.27811351258660644	1.0E-5
0.3125	-1.255	0	0	0	0	0	0	-5627.866134868548	0.27822411148849957	1.0E-5
0.3273809523809524	-1.2699999999999998	0	0	0	0	0	0	-5615.794111596557	0.27837064547730733	1.0E-5
0.34226190476190477	-1.3	0	0	0	0	0	0	-5569.629450614067	0.2789318798510494	1.0E-5
0.3422619047619047	-1.2850000000000001	0	0	0	0	0	0	-5600.728723482157	0.2785536470443898	1.0E-5
0.16369047619047628	-1.09	0	0	0	0	0	0	-5592.303160515533	0.2786560579094591	1.0E-5
0.1785714285714286	-1.105	0	0	0	0	0	0	-5609.543904056856	0.27844654978320144	9.999999999999999E-6
0.19345238095238093	-1.12	0	0	0	0	0	0	-5624.53375779478	0.2782645514145196	9.999999999999999E-6
0.20833333333333343	-1.135	0	0	0	0	0	0	-5637.157862330703	0.2781113904754705	1.0E-5
0.2232142857142858	-1.1500000000000004	0	0	0	0	0	0	-5647.310667433517	0.27798828814691345	1.0E-5
0.23809523809523817	-1.165	0	0	0	0	0	0	-5654.895794749294	0.2778963630025228	1.0E-5
0.2529761904761905	-1.18	0	0	0	0	0	0	-5659.8258495172395	0.27783663533753705	1.0E-5
0.2678571428571428	-1.1949999999999998	0	0	0	0	0	0	-5662.022178744618	0.2778100319446877	1.0000000000000003E-5
0.28273809523809534	-1.2100000000000002	0	0	0	0	0	0	-5661.414573535913	0.2778173913426749	1.0000000000000003E-5
0.2976190476190477	-1.2249999999999996	0	0	0	0	0	0	-5657.94091371896	0.2778594694632922	1.0E-5
0.3125	-1.2400000000000002	0	0	0	0	0	0	-5651.546753543144	0.27793694580193246	1.0E-5
0.3273809523809524	-1.255	0	0	0	0	0	0	-5642.184847809689	0.2780504300353756	1.0E-5
0.3422619047619048	-1.2699999999999998	0	0	0	0	0	0	-5629.814619279238	0.2782004690987864	1.0E-5
0.35714285714285726	-1.3	0	0	0	0	0	0	-5582.637718547532	0.278773595834564	1.0E-5
0.3571428571428572	-1.2850000000000001	0	0	0	0	0	0	-5614.40156630971	0.2783875547424219	1.0E-5
0.1785714285714286	-1.09	0	0	0	0	0	0	-5606.537992785873	0.2784830634816886	1.0E-5
0.19345238095238093	-1.1050000000000002	0	0	0	0	0	0	-5624.245387040114	0.27826805126716553	1.0E-5
0.20833333333333334	-1.12	0	0	0	0	0	0	-5639.6014700025335	0.27808175565627463	9.999999999999992E-6
0.22321428571428575	-1.1350000000000002	0	0	0	0	0	0	-5652.4967618485925	0.27792543310145046	1.0E-5
0.23809523809523817	-1.1500000000000004	0	0	0	0	0	0	-5662.831118568643	0.2778002343320894	1.0E-5
0.2529761904761906	-1.165	0	0	0	0	0	0	-5670.513549536465	0.2777072087944725	1.0E-5
0.26785714285714296	-1.18	0	0	0	0	0	0	-5675.461982298696	0.27764730953536115	9.999999999999999E-6
0.28273809523809534	-1.1949999999999998	0	0	0	0	0	0	-5677.602972383641	0.27762139853046347	1.0E-5
0.29761904761904767	-1.2100000000000004	0	0	0	0	0	0	-5676.871356454753	0.2776302524589034	1.0E-5
0.31250000000000006	-1.225	0	0	0	0	0	0	-5673.209847790783	0.2776745689233618	1.0000000000000003E-5
0.3273809523809524	-1.2400000000000002	0	0	0	0	0	0	-5666.56857388097	0.277754973112268	9.999999999999999E-6
0.3422619047619047	-1.255	0	0	0	0	0	0	-5656.904556621589	0.2778720248982393	1.0E-5
0.3571428571428573	-1.2700000000000002	0	0	0	0	0	0	-5644.181137313478	0.27802622635208796	1.0E-5
0.3720238095238096	-1.3	0	0	0	0	0	0	-5595.916623624607	0.2786121314242291	1.0E-5
0.37202380952380953	-1.2850000000000004	0	0	0	0	0	0	-5628.367346397135	0.27821802968441733	1.0E-5
0.19345238095238093	-1.0899999999999999	0	0	0	0	0	0	-5621.881065221379	0.27829674824285844	1.0E-5
0.20833333333333348	-1.105	0	0	0	0	0	0	-5639.978067279924	0.2780771888260787	1.0E-5
0.22321428571428575	-1.1200000000000003	0	0	0	0	0	0	-5655.624998539491	0.27788752768192954	1.0E-5
0.23809523809523817	-1.1350000000000002	0	0	0	0	0	0	-5668.717916886784	0.2777289483805707	1.0E-5
0.25297619047619063	-1.1500000000000001	0	0	0	0	0	0	-5679.162216626256	0.27760252992620543	1.0000000000000003E-5
0.26785714285714285	-1.165	0	0	0	0	0	0	-5686.872400556753	0.27750925174232255	1.0E-5
0.28273809523809534	-1.18	0	0	0	0	0	0	-5691.7717976266695	0.2774499990982262	1.0E-5
0.2976190476190476	-1.1950000000000003	0	0	0	0	0	0	-5693.792224558525	0.27742556897420745	1.0E-5
0.3125	-1.2099999999999997	0	0	0	0	0	0	-5692.873590571126	0.2774366763605079	1.0E-5
0.32738095238095255	-1.2249999999999999	0	0	0	0	0	0	-5688.963445145391	0.27748396098206257	9.999999999999999E-6
0.34226190476190477	-1.2400000000000002	0	0	0	0	0	0	-5682.01646972451	0.27756799443614577	9.999999999999999E-6
0.3571428571428572	-1.2549999999999997	0	0	0	0	0	0	-5671.993915015065	0.27768928772683615	9.999999999999999E-6
0.37202380952380953	-1.2699999999999996	0	0	0	0	0	0	-5658.862987478236	0.2778482991625558	9.999999999999999E-6
0.3869047619047619	-1.3	0	0	0	0	0	0	-5609.437233862601	0.27844784543721396	1.0E-5
0.38690476190476186	-1.2850000000000001	0	0	0	0	0	0	-5642.596185887122	0.2780454426206212	1.0000000000000003E-5
0.20833333333333337	-1.0899999999999999	0	0	0	0	0	0	-5638.301383065838	0.2780975219557617	1.0000000000000003E-5
0.22321428571428575	-1.105	0	0	0	0	0	0	-5656.709981921489	0.27787438224376054	1.0E-5
0.23809523809523814	-1.12	0	0	0	0	0	0	-5672.571621494324	0.27768229449778165	1.0E-5
0.2529761904761905	-1.1349999999999998	0	0	0	0	0	0	-5685.788045070144	0.2775223679450959	9.999999999999999E-6
0.2678571428571429	-1.1500000000000001	0	0	0	0	0	0	-5696.2703072102095	0.2773956087831177	1.0000000000000003E-5
0.28273809523809534	-1.165	0	0	0	0	0	0	-5703.938499882923	0.2773029256998795	1.0E-5
0.2976190476190477	-1.18	0	0	0	0	0	0	-5708.721422864007	0.2772451358300377	1.0E-5
0.3124999999999999	-1.1949999999999998	0	0	0	0	0	0	-5710.556197566818	0.27722297113815825	1.0E-5
0.3273809523809525	-1.2100000000000002	0	0	0	0	0	0	-5709.3878243624695	0.2772370852172143	1.0E-5
0.34226190476190477	-1.2249999999999999	0	0	0	0	0	0	-5705.168684392211	0.27728806048572036	1.0E-5
0.3571428571428572	-1.24	0	0	0	0	0	0	-5697.857987925861	0.2773764157607687	1.0E-5
0.37202380952380953	-1.2550000000000001	0	0	0	0	0	0	-5687.421172141232	0.2775026141802904	1.0E-5
0.38690476190476186	-1.2699999999999998	0	0	0	0	0	0	-5673.829253312444	0.2776670714275392	1.0000000000000003E-5
0.40178571428571425	-1.3	0	0	0	0	0	0	-5623.170607035897	0.2782810959658787	9.999999999999999E-6
0.40178571428571436	-1.285	0	0	0	0	0	0	-5657.058135151083	0.27787016425432554	1.0E-5
0.22321428571428575	-1.0899999999999999	0	0	0	0	0	0	-5655.7657894406075	0.2778858218442021	1.0E-5
0.23809523809523814	-1.105	0	0	0	0	0	0	-5674.40717951953	0.27766007624043376	1.0000000000000003E-5
0.2529761904761906	-1.1199999999999999	0	0	0	0	0	0	-5690.406800884816	0.27746650558125	1.0E-5
0.26785714285714296	-1.1349999999999998	0	0	0	0	0	0	-5703.672219821347	0.277306143488377	9.999999999999999E-6
0.28273809523809534	-1.15	0	0	0	0	0	0	-5714.1202630264515	0.27717992246131407	1.0E-5
0.29761904761904767	-1.165	0	0	0	0	0	0	-5721.676697387383	0.2770886799217766	1.0E-5
0.31250000000000006	-1.1799999999999997	0	0	0	0	0	0	-5726.275853178479	0.27703316468325895	1.0E-5
0.32738095238095233	-1.1949999999999998	0	0	0	0	0	0	-5727.860190743654	0.2770140438306305	1.0000000000000003E-5
0.34226190476190477	-1.21	0	0	0	0	0	0	-5726.379811752742	0.27703190998959115	1.0E-5
0.3571428571428573	-1.225	0	0	0	0	0	0	-5721.791917154967	0.2770872889602671	9.999999999999999E-6
0.37202380952380965	-1.2400000000000002	0	0	0	0	0	0	-5714.06021508255	0.2771806476820006	1.0E-5
0.38690476190476203	-1.255	0	0	0	0	0	0	-5703.154282790693	0.27731240249200134	1.0000000000000003E-5
0.4017857142857143	-1.2700000000000002	0	0	0	0	0	0	-5689.048889006102	0.2774829276176467	1.0E-5
0.41666666666666674	-1.3	0	0	0	0	0	0	-5637.087895627395	0.278112239053371	1.0E-5
0.41666666666666685	-1.2850000000000006	0	0	0	0	0	0	-5671.723279197522	0.2776925638924911	9.999999999999999E-6
0.23809523809523814	-1.0899999999999994	0	0	0	0	0	0	-5674.239052728807	0.2776621112150883	1.0E-5
0.2529761904761906	-1.1049999999999998	0	0	0	0	0	0	-5693.033810880799	0.277434739064469	1.0000000000000003E-5
0.2678571428571429	-1.1199999999999999	0	0	0	0	0	0	-5709.094277302142	0.2772406314418088	1.0000000000000003E-5
0.28273809523809534	-1.1350000000000005	0	0	0	0	0	0	-5722.3339688051665	0.2770807452980698	1.0E-5
0.29761904761904756	-1.1500000000000001	0	0	0	0	0	0	-5732.675585902016	0.27695593873456964	1.0E-5
0.3125	-1.165	0	0	0	0	0	0	-5740.050645954994	0.27686697755795747	1.0000000000000003E-5
0.32738095238095244	-1.18	0	0	0	0	0	0	-5744.399059450047	0.27681454224443464	1.0E-5
0.34226190476190466	-1.1949999999999998	0	0	0	0	0	0	-5745.6686504656755	0.2767992352904127	1.0E-5
0.3571428571428573	-1.2100000000000004	0	0	0	0	0	0	-5743.814623524531	0.27682158892074243	1.0E-5
0.3720238095238097	-1.2249999999999999	0	0	0	0	0	0	-5738.798980112733	0.27688207311929786	1.0E-5
0.38690476190476186	-1.2400000000000002	0	0	0	0	0	0	-5730.589889331151	0.2769811039386488	1.0E-5
0.4017857142857141	-1.255	0	0	0	0	0	0	-5719.161017955508	0.2771190520409993	1.0E-5
0.41666666666666685	-1.2699999999999998	0	0	0	0	0	0	-5704.490827624425	0.27729625139723757	1.0E-5
0.43154761904761907	-1.3	0	0	0	0	0	0	-5651.160449413497	0.2779416274084494	1.0E-5
0.43154761904761907	-1.2850000000000001	0	0	0	0	0	0	-5686.561842315299	0.2775130081288865	9.999999999999999E-6
0.2529761904761906	-1.0899999999999994	0	0	0	0	0	0	-5693.683958688178	0.2774268780092141	1.0E-5
0.26785714285714296	-1.1049999999999998	0	0	0	0	0	0	-5712.552225091005	0.2771988610113755	1.0E-5
0.28273809523809534	-1.1199999999999999	0	0	0	0	0	0	-5728.5961698556475	0.2770051621116377	1.0E-5
0.29761904761904767	-1.135	0	0	0	0	0	0	-5741.735377558616	0.2768466607240434	1.0000000000000003E-5
0.31250000000000006	-1.1500000000000001	0	0	0	0	0	0	-5751.898513704337	0.27672414004398316	1.0E-5
0.32738095238095244	-1.1650000000000003	0	0	0	0	0	0	-5759.022911172931	0.27663829409750684	1.0E-5
0.34226190476190477	-1.18	0	0	0	0	0	0	-5763.054100114578	0.276589735178028	1.0E-5
0.3571428571428571	-1.1949999999999998	0	0	0	0	0	0	-5763.945283445797	0.2765790016392879	1.0E-5
0.37202380952380965	-1.21	0	0	0	0	0	0	-5761.656761280611	0.2766065660066623	1.0E-5
0.38690476190476203	-1.2249999999999999	0	0	0	0	0	0	-5756.155308760662	0.2766728433619829	1.0E-5
0.4017857142857143	-1.2400000000000002	0	0	0	0	0	0	-5747.413512949618	0.27677819994837916	9.999999999999999E-6
0.41666666666666685	-1.2549999999999997	0	0	0	0	0	0	-5735.409075215745	0.2769229619372192	9.999999999999999E-6
0.431547619047619	-1.2699999999999998	0	0	0	0	0	0	-5720.1240881098265	0.2771074242715269	1.0000000000000003E-5
0.4464285714285715	-1.3	0	0	0	0	0	0	-5665.359915132494	0.27776960916645577	1.0E-5
0.4464285714285715	-1.2850000000000004	0	0	0	0	0	0	-5701.544290399035	0.27733185956681333	1.0E-5
0.26785714285714296	-1.0899999999999996	0	0	0	0	0	0	-5714.061407923313	0.27718063327560877	1.0000000000000003E-5
0.28273809523809534	-1.105	0	0	0	0	0	0	-5732.923071056684	0.2769529528686956	1.0E-5
0.29761904761904767	-1.1200000000000003	0	0	0	0	0	0	-5748.873081549464	0.27676060556710286	1.0E-5
0.31250000000000006	-1.1350000000000002	0	0	0	0	0	0	-5761.837198293607	0.276604392583812	1.0E-5
0.32738095238095244	-1.1500000000000001	0	0	0	0	0	0	-5771.750132032928	0.27648502189551344	9.999999999999999E-6
0.34226190476190477	-1.1650000000000003	0	0	0	0	0	0	-5778.555085274008	0.27640311576694315	9.999999999999999E-6
0.35714285714285726	-1.18	0	0	0	0	0	0	-5782.20323663733	0.27635921863448537	1.0E-5
0.3720238095238094	-1.1949999999999998	0	0	0	0	0	0	-5782.653172940208	0.2763538053092141	1.0E-5
0.38690476190476186	-1.2099999999999997	0	0	0	0	0	0	-5779.870273514775	0.2763872894522629	1.0E-5
0.4017857142857145	-1.225	0	0	0	0	0	0	-5773.826052399797	0.2764600322681641	1.0E-5
0.4166666666666667	-1.2400000000000004	0	0	0	0	0	0	-5764.497465240157	0.2765723513527451	1.0E-5
0.431547619047619	-1.255	0	0	0	0	0	0	-5751.866188400105	0.276724529628144	1.0E-5
0.4464285714285714	-1.2699999999999996	0	0	0	0	0	0	-5735.917880506489	0.2769168242675185	1.0000000000000003E-5
0.46130952380952384	-1.3	0	0	0	0	0	0	-5679.658332708217	0.27759652670293977	9.999999999999999E-6
0.46130952380952384	-1.2850000000000004	0	0	0	0	0	0	-5716.6414304169075	0.27714947558816433	1.0E-5
0.28273809523809534	-1.0899999999999999	0	0	0	0	0	0	-5735.330519091367	0.2769239095677552	1.0E-5
0.29761904761904767	-1.1050000000000002	0	0	0	0	0	0	-5754.105404730606	0.2766975442876622	1.0E-5
0.31250000000000006	-1.1199999999999999	0	0	0	0	0	0	-5769.884210110225	0.2765074860837213	1.0E-5
0.3273809523809524	-1.1349999999999998	0	0	0	0	0	0	-5782.598963773295	0.27635445750947835	1.0000000000000003E-5
0.34226190476190477	-1.1500000000000001	0	0	0	0	0	0	-5792.190490485719	0.2762390912080424	1.0E-5
0.3571428571428573	-1.1650000000000003	0	0	0	0	0	0	-5798.6079050498365	0.27616193788882687	9.999999999999999E-6
0.37202380952380965	-1.18	0	0	0	0	0	0	-5801.80805225777	0.2761234746290303	1.0E-5
0.38690476190476186	-1.1950000000000003	0	0	0	0	0	0	-5801.7548974441115	0.2761241134511708	1.0E-5
0.4017857142857142	-1.2100000000000002	0	0	0	0	0	0	-5798.418873314348	0.27616421012042697	1.0E-5
0.41666666666666685	-1.2249999999999999	0	0	0	0	0	0	-5791.77618983662	0.27624407309817545	9.999999999999999E-6
0.431547619047619	-1.2400000000000002	0	0	0	0	0	0	-5781.808115145776	0.2763639725788857	1.0E-5
0.4464285714285714	-1.2550000000000001	0	0	0	0	0	0	-5768.500235962727	0.27652414953419346	1.0E-5
0.4613095238095237	-1.27	0	0	0	0	0	0	-5751.841708857304	0.27672482465575543	1.0E-5
0.4761904761904763	-1.3	0	0	0	0	0	0	-5694.028227528005	0.2774227155059561	1.0E-5
0.4761904761904763	-1.2850000000000001	0	0	0	0	0	0	-5731.824506499542	0.2769662071751791	1.0E-5
0.29761904761904767	-1.09	0	0	0	0	0	0	-5757.448738048349	0.27665725926227197	1.0E-5
0.3125	-1.105	0	0	0	0	0	0	-5776.056802073697	0.27643318208409046	1.0E-5
0.3273809523809524	-1.1199999999999999	0	0	0	0	0	0	-5791.587464196898	0.2762463425284766	1.0000000000000003E-5
0.3422619047619047	-1.1350000000000002	0	0	0	0	0	0	-5803.979106090634	0.276097384241142	1.0E-5
0.3571428571428572	-1.15	0	0	0	0	0	0	-5813.178723239489	0.275986864617778	9.999999999999999E-6
0.37202380952380965	-1.1650000000000003	0	0	0	0	0	0	-5819.1413733948	0.27591526320718257	9.999999999999999E-6
0.386904761904762	-1.18	0	0	0	0	0	0	-5821.829573598024	0.2758829903982165	1.0E-5
0.4017857142857142	-1.1949999999999998	0	0	0	0	0	0	-5821.212651410776	0.2758903963330711	1.0E-5
0.41666666666666674	-1.2099999999999997	0	0	0	0	0	0	-5817.266057182974	0.2759377799817063	1.0000000000000003E-5
0.431547619047619	-1.225	0	0	0	0	0	0	-5809.97064524857	0.2760253983050615	1.0E-5
0.4464285714285715	-1.2400000000000002	0	0	0	0	0	0	-5799.311933039808	0.27615347542544	1.0E-5
0.4613095238095237	-1.255	0	0	0	0	0	0	-5785.279347515917	0.2763222117200872	1.0E-5
0.47619047619047616	-1.2699999999999996	0	0	0	0	0	0	-5767.865471233174	0.2765317927195756	1.0E-5
0.4910714285714286	-1.3	0	0	0	0	0	0	-5708.4426983062285	0.277248503112516	1.0E-5
0.49107142857142866	-1.2850000000000004	0	0	0	0	0	0	-5747.065292152086	0.2767823977908147	9.999999999999999E-6
0.3125	-1.0899999999999996	0	0	0	0	0	0	-5780.371953024105	0.27638125280235026	1.0E-5
0.3273809523809524	-1.1050000000000002	0	0	0	0	0	0	-5798.733477715549	0.276160428472255	1.0E-5
0.3422619047619047	-1.12	0	0	0	0	0	0	-5813.9395848486665	0.2759777265943717	1.0000000000000003E-5
0.3571428571428573	-1.1349999999999998	0	0	0	0	0	0	-5825.935080112216	0.2758337118725637	1.0000000000000003E-5
0.3720238095238095	-1.1500000000000001	0	0	0	0	0	0	-5834.673173624974	0.27572886674551267	1.0E-5
0.386904761904762	-1.1650000000000003	0	0	0	0	0	0	-5840.114884089012	0.2756636001868094	9.999999999999999E-6
0.4017857142857143	-1.18	0	0	0	0	0	0	-5842.228394681235	0.2756382567417183	1.0E-5
0.41666666666666674	-1.1950000000000003	0	0	0	0	0	0	-5840.988367489715	0.2756531257344726	1.0000000000000003E-5
0.43154761904761907	-1.21	0	0	0	0	0	0	-5836.3752244421785	0.27570845057248755	9.999999999999999E-6
0.4464285714285716	-1.2249999999999999	0	0	0	0	0	0	-5828.374403651399	0.2758044380669356	1.0E-5
0.46130952380952367	-1.2400000000000002	0	0	0	0	0	0	-5816.975601118364	0.2759412676801539	1.0E-5
0.47619047619047633	-1.2549999999999997	0	0	0	0	0	0	-5802.172007961478	0.2761191006091878	1.0000000000000003E-5
0.4910714285714287	-1.2699999999999996	0	0	0	0	0	0	-5783.959556370454	0.2763380885781996	1.0E-5
0.5059523809523812	-1.3	0	0	0	0	0	0	-5722.875500101104	0.2770742081140889	1.0E-5
0.5059523809523813	-1.2850000000000004	0	0	0	0	0	0	-5762.33617812014	0.2765983823231458	9.999999999999999E-6
0.3273809523809524	-1.0900000000000003	0	0	0	0	0	0	-5804.0546158208745	0.27609647686957905	9.999999999999999E-6
0.3422619047619047	-1.105	0	0	0	0	0	0	-5822.09040919807	0.2758798592365844	9.999999999999999E-6
0.35714285714285726	-1.1199999999999999	0	0	0	0	0	0	-5836.896271958183	0.27570220098300763	1.0E-5
0.37202380952380953	-1.1350000000000002	0	0	0	0	0	0	-5848.423491288126	0.2755639880556363	1.0E-5
0.386904761904762	-1.1500000000000001	0	0	0	0	0	0	-5856.631522320845	0.2754656284338807	1.0E-5
0.4017857142857143	-1.1650000000000003	0	0	0	0	0	0	-5861.48734937801	0.2754074612940629	1.0000000000000003E-5
0.41666666666666674	-1.18	0	0	0	0	0	0	-5862.964802862515	0.2753897663572256	1.0000000000000003E-5
0.43154761904761885	-1.195	0	0	0	0	0	0	-5861.04383974431	0.27541277334607817	9.999999999999999E-6
0.4464285714285716	-1.2099999999999995	0	0	0	0	0	0	-5855.709796644052	0.2754766714695759	1.0E-5
0.461309523809524	-1.2249999999999996	0	0	0	0	0	0	-5846.952625388844	0.27558161884720744	1.0E-5
0.4761904761904763	-1.2400000000000004	0	0	0	0	0	0	-5834.7661218219455	0.27572775177650055	1.0000000000000003E-5
0.4910714285714286	-1.2550000000000001	0	0	0	0	0	0	-5819.147158671922	0.27591519374753937	1.0E-5
0.505952380952381	-1.2699999999999996	0	0	0	0	0	0	-5800.0949364131475	0.2761440640695484	1.0E-5
0.5208333333333335	-1.3	0	0	0	0	0	0	-5737.301122093361	0.27690013923542317	1.0E-5
0.5208333333333335	-1.285	0	0	0	0	0	0	-5777.610255473017	0.2764144860986623	1.0E-5
0.34226190476190466	-1.0899999999999999	0	0	0	0	0	0	-5828.449868950188	0.27580353248893863	1.0E-5
0.3571428571428572	-1.1050000000000002	0	0	0	0	0	0	-5846.081466615538	0.2755920618469596	1.0E-5
0.37202380952380965	-1.12	0	0	0	0	0	0	-5860.412315492544	0.27542033754178163	1.0E-5
0.386904761904762	-1.1349999999999998	0	0	0	0	0	0	-5871.40022746878	0.27528876717089273	1.0000000000000003E-5
0.4017857142857142	-1.15	0	0	0	0	0	0	-5879.010918736034	0.2751976849623227	1.0E-5
0.41666666666666674	-1.165	0	0	0	0	0	0	-5883.217329858623	0.2751473612671333	1.0000000000000003E-5
0.431547619047619	-1.18	0	0	0	0	0	0	-5883.998906134393	0.27513801217662825	1.0E-5
0.44642857142857134	-1.1950000000000003	0	0	0	0	0	0	-5881.340847277448	0.27516980918220574	1.0000000000000003E-5
0.46130952380952384	-1.21	0	0	0	0	0	0	-5875.233336405814	0.27524288878919745	1.0E-5
0.47619047619047616	-1.2249999999999999	0	0	0	0	0	0	-5865.670759054627	0.27535736199032534	1.0E-5
0.4910714285714287	-1.2400000000000002	0	0	0	0	0	0	-5852.650923713966	0.27551332349641544	1.0E-5
0.5059523809523812	-1.2550000000000001	0	0	0	0	0	0	-5836.174295186273	0.27571086062396477	1.0E-5
0.5208333333333334	-1.2699999999999996	0	0	0	0	0	0	-5816.2432552822675	0.2759500616982116	1.0E-5
0.5357142857142858	-1.3	0	0	0	0	0	0	-5751.694859779453	0.27672659449029463	1.0E-5
0.5357142857142859	-1.2850000000000001	0	0	0	0	0	0	-5792.861393505436	0.2762310239687351	1.0E-5
0.3571428571428572	-1.09	0	0	0	0	0	0	-5853.509678549276	0.2755030330727587	1.0E-5
0.3720238095238096	-1.1049999999999998	0	0	0	0	0	0	-5870.659547396268	0.27529763352427483	1.0E-5
0.38690476190476186	-1.1200000000000003	0	0	0	0	0	0	-5884.441731120495	0.27513271536304607	1.0000000000000003E-5
0.4017857142857142	-1.1350000000000002	0	0	0	0	0	0	-5894.820594310674	0.27500860847190667	1.0E-5
0.41666666666666674	-1.1500000000000004	0	0	0	0	0	0	-5901.768115097071	0.27492557424796477	1.0000000000000003E-5
0.4315476190476192	-1.1650000000000005	0	0	0	0	0	0	-5905.263166134566	0.2748838153842233	1.0E-5
0.4464285714285715	-1.1799999999999997	0	0	0	0	0	0	-5905.29076123127	0.27488348571192095	1.0E-5
0.46130952380952367	-1.1949999999999998	0	0	0	0	0	0	-5901.8412776660425	0.2749247000145187	1.0E-5
0.4761904761904763	-1.21	0	0	0	0	0	0	-5894.909665060226	0.2750075437183999	1.0E-5
0.49107142857142866	-1.225	0	0	0	0	0	0	-5884.494652251778	0.2751320823605185	1.0E-5
0.5059523809523814	-1.2400000000000002	0	0	0	0	0	0	-5870.59796425088	0.2752983707259544	9.999999999999999E-6
0.5208333333333337	-1.2550000000000003	0	0	0	0	0	0	-5853.223560904867	0.2755064615521586	9.999999999999999E-6
0.5357142857142859	-1.27	0	0	0	0	0	0	-5832.376912225874	0.27575641365345066	1.0E-5
0.5505952380952381	-1.3	0	0	0	0	0	0	-5766.03288127931	0.2765538604171138	1.0000000000000003E-5
0.550595238095238	-1.2850000000000006	0	0	0	0	0	0	-5808.064312099585	0.27604829947289916	1.0E-5
0.3720238095238096	-1.09	0	0	0	0	0	0	-5879.184972846864	0.27519560241036933	1.0E-5
0.386904761904762	-1.1049999999999998	0	0	0	0	0	0	-5895.776715903683	0.27499717926372014	1.0000000000000003E-5
0.4017857142857143	-1.1200000000000006	0	0	0	0	0	0	-5908.937899841473	0.27483991885324555	1.0E-5
0.41666666666666685	-1.1350000000000005	0	0	0	0	0	0	-5918.6394537952865	0.27472407421199857	1.0000000000000003E-5
0.4315476190476192	-1.1500000000000004	0	0	0	0	0	0	-5924.859602705674	0.27464983504105644	1.0E-5
0.4464285714285717	-1.165	0	0	0	0	0	0	-5927.583111662282	0.27461733773833064	1.0E-5
0.46130952380952384	-1.18	0	0	0	0	0	0	-5926.800501923927	0.2746266754194304	9.999999999999999E-6
0.47619047619047605	-1.1949999999999998	0	0	0	0	0	0	-5922.507249582449	0.2746779078353431	1.0E-5
0.4910714285714287	-1.2100000000000002	0	0	0	0	0	0	-5914.702978504632	0.2747710710867253	1.0E-5
0.5059523809523812	-1.225	0	0	0	0	0	0	-5903.390659595081	0.27490618703078684	9.999999999999999E-6
0.5208333333333334	-1.2400000000000002	0	0	0	0	0	0	-5888.5758288918905	0.27508327227031537	9.999999999999999E-6
0.5357142857142858	-1.255	0	0	0	0	0	0	-5870.265836291814	0.2753023466202405	1.0E-5
0.550595238095238	-1.2699999999999996	0	0	0	0	0	0	-5848.469140138326	0.27556344090154694	1.0000000000000003E-5
0.5654761904761905	-1.3	0	0	0	0	0	0	-5780.292287508304	0.27638221139662345	1.0E-5
0.5654761904761905	-1.2850000000000001	0	0	0	0	0	0	-5823.194648234237	0.27586660408194813	1.0E-5
0.38690476190476186	-1.0899999999999999	0	0	0	0	0	0	-5905.425785877601	0.274881872611037	1.0000000000000003E-5
0.4017857142857143	-1.105	0	0	0	0	0	0	-5921.384347467534	0.2746913098239861	9.999999999999999E-6
0.41666666666666663	-1.12	0	0	0	0	0	0	-5933.85371114953	0.27454253578067067	1.0E-5
0.43154761904761896	-1.1350000000000002	0	0	0	0	0	0	-5942.811365329123	0.2744357277621519	1.0E-5
0.4464285714285716	-1.1500000000000001	0	0	0	0	0	0	-5948.241749783498	0.2743710051239697	1.0000000000000003E-5
0.46130952380952384	-1.165	0	0	0	0	0	0	-5950.1354661681	0.2743484395275688	1.0E-5
0.47619047619047616	-1.18	0	0	0	0	0	0	-5948.488466866037	0.2743680650910551	1.0E-5
0.4910714285714283	-1.1949999999999998	0	0	0	0	0	0	-5943.3012339633815	0.27442988835884846	1.0E-5
0.5059523809523809	-1.2100000000000004	0	0	0	0	0	0	-5934.577960625767	0.2745338979858484	1.0E-5
0.5208333333333336	-1.225	0	0	0	0	0	0	-5922.32574736919	0.2746800740290764	1.0E-5
0.5357142857142858	-1.2400000000000002	0	0	0	0	0	0	-5906.5538260145895	0.27486839673424057	1.0E-5
0.5505952380952384	-1.2549999999999997	0	0	0	0	0	0	-5887.2728231239835	0.27509885471269835	9.999999999999999E-6
0.5654761904761904	-1.27	0	0	0	0	0	0	-5864.4940782772765	0.2753714523561907	9.999999999999999E-6
0.5803571428571429	-1.3	0	0	0	0	0	0	-5794.451166014425	0.27621190905322157	1.0E-5
0.580357142857143	-1.2850000000000001	0	0	0	0	0	0	-5838.229016374966	0.27568621652316266	1.0E-5
0.4017857142857143	-1.09	0	0	0	0	0	0	-5932.181406072912	0.27456248200858363	1.0E-5
0.4166666666666667	-1.105	0	0	0	0	0	0	-5947.433276388616	0.2743806396912727	9.999999999999999E-6
0.43154761904761907	-1.12	0	0	0	0	0	0	-5959.141709203591	0.2742411553110178	1.0E-5
0.4464285714285715	-1.1349999999999998	0	0	0	0	0	0	-5967.29072883843	0.2741441317294646	9.999999999999999E-6
0.46130952380952384	-1.1500000000000004	0	0	0	0	0	0	-5971.870940275333	0.2740896195230473	1.0000000000000003E-5
0.47619047619047633	-1.1650000000000003	0	0	0	0	0	0	-5972.878708982637	0.2740776273701021	1.0E-5
0.49107142857142866	-1.18	0	0	0	0	0	0	-5970.315326330878	0.2741081322812145	1.0E-5
0.505952380952381	-1.1949999999999998	0	0	0	0	0	0	-5964.186173074977	0.2741810895682383	1.0E-5
0.5208333333333333	-1.2100000000000004	0	0	0	0	0	0	-5954.499893678306	0.2742964424446111	1.0000000000000003E-5
0.5357142857142859	-1.2250000000000003	0	0	0	0	0	0	-5941.267594267876	0.27445413114819384	1.0E-5
0.5505952380952384	-1.2400000000000004	0	0	0	0	0	0	-5924.502077127578	0.2746541014733235	1.0E-5
0.5654761904761905	-1.255	0	0	0	0	0	0	-5904.217123359914	0.27489631260907593	9.999999999999999E-6
0.580357142857143	-1.2699999999999998	0	0	0	0	0	0	-5880.4268390499565	0.27518074412996313	1.0E-5
0.5952380952380952	-1.3	0	0	0	0	0	0	-5808.488638334308	0.2760432017407462	1.0E-5
0.5952380952380952	-1.2850000000000004	0	0	0	0	0	0	-5853.145062528878	0.27550740218931974	1.0E-5
0.41666666666666674	-1.0899999999999999	0	0	0	0	0	0	-5959.400529283899	0.2742380730368314	1.0000000000000003E-5
0.43154761904761907	-1.105	0	0	0	0	0	0	-5973.873947393324	0.27406578502759715	1.0E-5
0.4464285714285715	-1.12	0	0	0	0	0	0	-5984.754241415164	0.2739363660404253	1.0000000000000003E-5
0.46130952380952384	-1.135	0	0	0	0	0	0	-5992.0319292204695	0.2738498460858027	1.0E-5
0.47619047619047633	-1.1500000000000004	0	0	0	0	0	0	-5995.703712940556	0.2738062087427864	1.0E-5
0.49107142857142866	-1.1650000000000005	0	0	0	0	0	0	-5995.771631608219	0.27380540165283074	1.0E-5
0.5059523809523812	-1.1799999999999997	0	0	0	0	0	0	-5992.242207158586	0.27384734677812095	1.0E-5
0.5208333333333333	-1.1949999999999998	0	0	0	0	0	0	-5985.125596817582	0.2739319503168821	1.0E-5
0.5357142857142857	-1.2100000000000002	0	0	0	0	0	0	-5974.434765002311	0.2740591121665434	1.0E-5
0.5505952380952381	-1.225	0	0	0	0	0	0	-5960.184687659125	0.27422873482556487	1.0000000000000003E-5
0.5654761904761904	-1.2400000000000004	0	0	0	0	0	0	-5942.391601901141	0.2744407316212012	9.999999999999999E-6
0.5803571428571429	-1.2550000000000001	0	0	0	0	0	0	-5921.07231224168	0.2746950341631387	1.0E-5
0.5952380952380953	-1.2699999999999996	0	0	0	0	0	0	-5896.243568587149	0.2749915988693008	1.0E-5
0.6101190476190477	-1.3	0	0	0	0	0	0	-5822.384900774621	0.27587632411287716	1.0E-5
0.6101190476190477	-1.2850000000000004	0	0	0	0	0	0	-5867.921511798864	0.2753304126324439	1.0E-5
0.4315476190476192	-1.0899999999999999	0	0	0	0	0	0	-5987.031415719338	0.2739092900856958	1.0E-5
0.4464285714285715	-1.105	0	0	0	0	0	0	-6000.656569947978	0.2737473616134405	1.0E-5
0.46130952380952384	-1.1200000000000003	0	0	0	0	0	0	-6010.6436088067	0.27362875403605724	1.0E-5
0.4761904761904765	-1.1350000000000005	0	0	0	0	0	0	-6016.9894814653	0.2735534263165777	1.0E-5
0.4910714285714286	-1.1500000000000004	0	0	0	0	0	0	-6019.696900026015	0.27352129703195616	1.0E-5
0.5059523809523812	-1.1650000000000005	0	0	0	0	0	0	-6018.773468810665	0.2735322549229286	1.0E-5
0.5208333333333333	-1.1800000000000002	0	0	0	0	0	0	-6014.2308152227	0.2735861691278195	1.0000000000000003E-5
0.5357142857142855	-1.1949999999999998	0	0	0	0	0	0	-6006.083735615255	0.2736828989910178	1.0E-5
0.5505952380952381	-1.2100000000000002	0	0	0	0	0	0	-5994.349369478692	0.2738223033365449	1.0E-5
0.5654761904761904	-1.225	0	0	0	0	0	0	-5979.046414846297	0.27400424909842114	1.0E-5
0.580357142857143	-1.24	0	0	0	0	0	0	-5960.194397572707	0.27422861919701463	1.0E-5
0.5952380952380953	-1.2550000000000001	0	0	0	0	0	0	-5937.813005286292	0.274495319565603	9.999999999999999E-6
0.6101190476190476	-1.2699999999999998	0	0	0	0	0	0	-5911.921500872579	0.27480428517465244	1.0E-5
0.625	-1.3	0	0	0	0	0	0	-5836.121258578161	0.27571149677764495	1.0E-5
0.625	-1.2850000000000004	0	0	0	0	0	0	-5882.53820932426	0.27515548514259275	1.0E-5
0.4464285714285715	-1.09	0	0	0	0	0	0	-6015.02205020912	0.2735767773483567	1.0E-5
0.46130952380952384	-1.1050000000000002	0	0	0	0	0	0	-6027.731274778204	0.27342598279523217	1.0E-5
0.4761904761904763	-1.1199999999999999	0	0	0	0	0	0	-6036.762217438886	0.2733189008946154	1.0E-5
0.4910714285714286	-1.1350000000000002	0	0	0	0	0	0	-6042.11817571846	0.27325542159973204	1.0E-5
0.5059523809523812	-1.1500000000000001	0	0	0	0	0	0	-6043.807764782581	0.27323540069125946	1.0E-5
0.5208333333333335	-1.1650000000000003	0	0	0	0	0	0	-6041.844027509362	0.2732586703312057	1.0E-5
0.5357142857142858	-1.18	0	0	0	0	0	0	-6036.243554720534	0.27332504921917544	1.0E-5
0.550595238095238	-1.1950000000000003	0	0	0	0	0	0	-6027.0256292434815	0.27343435224127405	1.0E-5
0.5654761904761907	-1.2099999999999997	0	0	0	0	0	0	-6014.211407142615	0.27358639950291314	1.0E-5
0.580357142857143	-1.2250000000000003	0	0	0	0	0	0	-5997.823148827081	0.2737810246394307	1.0E-5
0.5952380952380951	-1.24	0	0	0	0	0	0	-5977.883512324171	0.2740180822968864	1.0000000000000003E-5
0.6101190476190476	-1.255	0	0	0	0	0	0	-5954.414918870538	0.27429745469284017	1.0000000000000003E-5
0.6250000000000001	-1.27	0	0	0	0	0	0	-5927.4390052467625	0.2746190571068573	1.0000000000000003E-5
0.6398809523809524	-1.3	0	0	0	0	0	0	-5849.680153485832	0.27554892603490483	1.0E-5
0.6398809523809524	-1.2850000000000004	0	0	0	0	0	0	-5896.976154547521	0.2749828424113081	1.0E-5
0.4464285714285716	-1.0750000000000006	0	0	0	0	0	0	-6027.87504754321	0.27342427759392285	1.0000000000000003E-5
0.46130952380952367	-1.09	0	0	0	0	0	0	-6043.320305131934	0.27324117667046416	1.0000000000000003E-5
0.4761904761904763	-1.1049999999999998	0	0	0	0	0	0	-6055.0482718768335	0.27310225744854566	1.0E-5
0.4910714285714286	-1.12	0	0	0	0	0	0	-6063.062730154619	0.2730073818293847	1.0E-5
0.5059523809523812	-1.1350000000000002	0	0	0	0	0	0	-6067.373221517292	0.2729563730250823	9.999999999999999E-6
0.5208333333333335	-1.1500000000000001	0	0	0	0	0	0	-6067.99413706337	0.2729490264320686	1.0E-5
0.5357142857142858	-1.1650000000000003	0	0	0	0	0	0	-6064.943812728776	0.27298512013604836	1.0000000000000003E-5
0.5505952380952381	-1.18	0	0	0	0	0	0	-6058.243643594996	0.27306442493764255	1.0E-5
0.5654761904761904	-1.1949999999999998	0	0	0	0	0	0	-6047.917230964886	0.27318671378979603	1.0E-5
0.580357142857143	-1.2100000000000004	0	0	0	0	0	0	-6033.989575402332	0.27335177054034965	9.999999999999999E-6
0.5952380952380953	-1.225	0	0	0	0	0	0	-6016.486328089521	0.2735593978771571	1.0E-5
0.6101190476190477	-1.2400000000000002	0	0	0	0	0	0	-5995.433112273752	0.2738094243724877	1.0E-5
0.6249999999999999	-1.255	0	0	0	0	0	0	-5970.854924163747	0.2741017105432726	1.0E-5
0.6398809523809524	-1.2700000000000002	0	0	0	0	0	0	-5942.775627157322	0.27443615378009556	1.0E-5
0.6547619047619048	-1.3	0	0	0	0	0	0	-5863.045184756143	0.2753888036950307	1.0E-5
0.6547619047619048	-1.2850000000000004	0	0	0	0	0	0	-5911.2175287987175	0.27481269227873095	1.0E-5
0.46130952380952395	-1.0750000000000006	0	0	0	0	0	0	-6057.436135394249	0.27307398496977836	1.0E-5
0.4761904761904763	-1.0900000000000003	0	0	0	0	0	0	-6071.874105276663	0.27290312541276784	1.0E-5
0.4910714285714284	-1.105	0	0	0	0	0	0	-6082.558009225638	0.2727767879681505	1.0E-5
0.5059523809523812	-1.1199999999999999	0	0	0	0	0	0	-6089.498217842529	0.2726947637965222	1.0E-5
0.5208333333333335	-1.1350000000000002	0	0	0	0	0	0	-6092.710390402291	0.27265681186412943	1.0E-5
0.5357142857142859	-1.15	0	0	0	0	0	0	-6092.2145462248545	0.27266266979557635	1.0E-5
0.5505952380952381	-1.1650000000000003	0	0	0	0	0	0	-6088.0341498721955	0.27271206427636724	1.0E-5
0.5654761904761906	-1.1799999999999997	0	0	0	0	0	0	-6080.195224406543	0.27280472089520424	1.0E-5
0.5803571428571427	-1.1949999999999998	0	0	0	0	0	0	-6068.725506365885	0.2729403733192233	1.0000000000000003E-5
0.5952380952380953	-1.21	0	0	0	0	0	0	-6053.653655345334	0.2731187716989554	1.0E-5
0.6101190476190477	-1.225	0	0	0	0	0	0	-6035.008530027483	0.2733396902050619	1.0E-5
0.625	-1.24	0	0	0	0	0	0	-6012.818541774101	0.2736029335990711	9.999999999999999E-6
0.6398809523809522	-1.255	0	0	0	0	0	0	-5987.111094215812	0.2739083427624868	1.0000000000000003E-5
0.6547619047619048	-1.2699999999999998	0	0	0	0	0	0	-5957.912122081526	0.27425579904109354	1.0E-5
0.6696428571428572	-1.3000000000000003	0	0	0	0	0	0	-5876.201123752219	0.2752313069765275	1.0E-5
0.6696428571428572	-1.2850000000000004	0	0	0	0	0	0	-5925.245716240909	0.2746452275627708	1.0E-5
0.4910714285714286	-1.09	0	0	0	0	0	0	-6100.63159384092	0.27256325433889356	9.999999999999999E-6
0.5059523809523812	-1.1049999999999998	0	0	0	0	0	0	-6110.211331403479	0.27245016829623475	1.0E-5
0.5208333333333335	-1.1199999999999997	0	0	0	0	0	0	-6116.022309384106	0.2723816036713135	9.999999999999999E-6
0.5357142857142858	-1.1350000000000007	0	0	0	0	0	0	-6118.08615608156	0.2723572579002967	1.0000000000000003E-5
0.5505952380952381	-1.1500000000000001	0	0	0	0	0	0	-6116.428350543457	0.27237681364141714	1.0E-5
0.5654761904761906	-1.1650000000000005	0	0	0	0	0	0	-6111.077302584458	0.27243994902156954	9.999999999999999E-6
0.5803571428571428	-1.1799999999999997	0	0	0	0	0	0	-6102.063469993185	0.2725463472433576	1.0E-5
0.5952380952380952	-1.1950000000000003	0	0	0	0	0	0	-6089.4185263185245	0.27269570544915583	1.0E-5
0.6101190476190477	-1.2100000000000002	0	0	0	0	0	0	-6073.174591654264	0.27288774274356004	9.999999999999999E-6
0.625	-1.225	0	0	0	0	0	0	-6053.363537605963	0.2731222072820579	1.0E-5
0.6398809523809524	-1.2400000000000002	0	0	0	0	0	0	-6030.016376761446	0.27339888233463017	1.0E-5
0.6547619047619047	-1.2550000000000001	0	0	0	0	0	0	-6003.162744062726	0.27371759125738643	1.0E-5
0.6696428571428573	-1.2700000000000002	0	0	0	0	0	0	-5972.830482600305	0.27407820123361915	1.0E-5
0.6845238095238095	-1.3000000000000003	0	0	0	0	0	0	-5889.133922252018	0.27507659847974497	1.0E-5
0.6845238095238094	-1.2850000000000001	0	0	0	0	0	0	-5939.0453182691335	0.2744806259681534	1.0E-5
0.5059523809523812	-1.0900000000000003	0	0	0	0	0	0	-6129.54129870919	0.2722221855402116	1.0E-5
0.5208333333333335	-1.1049999999999998	0	0	0	0	0	0	-6137.959637207118	0.27212298200016327	1.0E-5
0.5357142857142858	-1.12	0	0	0	0	0	0	-6142.589339418056	0.27206844648500933	1.0E-5
0.5505952380952379	-1.1350000000000002	0	0	0	0	0	0	-6143.457831311362	0.2720582178293006	9.999999999999999E-6
0.5654761904761904	-1.1500000000000001	0	0	0	0	0	0	-6140.59586236075	0.27209192671441845	1.0E-5
0.5803571428571428	-1.1650000000000005	0	0	0	0	0	0	-6134.036585484832	0.2721692057060636	1.0E-5
0.5952380952380951	-1.1800000000000002	0	0	0	0	0	0	-6123.8146832839375	0.2722896985754089	1.0E-5
0.6101190476190477	-1.1949999999999998	0	0	0	0	0	0	-6109.965553529726	0.2724530688050746	1.0E-5
0.625	-1.2099999999999995	0	0	0	0	0	0	-6092.52456570204	0.2726590071870071	9.999999999999999E-6
0.6398809523809523	-1.225	0	0	0	0	0	0	-6071.5263989593595	0.27290723842688547	1.0E-5
0.6547619047619047	-1.2400000000000004	0	0	0	0	0	0	-6047.0044709563435	0.2731975266711151	1.0E-5
0.6696428571428571	-1.2550000000000001	0	0	0	0	0	0	-6018.990463767792	0.2735296798990244	1.0E-5
0.6845238095238096	-1.2700000000000005	0	0	0	0	0	0	-5987.513958656522	0.273903553046683	1.0000000000000003E-5
0.6994047619047619	-1.3	0	0	0	0	0	0	-5901.830714680299	0.27492482623341324	1.0E-5
0.6994047619047619	-1.2850000000000006	0	0	0	0	0	0	-5952.602161503366	0.2743190500726394	1.0E-5
0.5208333333333335	-1.0900000000000003	0	0	0	0	0	0	-6158.552298098174	0.27188053040984383	1.0000000000000003E-5
0.5357142857142856	-1.105	0	0	0	0	0	0	-6165.75503537254	0.27179580041107004	1.0E-5
0.5505952380952381	-1.12	0	0	0	0	0	0	-6169.1544930335585	0.2717558237326263	1.0000000000000003E-5
0.5654761904761902	-1.135	0	0	0	0	0	0	-6168.783700650178	0.27176018373898814	1.0E-5
0.580357142857143	-1.1499999999999997	0	0	0	0	0	0	-6164.678468179972	0.2718084622976513	1.0E-5
0.5952380952380953	-1.165	0	0	0	0	0	0	-6156.876471075132	0.27190024955520875	9.999999999999999E-6
0.6101190476190477	-1.18	0	0	0	0	0	0	-6145.416390666589	0.2720351529236736	1.0E-5
0.625	-1.1950000000000003	0	0	0	0	0	0	-6130.337122185607	0.2722128051839521	1.0000000000000003E-5
0.6398809523809523	-1.2100000000000002	0	0	0	0	0	0	-6111.67706144761	0.272432871620266	1.0E-5
0.6547619047619049	-1.2249999999999999	0	0	0	0	0	0	-6089.473479662365	0.2726950561078287	1.0E-5
0.6696428571428571	-1.2400000000000004	0	0	0	0	0	0	-6063.761994774345	0.2729991060779174	1.0E-5
0.6845238095238094	-1.255	0	0	0	0	0	0	-6034.576144372962	0.2733448163130831	1.0E-5
0.6994047619047618	-1.2699999999999996	0	0	0	0	0	0	-6001.947071081947	0.27373203144427216	1.0000000000000003E-5
0.7142857142857142	-1.3	0	0	0	0	0	0	-5914.279814499978	0.2747761238103081	1.0E-5
0.7142857142857141	-1.2850000000000008	0	0	0	0	0	0	-5965.9032995605885	0.274160647387228	1.0E-5
0.5357142857142856	-1.0899999999999994	0	0	0	0	0	0	-6187.614384610274	0.27153888767783313	1.0E-5
0.5505952380952379	-1.105	0	0	0	0	0	0	-6193.550497455082	0.2714691808343921	1.0E-5
0.5654761904761905	-1.1199999999999999	0	0	0	0	0	0	-6195.673946491981	0.2714442517617555	9.999999999999999E-6
0.5803571428571427	-1.135	0	0	0	0	0	0	-6194.023148248291	0.27146363167749643	1.0E-5
0.5952380952380951	-1.15	0	0	0	0	0	0	-6188.638742956289	0.2715268569593569	1.0E-5
0.6101190476190477	-1.1650000000000003	0	0	0	0	0	0	-6179.562690160731	0.27163347860894105	1.0E-5
0.625	-1.18	0	0	0	0	0	0	-6166.837428354441	0.2717830708564309	1.0000000000000003E-5
0.639880952380952	-1.1949999999999998	0	0	0	0	0	0	-6150.505110250214	0.2719752388200151	1.0E-5
0.6547619047619047	-1.2100000000000002	0	0	0	0	0	0	-6130.606923811305	0.27220962514145647	1.0000000000000003E-5
0.6696428571428572	-1.225	0	0	0	0	0	0	-6107.182507472826	0.2724859155285267	1.0E-5
0.6845238095238095	-1.2400000000000004	0	0	0	0	0	0	-6080.269466864323	0.2728038431371141	1.0E-5
0.6994047619047618	-1.255	0	0	0	0	0	0	-6049.902996790854	0.273163191756328	9.999999999999999E-6
0.7142857142857142	-1.2699999999999998	0	0	0	0	0	0	-6016.115618527498	0.27356379767389594	1.0E-5
0.7291666666666667	-1.3	0	0	0	0	0	0	-5926.470705036013	0.27463061050800075	1.0000000000000003E-5
0.7291666666666666	-1.2850000000000001	0	0	0	0	0	0	-5978.937008832944	0.27400555048672476	1.0E-5
0.5505952380952381	-1.0900000000000003	0	0	0	0	0	0	-6216.6782266983755	0.2711978415193414	1.0E-5
0.5654761904761907	-1.105	0	0	0	0	0	0	-6221.3000069079235	0.27114366484312824	1.0E-5
0.5803571428571428	-1.1199999999999997	0	0	0	0	0	0	-6222.105003075502	0.2711342302519537	1.0E-5
0.5952380952380953	-1.1349999999999998	0	0	0	0	0	0	-6219.136779849887	0.2711690203180031	1.0E-5
0.6101190476190477	-1.1500000000000004	0	0	0	0	0	0	-6212.440557852757	0.2712475294006398	1.0000000000000003E-5
0.6250000000000001	-1.165	0	0	0	0	0	0	-6202.062325163839	0.2713692727485565	1.0E-5
0.6398809523809526	-1.18	0	0	0	0	0	0	-6188.048021247512	0.27153379467868977	1.0E-5
0.6547619047619047	-1.1950000000000003	0	0	0	0	0	0	-6170.4428040357625	0.27174067575330574	1.0E-5
0.6696428571428573	-1.2100000000000004	0	0	0	0	0	0	-6149.2904092697245	0.27198953888507216	9.999999999999999E-6
0.6845238095238095	-1.2250000000000005	0	0	0	0	0	0	-6124.632609407832	0.2722800543098748	1.0E-5
0.699404761904762	-1.2400000000000002	0	0	0	0	0	0	-6096.508778251872	0.27261194336926653	1.0E-5
0.7142857142857141	-1.255	0	0	0	0	0	0	-6064.95556372278	0.27298498107674996	1.0E-5
0.7291666666666665	-1.2699999999999998	0	0	0	0	0	0	-6030.006677979102	0.27339899735071904	1.0E-5
0.7440476190476191	-1.3	0	0	0	0	0	0	-5938.394025036319	0.2744883915903463	1.0E-5
0.744047619047619	-1.2850000000000001	0	0	0	0	0	0	-5991.692778536958	0.2738538772066755	1.0E-5
0.5654761904761904	-1.09	0	0	0	0	0	0	-6245.6955265185	0.27085795974744764	9.999999999999999E-6
0.5803571428571429	-1.1049999999999998	0	0	0	0	0	0	-6248.958703390471	0.2708197766641605	1.0E-5
0.595238095238095	-1.12	0	0	0	0	0	0	-6248.406223171049	0.27082624079371154	1.0000000000000003E-5
0.6101190476190477	-1.135	0	0	0	0	0	0	-6244.086538210712	0.2708767897276467	1.0E-5
0.6250000000000001	-1.1500000000000004	0	0	0	0	0	0	-6236.049180773355	0.2709708794100539	1.0E-5
0.6398809523809524	-1.165	0	0	0	0	0	0	-6224.343895758756	0.27110799283130527	1.0E-5
0.6547619047619048	-1.18	0	0	0	0	0	0	-6209.019853842082	0.2712876477399743	1.0E-5
0.6696428571428568	-1.195	0	0	0	0	0	0	-6190.124954724332	0.27150940330285095	1.0E-5
0.6845238095238095	-1.2100000000000004	0	0	0	0	0	0	-6167.705228475091	0.2717728656518804	9.999999999999999E-6
0.6994047619047619	-1.2249999999999999	0	0	0	0	0	0	-6141.804341077997	0.27207769226725526	1.0E-5
0.7142857142857141	-1.24	0	0	0	0	0	0	-6112.463209124855	0.2724235951478981	1.0E-5
0.7291666666666666	-1.2550000000000001	0	0	0	0	0	0	-6079.719724741391	0.272810342754538	1.0E-5
0.7440476190476191	-1.2699999999999996	0	0	0	0	0	0	-6043.60859908571	0.2732377606136052	1.0E-5
0.7589285714285715	-1.3	0	0	0	0	0	0	-5950.04154930119	0.27434955858512255	1.0E-5
0.7589285714285716	-1.2850000000000004	0	0	0	0	0	0	-6004.161295333283	0.2737057309023425	1.0E-5
0.580357142857143	-1.09	0	0	0	0	0	0	-6274.619173131945	0.27051979210168625	1.0E-5
0.5952380952380951	-1.105	0	0	0	0	0	0	-6276.483021342941	0.2704980216673964	1.0E-5
0.6101190476190477	-1.12	0	0	0	0	0	0	-6274.5375477200105	0.27052074557529754	1.0000000000000003E-5
0.625	-1.1349999999999998	0	0	0	0	0	0	-6268.835811171375	0.2705873602474102	1.0E-5
0.6398809523809523	-1.1500000000000004	0	0	0	0	0	0	-6259.4313690338095	0.2706972869303561	1.0000000000000003E-5
0.6547619047619047	-1.1650000000000005	0	0	0	0	0	0	-6246.377436317035	0.2708499799365801	9.999999999999999E-6
0.6696428571428571	-1.1800000000000002	0	0	0	0	0	0	-6229.726132806721	0.27104493385145895	1.0E-5
0.6845238095238093	-1.1950000000000003	0	0	0	0	0	0	-6209.527826588353	0.27128168964539257	1.0E-5
0.6994047619047619	-1.2100000000000002	0	0	0	0	0	0	-6185.8305807708675	0.27155983963917196	9.999999999999999E-6
0.7142857142857142	-1.225	0	0	0	0	0	0	-6158.679708268707	0.27187903128161195	1.0000000000000003E-5
0.7291666666666669	-1.2400000000000002	0	0	0	0	0	0	-6128.1174383565985	0.2722389697001375	1.0E-5
0.744047619047619	-1.255	0	0	0	0	0	0	-6094.182694727119	0.2726394190205026	1.0E-5
0.7589285714285717	-1.2699999999999998	0	0	0	0	0	0	-6056.9109925674475	0.27308020234898966	1.0E-5
0.7738095238095238	-1.3	0	0	0	0	0	0	-5961.406164735436	0.27421418963304606	1.0E-5
0.773809523809524	-1.2850000000000008	0	0	0	0	0	0	-6016.334422846179	0.27356120076513296	1.0E-5
0.5952380952380951	-1.0899999999999996	0	0	0	0	0	0	-6303.403390016826	0.2701838686428936	1.0E-5
0.6101190476190476	-1.1049999999999998	0	0	0	0	0	0	-6303.83082188079	0.2701788849667886	1.0E-5
0.625	-1.1199999999999997	0	0	0	0	0	0	-6300.460414198371	0.27021818618497345	1.0E-5
0.6398809523809524	-1.135	0	0	0	0	0	0	-6293.3495316742465	0.27030113148888857	1.0E-5
0.6547619047619048	-1.1500000000000004	0	0	0	0	0	0	-6282.555453589436	0.2704271112417929	9.999999999999999E-6
0.6696428571428571	-1.1650000000000005	0	0	0	0	0	0	-6268.134564716643	0.2705955547265527	1.0000000000000003E-5
0.6845238095238095	-1.18	0	0	0	0	0	0	-6250.141640912792	0.27080593681387877	1.0E-5
0.6994047619047619	-1.1949999999999998	0	0	0	0	0	0	-6228.62923672779	0.27105778349977144	1.0E-5
0.7142857142857142	-1.2100000000000002	0	0	0	0	0	0	-6203.647180544162	0.27135067627024234	1.0E-5
0.7291666666666667	-1.225	0	0	0	0	0	0	-6175.242180821154	0.2716842552621741	1.0E-5
0.7440476190476191	-1.2400000000000002	0	0	0	0	0	0	-6143.457545918979	0.272058221190417	1.0E-5
0.7589285714285714	-1.255	0	0	0	0	0	0	-6108.333015895326	0.2724723360480878	1.0E-5
0.7738095238095237	-1.2700000000000002	0	0	0	0	0	0	-6069.904713008752	0.2729264224781542	9.999999999999999E-6
0.7886904761904762	-1.2999999999999998	0	0	0	0	0	0	-5972.48184219559	0.27408234988326224	1.0E-5
0.7886904761904765	-1.2850000000000004	0	0	0	0	0	0	-6028.205176437855	0.27342036219167465	1.0E-5
0.6101190476190476	-1.09	0	0	0	0	0	0	-6332.003875861308	0.26985069826422314	9.999999999999999E-6
0.6250000000000001	-1.1050000000000002	0	0	0	0	0	0	-6330.961517093463	0.2698628301414696	1.0E-5
0.6398809523809524	-1.1199999999999999	0	0	0	0	0	0	-6326.137864338099	0.2699189825351761	1.0E-5
0.6547619047619048	-1.1350000000000005	0	0	0	0	0	0	-6317.594269070485	0.27001848145291135	1.0E-5
0.6696428571428571	-1.1500000000000004	0	0	0	0	0	0	-6305.391414306383	0.27016069026531603	1.0E-5
0.6845238095238095	-1.1650000000000005	0	0	0	0	0	0	-6289.588542141253	0.2703450169231624	1.0E-5
0.6994047619047619	-1.1799999999999997	0	0	0	0	0	0	-6270.242782081845	0.27057092005672406	9.999999999999999E-6
0.714285714285714	-1.1950000000000003	0	0	0	0	0	0	-6247.408586215107	0.27083791391620704	1.0000000000000003E-5
0.7291666666666665	-1.2100000000000004	0	0	0	0	0	0	-6221.137275424414	0.271145572121218	1.0E-5
0.7440476190476193	-1.225	0	0	0	0	0	0	-6191.47669892834	0.2714935301979761	1.0000000000000003E-5
0.7589285714285718	-1.2400000000000002	0	0	0	0	0	0	-6158.471008391625	0.27188148688356933	1.0E-5
0.7738095238095241	-1.255	0	0	0	0	0	0	-6122.1605436950185	0.27230920421469496	1.0E-5
0.7886904761904764	-1.2699999999999996	0	0	0	0	0	0	-6082.581836374372	0.27277650630318917	1.0E-5
0.8035714285714286	-1.3	0	0	0	0	0	0	-5983.263604518221	0.27395409193032766	1.0000000000000003E-5
0.8035714285714286	-1.2850000000000001	0	0	0	0	0	0	-6039.767693613767	0.2732832772005812	1.0E-5
0.625	-1.0900000000000003	0	0	0	0	0	0	-6360.377937637455	0.26952076732735136	1.0000000000000003E-5
0.6398809523809524	-1.1049999999999998	0	0	0	0	0	0	-6357.83618587621	0.26955029808430647	1.0E-5
0.6547619047619048	-1.1199999999999999	0	0	0	0	0	0	-6351.534642859031	0.26962353191427074	1.0E-5
0.6696428571428572	-1.135	0	0	0	0	0	0	-6341.538311132095	0.2697397657739755	1.0E-5
0.6845238095238095	-1.1500000000000004	0	0	0	0	0	0	-6327.910945837714	0.2698983399881148	1.0000000000000003E-5
0.6994047619047618	-1.1650000000000005	0	0	0	0	0	0	-6310.714323574193	0.2700986449023799	1.0E-5
0.7142857142857141	-1.18	0	0	0	0	0	0	-6290.007617389885	0.2703401263883129	1.0E-5
0.7291666666666665	-1.1949999999999998	0	0	0	0	0	0	-6265.846882613457	0.2706222901688779	1.0E-5
0.7440476190476188	-1.21	0	0	0	0	0	0	-6238.284656406408	0.2709447049426091	9.999999999999999E-6
0.7589285714285717	-1.2250000000000003	0	0	0	0	0	0	-6207.3696720218995	0.27130700429469534	1.0E-5
0.7738095238095241	-1.2400000000000004	0	0	0	0	0	0	-6173.146687824346	0.27170888738317023	1.0E-5
0.788690476190476	-1.255	0	0	0	0	0	0	-6135.6564268998745	0.27215011842767134	1.0E-5
0.8035714285714284	-1.2699999999999998	0	0	0	0	0	0	-6094.935632614213	0.2726305249066951	1.0000000000000003E-5
0.8184523809523809	-1.3	0	0	0	0	0	0	-5993.747491124782	0.27382945628767813	9.999999999999999E-6
0.8184523809523809	-1.2850000000000004	0	0	0	0	0	0	-6051.017200451613	0.2731499948918451	1.0E-5
0.6398809523809523	-1.0899999999999999	0	0	0	0	0	0	-6388.484614996666	0.26919453843193447	1.0E-5
0.6547619047619047	-1.105	0	0	0	0	0	0	-6384.41768048137	0.26924170598415165	1.0E-5
0.6696428571428571	-1.1199999999999999	0	0	0	0	0	0	-6376.617286549842	0.2693322081704157	1.0E-5
0.6845238095238094	-1.1350000000000005	0	0	0	0	0	0	-6365.151736261542	0.2694653170933768	1.0E-5
0.6994047619047619	-1.1500000000000004	0	0	0	0	0	0	-6350.08751374753	0.2696403540128138	1.0000000000000003E-5
0.7142857142857142	-1.165	0	0	0	0	0	0	-6331.488598773691	0.26985669540569246	1.0000000000000003E-5
0.7291666666666667	-1.18	0	0	0	0	0	0	-6309.415891948524	0.27011377785543017	1.0E-5
0.7440476190476188	-1.1950000000000003	0	0	0	0	0	0	-6283.926753908151	0.27041110174940614	1.0E-5
0.7589285714285714	-1.21	0	0	0	0	0	0	-6255.074660042596	0.2707482337722754	9.999999999999999E-6
0.7738095238095237	-1.225	0	0	0	0	0	0	-6222.9089704829985	0.2711248081927665	1.0E-5
0.7886904761904763	-1.2400000000000002	0	0	0	0	0	0	-6187.474814256693	0.27154052694053676	9.999999999999999E-6
0.8035714285714284	-1.2550000000000001	0	0	0	0	0	0	-6148.813082247799	0.2719951585100159	1.0E-5
0.8184523809523804	-1.2699999999999998	0	0	0	0	0	0	-6106.96053374689	0.2724885356001016	9.999999999999999E-6
0.8333333333333335	-1.3000000000000003	0	0	0	0	0	0	-6003.93051960349	0.27370847189259667	1.0E-5
0.8333333333333337	-1.2850000000000001	0	0	0	0	0	0	-6061.949974458604	0.27302055194374925	1.0E-5
0.6547619047619049	-1.09	0	0	0	0	0	0	-6416.2847950840005	0.268872449325303	1.0E-5
0.6696428571428571	-1.1049999999999998	0	0	0	0	0	0	-6410.670723045909	0.26893744644694445	1.0E-5
0.6845238095238094	-1.12	0	0	0	0	0	0	-6401.354203116898	0.269045361030952	1.0000000000000003E-5
0.6994047619047618	-1.1350000000000005	0	0	0	0	0	0	-6388.406475477061	0.26919544456282524	9.999999999999999E-6
0.7142857142857141	-1.1500000000000004	0	0	0	0	0	0	-6371.896400613624	0.2693870032306337	1.0E-5
0.7291666666666667	-1.1650000000000003	0	0	0	0	0	0	-6351.889823601791	0.2696194033677779	9.999999999999999E-6
0.7440476190476188	-1.18	0	0	0	0	0	0	-6328.449052663704	0.2698920757103476	9.999999999999999E-6
0.7589285714285712	-1.1949999999999998	0	0	0	0	0	0	-6301.632453965059	0.2702045184580824	1.0E-5
0.7738095238095237	-1.21	0	0	0	0	0	0	-6271.494162914331	0.270556299135855	1.0E-5
0.788690476190476	-1.2249999999999999	0	0	0	0	0	0	-6238.083910464635	0.27094705526221735	1.0E-5
0.8035714285714284	-1.2400000000000002	0	0	0	0	0	0	-6201.446962241046	0.2713764938294153	1.0E-5
0.8184523809523807	-1.2549999999999997	0	0	0	0	0	0	-6161.624164015615	0.2718443896406094	1.0000000000000003E-5
0.8333333333333334	-1.27	0	0	0	0	0	0	-6118.652097830272	0.27235058241536736	1.0E-5
0.8482142857142858	-1.3	0	0	0	0	0	0	-6013.810644669736	0.27359115663776296	1.0E-5
0.8482142857142857	-1.2850000000000004	0	0	0	0	0	0	-6072.563304269253	0.27289497314218936	9.999999999999999E-6
0.6696428571428572	-1.0900000000000003	0	0	0	0	0	0	-6443.741316940145	0.26855491195820375	1.0E-5
0.6845238095238094	-1.105	0	0	0	0	0	0	-6436.561991434715	0.26863788675963046	1.0000000000000003E-5
0.6994047619047618	-1.1199999999999999	0	0	0	0	0	0	-6425.715739309457	0.26876331555955485	1.0E-5
0.7142857142857142	-1.1350000000000005	0	0	0	0	0	0	-6411.2763638442175	0.2689304334792044	1.0E-5
0.7291666666666667	-1.1500000000000001	0	0	0	0	0	0	-6393.314741930763	0.2691385356177627	1.0E-5
0.7440476190476188	-1.165	0	0	0	0	0	0	-6371.898241666768	0.26938698185838256	1.0E-5
0.7589285714285714	-1.18	0	0	0	0	0	0	-6347.090256953424	0.2696752004821951	1.0E-5
0.7738095238095235	-1.195	0	0	0	0	0	0	-6318.949859701283	0.27000269058895177	1.0E-5
0.788690476190476	-1.2099999999999995	0	0	0	0	0	0	-6287.531568652557	0.27036902333011686	1.0E-5
0.8035714285714287	-1.225	0	0	0	0	0	0	-6252.885232162154	0.27077384196922627	1.0E-5
0.8184523809523809	-1.2400000000000002	0	0	0	0	0	0	-6215.056021753129	0.27121686078108126	1.0E-5
0.8333333333333333	-1.255	0	0	0	0	0	0	-6174.084528941102	0.2716978628435941	1.0E-5
0.8482142857142858	-1.2699999999999996	0	0	0	0	0	0	-6130.00696924139	0.27221669663476095	1.0E-5
0.8630952380952381	-1.3	0	0	0	0	0	0	-6023.386714903748	0.273477517924571	1.0E-5
0.863095238095238	-1.2850000000000008	0	0	0	0	0	0	-6082.85544659887	0.2727732719373473	9.999999999999999E-6
0.6696428571428572	-1.0750000000000006	0	0	0	0	0	0	-6475.872054518702	0.2681840385395672	1.0E-5
0.6845238095238093	-1.09	0	0	0	0	0	0	-6470.819064744608	0.26824231169114215	1.0E-5
0.6994047619047618	-1.1050000000000002	0	0	0	0	0	0	-6462.060193832786	0.2683433682996132	1.0000000000000003E-5
0.7142857142857141	-1.1199999999999997	0	0	0	0	0	0	-6449.674237927256	0.26848637175218437	1.0E-5
0.7291666666666667	-1.1350000000000005	0	0	0	0	0	0	-6433.737181122098	0.26867054505000265	9.999999999999999E-6
0.7440476190476188	-1.1500000000000001	0	0	0	0	0	0	-6414.32155173086	0.26889517615315006	1.0E-5
0.7589285714285717	-1.165	0	0	0	0	0	0	-6391.495896326455	0.26915962213549915	1.0000000000000003E-5
0.7738095238095241	-1.18	0	0	0	0	0	0	-6365.324372584864	0.26946331214886204	1.0E-5
0.7886904761904758	-1.1949999999999998	0	0	0	0	0	0	-6335.8664602219405	0.26980574920422495	1.0E-5
0.8035714285714286	-1.2100000000000004	0	0	0	0	0	0	-6303.1767878354385	0.2701865107841875	1.0E-5
0.818452380952381	-1.225	0	0	0	0	0	0	-6267.305071913405	0.27060524830901955	1.0E-5
0.8333333333333334	-1.2400000000000004	0	0	0	0	0	0	-6228.296163906012	0.27106168547432463	9.999999999999999E-6
0.8482142857142856	-1.255	0	0	0	0	0	0	-6186.190196924799	0.2715556155214054	9.999999999999999E-6
0.8630952380952379	-1.2699999999999998	0	0	0	0	0	0	-6141.022835697022	0.2720868973534178	1.0E-5
0.8779761904761906	-1.3	0	0	0	0	0	0	-6032.658427657778	0.27336755323354606	1.0E-5
0.8779761904761905	-1.2850000000000004	0	0	0	0	0	0	-6092.825580867018	0.2726554510227487	1.0E-5
0.6994047619047618	-1.0899999999999999	0	0	0	0	0	0	-6497.485049251493	0.26793500665454967	1.0E-5
0.7142857142857142	-1.1049999999999998	0	0	0	0	0	0	-6487.136131622605	0.26805420609116876	1.0E-5
0.7291666666666665	-1.1199999999999997	0	0	0	0	0	0	-6473.204083421115	0.26821480427165273	1.0E-5
0.7440476190476191	-1.1350000000000005	0	0	0	0	0	0	-6455.766681494041	0.26841601628782763	1.0000000000000003E-5
0.7589285714285718	-1.1500000000000001	0	0	0	0	0	0	-6434.897737931975	0.2686571268549334	1.0E-5
0.7738095238095241	-1.1650000000000005	0	0	0	0	0	0	-6410.666633187103	0.26893749380606424	1.0E-5
0.7886904761904764	-1.18	0	0	0	0	0	0	-6383.137968867577	0.2692565504048729	1.0E-5
0.8035714285714286	-1.1950000000000003	0	0	0	0	0	0	-6352.371338241305	0.26961380649288547	1.0E-5
0.8184523809523805	-1.2100000000000004	0	0	0	0	0	0	-6318.421211142336	0.2700088484931419	1.0E-5
0.8333333333333337	-1.2250000000000005	0	0	0	0	0	0	-6281.336928548977	0.27044133829941563	9.999999999999999E-6
0.8482142857142856	-1.2400000000000004	0	0	0	0	0	0	-6241.16280191051	0.27091101107461313	1.0E-5
0.8630952380952381	-1.2550000000000001	0	0	0	0	0	0	-6197.938307958867	0.2714176720258967	9.999999999999999E-6
0.8779761904761905	-1.2699999999999996	0	0	0	0	0	0	-6151.698382450622	0.27196119206940744	1.0E-5
0.8928571428571429	-1.3	0	0	0	0	0	0	-6041.626282515529	0.27326125070736873	1.0E-5
0.8928571428571428	-1.2850000000000001	0	0	0	0	0	0	-6102.473761900217	0.27254150293187	1.0E-5
0.6994047619047619	-1.0750000000000006	0	0	0	0	0	0	-6532.035814253948	0.26753763718988305	1.0000000000000003E-5
0.7142857142857142	-1.09	0	0	0	0	0	0	-6523.708476878361	0.2676333272646234	1.0E-5
0.7291666666666667	-1.105	0	0	0	0	0	0	-6511.762750194546	0.2677706885089465	1.0E-5
0.7440476190476188	-1.1199999999999997	0	0	0	0	0	0	-6496.281735906266	0.2679488623194194	9.999999999999999E-6
0.7589285714285717	-1.1350000000000005	0	0	0	0	0	0	-6477.344612356502	0.26816706003132	1.0000000000000003E-5
0.7738095238095237	-1.1500000000000001	0	0	0	0	0	0	-6455.026107523013	0.26842456693174926	1.0E-5
0.7886904761904764	-1.1650000000000005	0	0	0	0	0	0	-6429.396093316515	0.26872074508958343	1.0E-5
0.8035714285714286	-1.18	0	0	0	0	0	0	-6400.5192995117495	0.269055035020014	1.0E-5
0.8184523809523809	-1.1950000000000003	0	0	0	0	0	0	-6368.455144165968	0.2694269562078448	1.0E-5
0.8333333333333334	-1.2100000000000004	0	0	0	0	0	0	-6333.25767618958	0.2698361065180824	1.0E-5
0.848214285714286	-1.225	0	0	0	0	0	0	-6294.975624446507	0.27028216052908	1.0E-5
0.8630952380952384	-1.2400000000000002	0	0	0	0	0	0	-6253.652547745661	0.27076486681660955	1.0E-5
0.8779761904761905	-1.255	0	0	0	0	0	0	-6209.327075740197	0.27128404426199043	1.0E-5
0.8928571428571427	-1.2699999999999996	0	0	0	0	0	0	-6162.033244101005	0.2718395772961392	1.0E-5
0.9077380952380952	-1.3	0	0	0	0	0	0	-6050.2915336738815	0.2731585897422141	1.0E-5
0.9077380952380953	-1.2850000000000006	0	0	0	0	0	0	-6111.800871114655	0.27243141064762755	1.0000000000000003E-5
0.7291666666666666	-1.0899999999999996	0	0	0	0	0	0	-6549.4608060272885	0.26733757589528356	1.0E-5
0.744047619047619	-1.105	0	0	0	0	0	0	-6535.915177455549	0.26749307712737086	1.0E-5
0.7589285714285714	-1.1199999999999999	0	0	0	0	0	0	-6518.885753520712	0.26768876964203614	1.0E-5
0.7738095238095237	-1.1350000000000005	0	0	0	0	0	0	-6498.452722243573	0.26792386508873856	9.999999999999999E-6
0.7886904761904764	-1.1500000000000001	0	0	0	0	0	0	-6474.691361784393	0.2681976530442779	1.0E-5
0.8035714285714286	-1.1650000000000005	0	0	0	0	0	0	-6447.671697471227	0.2685095031793432	1.0E-5
0.8184523809523809	-1.1799999999999997	0	0	0	0	0	0	-6417.458277528088	0.2688588662828933	1.0E-5
0.8333333333333334	-1.1950000000000003	0	0	0	0	0	0	-6384.110063271361	0.2692452741755527	1.0E-5
0.848214285714286	-1.2100000000000002	0	0	0	0	0	0	-6347.680428513775	0.2696683385465191	9.999999999999999E-6
0.8630952380952384	-1.225	0	0	0	0	0	0	-6308.217261769831	0.27012774875438655	9.999999999999999E-6
0.8779761904761902	-1.2400000000000002	0	0	0	0	0	0	-6265.76316501843	0.2706232686241634	1.0E-5
0.8928571428571428	-1.2549999999999997	0	0	0	0	0	0	-6220.355738429421	0.27115473231833925	1.0E-5
0.9077380952380947	-1.2700000000000002	0	0	0	0	0	0	-6172.027954443786	0.2717220391920631	1.0E-5
0.9226190476190477	-1.3	0	0	0	0	0	0	-6058.656141601809	0.273059541583347	1.0E-5
0.922619047619048	-1.2850000000000006	0	0	0	0	0	0	-6120.8085665676845	0.27232514822028137	1.0000000000000003E-5
0.7440476190476191	-1.0899999999999999	0	0	0	0	0	0	-6574.715790343696	0.2670480267052809	9.999999999999999E-6
0.7589285714285714	-1.105	0	0	0	0	0	0	-6559.570749923112	0.26722160671347317	1.0E-5
0.7738095238095237	-1.1199999999999999	0	0	0	0	0	0	-6540.996803174278	0.26743472466851964	1.0E-5
0.7886904761904763	-1.1349999999999998	0	0	0	0	0	0	-6519.0747580674715	0.2676865964994917	1.0E-5
0.8035714285714284	-1.1500000000000004	0	0	0	0	0	0	-6493.880081834573	0.267976519671545	1.0E-5
0.8184523809523809	-1.165	0	0	0	0	0	0	-6465.482621713264	0.2683038746951996	1.0E-5
0.8333333333333337	-1.1799999999999997	0	0	0	0	0	0	-6433.946442607105	0.26866812552310676	1.0E-5
0.8482142857142857	-1.1949999999999998	0	0	0	0	0	0	-6399.329776450217	0.26906881887160794	1.0E-5
0.8630952380952384	-1.2100000000000002	0	0	0	0	0	0	-6361.6850772018615	0.26950558250664497	9.999999999999999E-6
0.8779761904761905	-1.2249999999999999	0	0	0	0	0	0	-6321.059174395025	0.269978122538675	1.0E-5
0.8928571428571428	-1.2400000000000002	0	0	0	0	0	0	-6277.493518501073	0.270486219761906	1.0E-5
0.9077380952380949	-1.255	0	0	0	0	0	0	-6231.02450701718	0.27102972511957646	1.0E-5
0.9226190476190477	-1.27	0	0	0	0	0	0	-6181.6838947880915	0.27160855420279667	1.0E-5
0.9375	-1.3	0	0	0	0	0	0	-6066.722724314033	0.27296406992115524	9.999999999999999E-6
0.9374999999999997	-1.2850000000000008	0	0	0	0	0	0	-6129.499232252263	0.27222268138951256	1.0E-5
0.7589285714285717	-1.09	0	0	0	0	0	0	-6599.449508750201	0.2667649256180909	9.999999999999999E-6
0.7738095238095237	-1.1049999999999998	0	0	0	0	0	0	-6582.709026415395	0.26695648535943195	1.0E-5
0.788690476190476	-1.1199999999999999	0	0	0	0	0	0	-6562.59765984675	0.26718690077384494	1.0E-5
0.8035714285714287	-1.1350000000000002	0	0	0	0	0	0	-6539.196451954305	0.2674553959079816	1.0E-5
0.8184523809523805	-1.1500000000000004	0	0	0	0	0	0	-6512.580704877299	0.2677612795757526	1.0000000000000003E-5
0.8333333333333337	-1.1650000000000005	0	0	0	0	0	0	-6482.819764861676	0.26810394622135447	9.999999999999999E-6
0.848214285714286	-1.18	0	0	0	0	0	0	-6449.97692147045	0.26848287570525614	1.0E-5
0.863095238095238	-1.1950000000000003	0	0	0	0	0	0	-6414.109415051644	0.2688976320556334	1.0E-5
0.8779761904761907	-1.2100000000000002	0	0	0	0	0	0	-6375.26854569378	0.26934786122894677	9.999999999999999E-6
0.8928571428571433	-1.2250000000000003	0	0	0	0	0	0	-6333.499876039552	0.2698332879276665	1.0E-5
0.9077380952380951	-1.2399999999999998	0	0	0	0	0	0	-6288.843520838686	0.2703537115126419	1.0E-5
0.9226190476190477	-1.255	0	0	0	0	0	0	-6241.334511754063	0.27090900109488203	1.0E-5
0.9375	-1.2699999999999996	0	0	0	0	0	0	-6191.003241148821	0.27149908971101555	9.999999999999999E-6
0.9523809523809523	-1.3	0	0	0	0	0	0	-6074.494508577548	0.27287213148407025	1.0E-5
0.9523809523809526	-1.2850000000000006	0	0	0	0	0	0	-6137.875926990958	0.2721239682066801	1.0E-5
0.7738095238095237	-1.0899999999999996	0	0	0	0	0	0	-6623.6403822276925	0.2664884904508719	1.0E-5
0.7886904761904764	-1.105	0	0	0	0	0	0	-6605.311789471809	0.2666978947499135	1.0E-5
0.8035714285714286	-1.1199999999999999	0	0	0	0	0	0	-6583.673194703296	0.26694544666273756	1.0E-5
0.8184523809523809	-1.1350000000000005	0	0	0	0	0	0	-6558.805498049589	0.26723038204328414	9.999999999999999E-6
0.8333333333333335	-1.1500000000000004	0	0	0	0	0	0	-6530.783491603007	0.2675520243587529	1.0E-5
0.8482142857142857	-1.1650000000000005	0	0	0	0	0	0	-6499.675708286912	0.26790978492203216	1.0000000000000003E-5
0.863095238095238	-1.18	0	0	0	0	0	0	-6465.544381734156	0.26830316208772576	1.0E-5
0.8779761904761902	-1.1949999999999998	0	0	0	0	0	0	-6428.445510362519	0.2687317394584825	9.999999999999999E-6
0.892857142857143	-1.2100000000000004	0	0	0	0	0	0	-6388.429018303527	0.26919518314852137	1.0E-5
0.9077380952380956	-1.225	0	0	0	0	0	0	-6345.5390051193735	0.2696932381548242	1.0000000000000003E-5
0.9226190476190477	-1.2400000000000002	0	0	0	0	0	0	-6299.814076917832	0.27022572387484883	1.0E-5
0.9374999999999997	-1.255	0	0	0	0	0	0	-6251.287747091119	0.2707925288577757	1.0E-5
0.952380952380952	-1.27	0	0	0	0	0	0	-6199.9889107095505	0.27139360468967694	1.0000000000000003E-5
0.9672619047619048	-1.3	0	0	0	0	0	0	-6081.975281348529	0.27278367662509234	1.0E-5
0.967261904761905	-1.2850000000000001	0	0	0	0	0	0	-6145.942333266621	0.2720289596535333	1.0E-5
0.788690476190476	-1.0899999999999996	0	0	0	0	0	0	-6647.269177451231	0.2662189111874619	1.0E-5
0.8035714285714287	-1.105	0	0	0	0	0	0	-6627.3630347597145	0.26644599055818685	1.0E-5
0.8184523809523809	-1.1199999999999999	0	0	0	0	0	0	-6604.210352400723	0.26671048686702015	1.0E-5
0.8333333333333334	-1.1350000000000005	0	0	0	0	0	0	-6577.89151975574	0.2670116512974588	9.999999999999999E-6
0.8482142857142857	-1.1500000000000004	0	0	0	0	0	0	-6548.480485269176	0.26734882510272207	1.0E-5
0.8630952380952384	-1.1650000000000003	0	0	0	0	0	0	-6516.044668610699	0.2677214392275796	1.0E-5
0.8779761904761905	-1.18	0	0	0	0	0	0	-6480.644979863001	0.26812901293888153	1.0E-5
0.8928571428571426	-1.1949999999999998	0	0	0	0	0	0	-6442.335938307987	0.2685711515147288	1.0000000000000003E-5
0.907738095238095	-1.21	0	0	0	0	0	0	-6401.165883017149	0.26904754304146233	1.0E-5
0.9226190476190477	-1.225	0	0	0	0	0	0	-6357.177266860762	0.26955795437054425	1.0000000000000003E-5
0.9375	-1.2400000000000002	0	0	0	0	0	0	-6310.407026380849	0.27010222627476227	1.0E-5
0.9523809523809523	-1.255	0	0	0	0	0	0	-6260.887015564701	0.27068026789227156	1.0E-5
0.967261904761905	-1.2699999999999998	0	0	0	0	0	0	-6208.644507932715	0.2712920503544111	1.0000000000000003E-5
0.9821428571428571	-1.2999999999999998	0	0	0	0	0	0	-6089.169341715068	0.2726986498989221	1.0E-5
0.982142857142857	-1.2850000000000001	0	0	0	0	0	0	-6153.702706305633	0.27193760025393054	1.0E-5
0.8035714285714287	-1.0899999999999999	0	0	0	0	0	0	-6670.318997522037	0.2659563503891653	1.0E-5
0.8184523809523809	-1.105	0	0	0	0	0	0	-6648.848948839491	0.26620090296396853	1.0E-5
0.8333333333333335	-1.1199999999999999	0	0	0	0	0	0	-6624.198118056517	0.26648212234894636	9.999999999999999E-6
0.8482142857142856	-1.1350000000000005	0	0	0	0	0	0	-6596.446027944665	0.2667992783946419	1.0E-5
0.8630952380952384	-1.1500000000000004	0	0	0	0	0	0	-6565.665463047224	0.2671517330871261	9.999999999999999E-6
0.8779761904761905	-1.1650000000000003	0	0	0	0	0	0	-6531.922443920554	0.26753893958321034	1.0E-5
0.8928571428571428	-1.1799999999999997	0	0	0	0	0	0	-6495.276303826331	0.26796044030319377	1.0000000000000003E-5
0.9077380952380949	-1.1950000000000003	0	0	0	0	0	0	-6455.779859965693	0.26841586413335417	1.0E-5
0.9226190476190474	-1.2100000000000004	0	0	0	0	0	0	-6413.479671132258	0.26890492278875083	1.0E-5
0.9375	-1.225	0	0	0	0	0	0	-6368.416373190272	0.2694274063892058	1.0000000000000003E-5
0.952380952380952	-1.24	0	0	0	0	0	0	-6320.625084758906	0.2699831782877383	1.0000000000000003E-5
0.9672619047619047	-1.255	0	0	0	0	0	0	-6270.135871042249	0.27057216924078437	1.0E-5
0.9821428571428573	-1.2699999999999996	0	0	0	0	0	0	-6216.974270673138	0.27119437081119185	9.999999999999999E-6
0.9970238095238095	-1.3	0	0	0	0	0	0	-6096.081453598603	0.27261699062697886	1.0E-5
0.9970238095238096	-1.2850000000000004	0	0	0	0	0	0	-6161.161823706709	0.27184982867540913	9.999999999999999E-6
0.8035714285714287	-1.0750000000000006	0	0	0	0	0	0	-6712.594384784601	0.2654758532913141	1.0000000000000003E-5
0.8184523809523807	-1.09	0	0	0	0	0	0	-6692.775260165944	0.2657009437359553	1.0E-5
0.833333333333333	-1.1050000000000004	0	0	0	0	0	0	-6669.757875770328	0.26596273728503644	1.0E-5
0.848214285714286	-1.1199999999999997	0	0	0	0	0	0	-6643.627474443548	0.26626043120224197	9.999999999999999E-6
0.8630952380952379	-1.1350000000000005	0	0	0	0	0	0	-6614.462370760042	0.26659331714255824	1.0E-5
0.8779761904761905	-1.1500000000000001	0	0	0	0	0	0	-6582.3338802772505	0.26696078057372713	9.999999999999999E-6
0.8928571428571432	-1.1650000000000005	0	0	0	0	0	0	-6547.306354145096	0.2673622992524146	9.999999999999999E-6
0.9077380952380951	-1.18	0	0	0	0	0	0	-6509.437311088168	0.2677974408097232	1.0E-5
0.9226190476190473	-1.1950000000000003	0	0	0	0	0	0	-6468.777658498157	0.26826585949959547	9.999999999999999E-6
0.9375000000000004	-1.2099999999999997	0	0	0	0	0	0	-6425.371994303038	0.26876729216121553	1.0000000000000003E-5
0.9523809523809523	-1.225	0	0	0	0	0	0	-6379.258980916945	0.26930155344831536	1.0E-5
0.967261904761905	-1.24	0	0	0	0	0	0	-6330.471783681606	0.26986853036383285	1.0E-5
0.9821428571428573	-1.2549999999999997	0	0	0	0	0	0	-6279.038561725844	0.27046817618945945	9.999999999999999E-6
0.9970238095238091	-1.2699999999999996	0	0	0	0	0	0	-6224.983016628259	0.27110050369569494	1.0000000000000003E-5
1.0119047619047619	-1.3	0	0	0	0	0	0	-6102.716799443768	0.2725386334478707	1.0E-5
1.0119047619047619	-1.2850000000000001	0	0	0	0	0	0	-6168.324935884789	0.2717655783177409	1.0E-5
0.8333333333333334	-1.09	0	0	0	0	0	0	-6714.625663891505	0.26545280068969973	1.0E-5
0.848214285714286	-1.105	0	0	0	0	0	0	-6690.080273140836	0.2657315747138563	1.0E-5
0.8630952380952384	-1.12	0	0	0	0	0	0	-6662.491350054292	0.2660454694419804	1.0E-5
0.8779761904761909	-1.1350000000000005	0	0	0	0	0	0	-6631.935675685607	0.26639380125767514	1.0E-5
0.8928571428571428	-1.1500000000000004	0	0	0	0	0	0	-6598.48280831586	0.26677598165112826	1.0E-5
0.9077380952380951	-1.1650000000000003	0	0	0	0	0	0	-6562.195176264605	0.2671915151669553	1.0E-5
0.9226190476190477	-1.18	0	0	0	0	0	0	-6523.128262578908	0.2676399965154201	1.0E-5
0.9374999999999998	-1.1950000000000003	0	0	0	0	0	0	-6481.330873110431	0.2681211069010223	1.0E-5
0.9523809523809521	-1.2100000000000004	0	0	0	0	0	0	-6436.845479548001	0.26863460961931784	1.0E-5
0.967261904761905	-1.2249999999999999	0	0	0	0	0	0	-6389.70862870704	0.2691803449742215	1.0E-5
0.982142857142857	-1.24	0	0	0	0	0	0	-6339.951410601442	0.26975822455282195	9.999999999999999E-6
0.9970238095238095	-1.2549999999999997	0	0	0	0	0	0	-6287.59997328752	0.27036822494689894	1.0E-5
1.0119047619047619	-1.2700000000000002	0	0	0	0	0	0	-6232.676090434171	0.27101038080105777	1.0E-5
1.0267857142857142	-1.3	0	0	0	0	0	0	-6109.0809351033	0.2724635088511577	9.999999999999999E-6
1.0267857142857137	-1.2850000000000004	0	0	0	0	0	0	-6175.197717575263	0.27168477788590295	1.0000000000000003E-5
0.848214285714286	-1.0899999999999999	0	0	0	0	0	0	-6735.860142714429	0.26521200527013683	1.0E-5
0.8630952380952379	-1.105	0	0	0	0	0	0	-6709.80865820002	0.26550747314979706	1.0E-5
0.8779761904761905	-1.12	0	0	0	0	0	0	-6680.784558748964	0.26583727187395334	1.0E-5
0.8928571428571428	-1.1350000000000007	0	0	0	0	0	0	-6648.862784606901	0.2662007452549338	9.999999999999999E-6
0.907738095238095	-1.1500000000000004	0	0	0	0	0	0	-6614.110866696122	0.26659733313021916	1.0E-5
0.922619047619048	-1.1650000000000005	0	0	0	0	0	0	-6576.589075049618	0.2670265688153622	1.0E-5
0.9375000000000002	-1.18	0	0	0	0	0	0	-6536.350653301564	0.26748807577579004	1.0000000000000003E-5
0.952380952380952	-1.1949999999999998	0	0	0	0	0	0	-6493.442130635649	0.267981563571101	1.0000000000000003E-5
0.9672619047619051	-1.2100000000000002	0	0	0	0	0	0	-6447.903702765	0.26850682312175994	1.0E-5
0.9821428571428573	-1.225	0	0	0	0	0	0	-6399.7696733325765	0.26906372134916795	9.999999999999999E-6
0.9970238095238096	-1.24	0	0	0	0	0	0	-6349.068948448868	0.26965219522419864	1.0E-5
1.0119047619047619	-1.255	0	0	0	0	0	0	-6295.825572485565	0.27027224531257843	1.0E-5
1.0267857142857144	-1.2700000000000002	0	0	0	0	0	0	-6240.059311691361	0.2709239286910639	1.0000000000000003E-5
1.0416666666666667	-1.3000000000000003	0	0	0	0	0	0	-6115.1797461018	0.2723915436925177	1.0E-5
1.0416666666666667	-1.2850000000000006	0	0	0	0	0	0	-6181.7862206195805	0.27160735194518065	9.999999999999999E-6
0.8482142857142857	-1.0750000000000006	0	0	0	0	0	0	-6781.023044735821	0.2647010245802279	1.0000000000000003E-5
0.8630952380952384	-1.0899999999999999	0	0	0	0	0	0	-6756.470810158341	0.264978616933574	1.0E-5
0.8779761904761904	-1.105	0	0	0	0	0	0	-6728.937544844338	0.2652904681169792	1.0000000000000003E-5
0.8928571428571428	-1.12	0	0	0	0	0	0	-6698.5037317608785	0.2656358530338549	1.0000000000000003E-5
0.9077380952380951	-1.1350000000000007	0	0	0	0	0	0	-6665.242182633992	0.26601414539281726	1.0E-5
0.9226190476190477	-1.15	0	0	0	0	0	0	-6629.218150341905	0.2664248154818547	1.0E-5
0.9375	-1.1650000000000005	0	0	0	0	0	0	-6590.48953003013	0.26686742716191786	1.0E-5
0.9523809523809523	-1.1799999999999995	0	0	0	0	0	0	-6549.107140223575	0.2673416341356504	1.0E-5
0.9672619047619043	-1.1949999999999998	0	0	0	0	0	0	-6505.115075339925	0.26784717554374216	1.0E-5
0.9821428571428574	-1.2099999999999997	0	0	0	0	0	0	-6458.551121280027	0.2683838709372105	1.0E-5
0.9970238095238095	-1.2250000000000003	0	0	0	0	0	0	-6409.447225652678	0.2689516146747704	1.0E-5
1.0119047619047619	-1.2400000000000002	0	0	0	0	0	0	-6357.830015608099	0.26955036977801516	1.0E-5
1.0267857142857144	-1.2550000000000003	0	0	0	0	0	0	-6303.721351584595	0.270180161331575	9.999999999999999E-6
1.0416666666666665	-1.2700000000000002	0	0	0	0	0	0	-6247.138924178015	0.2708410692960881	9.999999999999999E-6
1.056547619047619	-1.3	0	0	0	0	0	0	-6121.019405440807	0.2723226616886742	1.0E-5
1.056547619047619	-1.2850000000000001	0	0	0	0	0	0	-6188.096828229945	0.2715332214563933	1.0E-5
0.8779761904761905	-1.09	0	0	0	0	0	0	-6776.451893332232	0.2647526715436848	1.0E-5
0.8928571428571427	-1.105	0	0	0	0	0	0	-6747.463372284011	0.26508057375740696	1.0000000000000003E-5
0.9077380952380951	-1.12	0	0	0	0	0	0	-6715.647242879094	0.26544120818638745	1.0E-5
0.9226190476190477	-1.1350000000000007	0	0	0	0	0	0	-6681.073921481069	0.2658339806644575	1.0E-5
0.9375	-1.1500000000000001	0	0	0	0	0	0	-6643.806152592472	0.26625839380815963	1.0E-5
0.9523809523809523	-1.1650000000000003	0	0	0	0	0	0	-6603.899259398209	0.26671404358829626	1.0E-5
0.9672619047619047	-1.18	0	0	0	0	0	0	-6561.401468095644	0.2672006152329461	1.0E-5
0.9821428571428568	-1.1949999999999994	0	0	0	0	0	0	-6516.354297520799	0.26771787851262796	9.999999999999999E-6
0.9970238095238096	-1.2100000000000004	0	0	0	0	0	0	-6468.793005933742	0.26826568245376703	1.0000000000000003E-5
1.0119047619047619	-1.2249999999999999	0	0	0	0	0	0	-6418.747086760138	0.26884394952735297	1.0E-5
1.0267857142857144	-1.2400000000000002	0	0	0	0	0	0	-6366.240806576251	0.26945266934278633	1.0E-5
1.0416666666666672	-1.255	0	0	0	0	0	0	-6311.293773874349	0.27009189193256444	1.0E-5
1.0565476190476193	-1.2700000000000002	0	0	0	0	0	0	-6253.921546483437	0.27076172048943614	9.999999999999999E-6
1.0714285714285716	-1.3	0	0	0	0	0	0	-6126.606333084956	0.27225678389070324	1.0E-5
1.0714285714285714	-1.2850000000000006	0	0	0	0	0	0	-6194.136210905855	0.2714623042895197	1.0E-5
0.8779761904761905	-1.0750000000000006	0	0	0	0	0	0	-6823.385077152447	0.2642231698301073	1.0E-5
0.8928571428571427	-1.0899999999999999	0	0	0	0	0	0	-6795.799657962191	0.2645341824233277	1.0E-5
0.9077380952380951	-1.1049999999999995	0	0	0	0	0	0	-6765.384426265985	0.26487778388878314	1.0E-5
0.922619047619048	-1.12	0	0	0	0	0	0	-6732.215127662714	0.2652533143743093	1.0000000000000003E-5
0.9375	-1.1350000000000007	0	0	0	0	0	0	-6696.359538216342	0.26566021382553356	1.0E-5
0.9523809523809521	-1.15	0	0	0	0	0	0	-6657.877684796041	0.26609801883901907	1.0E-5
0.967261904761905	-1.1650000000000003	0	0	0	0	0	0	-6616.822141538998	0.26656635885026003	9.999999999999999E-6
0.9821428571428572	-1.18	0	0	0	0	0	0	-6573.238393822396	0.2670649517088977	1.0000000000000003E-5
0.9970238095238091	-1.1949999999999998	0	0	0	0	0	0	-6527.165261450555	0.2675935986894583	9.999999999999999E-6
1.0119047619047619	-1.2100000000000004	0	0	0	0	0	0	-6478.635373182595	0.2681521789811474	1.0E-5
1.0267857142857144	-1.2250000000000003	0	0	0	0	0	0	-6427.675684696937	0.26874064370094997	9.999999999999999E-6
1.0416666666666667	-1.2400000000000002	0	0	0	0	0	0	-6374.308033638525	0.269359009457036	1.0E-5
1.0565476190476195	-1.255	0	0	0	0	0	0	-6318.549720554557	0.27000735154637406	1.0E-5
1.0714285714285718	-1.27	0	0	0	0	0	0	-6260.41412426623	0.2706857966420349	1.0E-5
1.0863095238095237	-1.3	0	0	0	0	0	0	-6131.947157259186	0.2721938291344438	1.0E-5
1.0863095238095237	-1.2850000000000004	0	0	0	0	0	0	-6199.911284163458	0.2713945157141314	1.0E-5
0.8928571428571428	-1.0750000000000006	0	0	0	0	0	0	-6843.570737692227	0.2639959605366549	1.0E-5
0.907738095238095	-1.0899999999999996	0	0	0	0	0	0	-6814.512325317074	0.2643231414760151	1.0000000000000003E-5
0.9226190476190477	-1.1049999999999998	0	0	0	0	0	0	-6782.70075377123	0.2646820731162912	9.999999999999999E-6
0.9375000000000002	-1.12	0	0	0	0	0	0	-6748.2089975626395	0.2650721315074837	1.0E-5
0.9523809523809526	-1.1350000000000002	0	0	0	0	0	0	-6711.101970201549	0.2654927924498695	1.0E-5
0.9672619047619047	-1.15	0	0	0	0	0	0	-6671.436793224884	0.2659436279455588	1.0E-5
0.9821428571428573	-1.165	0	0	0	0	0	0	-6629.263134869107	0.2664243020421363	1.0E-5
0.9970238095238095	-1.18	0	0	0	0	0	0	-6584.623609986684	0.26693456611811456	1.0E-5
1.0119047619047614	-1.195	0	0	0	0	0	0	-6537.554233188107	0.2674742536556414	1.0E-5
1.0267857142857144	-1.2100000000000002	0	0	0	0	0	0	-6488.084917660993	0.26804327454099103	1.0E-5
1.0416666666666665	-1.2250000000000005	0	0	0	0	0	0	-6436.24001211059	0.26864160893416783	9.999999999999999E-6
1.0565476190476195	-1.2400000000000004	0	0	0	0	0	0	-6382.0388698621855	0.2692693007314226	1.0E-5
1.0714285714285718	-1.2550000000000001	0	0	0	0	0	0	-6325.496439221964	0.2699264507027377	1.0E-5
1.0863095238095237	-1.2699999999999996	0	0	0	0	0	0	-6266.623884327035	0.27061320915359655	1.0E-5
1.1011904761904763	-1.2999999999999998	0	0	0	0	0	0	-6137.04867764058	0.27213371446727	1.0E-5
1.101190476190476	-1.2850000000000001	0	0	0	0	0	0	-6205.429168187112	0.27132976886563254	9.999999999999999E-6
0.9077380952380951	-1.0750000000000006	0	0	0	0	0	0	-6863.089712143351	0.2637765568251695	1.0E-5
0.9226190476190477	-1.09	0	0	0	0	0	0	-6832.589982015048	0.2641195203655188	1.0E-5
0.9375	-1.105	0	0	0	0	0	0	-6799.414072130483	0.26449339798765015	9.999999999999999E-6
0.9523809523809527	-1.1199999999999997	0	0	0	0	0	0	-6763.631949835959	0.26489760348213814	9.999999999999999E-6
0.967261904761905	-1.1350000000000005	0	0	0	0	0	0	-6725.305467035973	0.26533165000389397	9.999999999999999E-6
0.982142857142857	-1.1500000000000001	0	0	0	0	0	0	-6684.488674049245	0.2657951461627472	9.999999999999999E-6
0.9970238095238095	-1.1650000000000003	0	0	0	0	0	0	-6641.228196638195	0.26628779156216764	1.0E-5
1.0119047619047619	-1.1799999999999995	0	0	0	0	0	0	-6595.563668100829	0.2668093718327113	1.0E-5
1.026785714285714	-1.195	0	0	0	0	0	0	-6547.528208751152	0.2673597532023701	1.0E-5
1.0416666666666672	-1.2100000000000004	0	0	0	0	0	0	-6497.148945617465	0.2679388766410688	9.999999999999999E-6
1.0565476190476195	-1.225	0	0	0	0	0	0	-6444.44756519053	0.26854675161749325	1.0E-5
1.0714285714285718	-1.2400000000000004	0	0	0	0	0	0	-6389.44089367744	0.26918344948878614	1.0E-5
1.0863095238095242	-1.2550000000000001	0	0	0	0	0	0	-6332.141494177268	0.2698490966031085	1.0E-5
1.1011904761904765	-1.2699999999999998	0	0	0	0	0	0	-6272.558290627363	0.2705438669590465	1.0E-5
1.1160714285714286	-1.3	0	0	0	0	0	0	-6141.917830640592	0.27207635554914744	1.0E-5
1.1160714285714284	-1.2850000000000004	0	0	0	0	0	0	-6210.697149628515	0.2712679751849322	1.0E-5
0.9375	-1.09	0	0	0	0	0	0	-6850.0344837293305	0.2639232717421027	1.0000000000000003E-5
0.9523809523809527	-1.105	0	0	0	0	0	0	-6815.527673514988	0.26431169818089956	1.0E-5
0.967261904761905	-1.12	0	0	0	0	0	0	-6778.488474135387	0.26472965932080383	1.0E-5
0.982142857142857	-1.1349999999999998	0	0	0	0	0	0	-6738.975500305128	0.26517670693146334	1.0000000000000003E-5
0.9970238095238093	-1.15	0	0	0	0	0	0	-6697.039587083957	0.26565248721364454	1.0E-5
1.011904761904762	-1.1650000000000003	0	0	0	0	0	0	-6652.724201319968	0.266156736072264	1.0000000000000003E-5
1.0267857142857142	-1.1799999999999997	0	0	0	0	0	0	-6606.065902124469	0.26668927393490977	1.0E-5
1.0416666666666665	-1.195	0	0	0	0	0	0	-6557.094843104559	0.26725000015447353	1.0000000000000003E-5
1.0565476190476195	-1.2100000000000002	0	0	0	0	0	0	-6505.835309602439	0.26783888702962433	1.0000000000000003E-5
1.0714285714285716	-1.225	0	0	0	0	0	0	-6452.306284186092	0.26845597347807376	1.0E-5
1.0863095238095237	-1.2400000000000004	0	0	0	0	0	0	-6396.522035291296	0.269101358379706	1.0E-5
1.101190476190476	-1.2549999999999997	0	0	0	0	0	0	-6338.49271870397	0.26977519366813835	1.0E-5
1.1160714285714288	-1.2699999999999998	0	0	0	0	0	0	-6278.225002502815	0.270477677007628	1.0000000000000003E-5
1.130952380952381	-1.3	0	0	0	0	0	0	-6146.561656517313	0.2720216670312539	1.0E-5
1.1309523809523807	-1.285	0	0	0	0	0	0	-6215.722645290389	0.271209044834887	1.0E-5
0.9523809523809523	-1.0899999999999999	0	0	0	0	0	0	-6866.849353827868	0.26373433050402145	9.999999999999999E-6
0.9672619047619047	-1.105	0	0	0	0	0	0	-6831.046325758228	0.2641368977146355	1.0E-5
0.9821428571428573	-1.1199999999999997	0	0	0	0	0	0	-6792.784356642146	0.26456821432376204	1.0E-5
0.9970238095238096	-1.1350000000000005	0	0	0	0	0	0	-6752.118671910483	0.2650278717409684	1.0000000000000003E-5
1.0119047619047619	-1.15	0	0	0	0	0	0	-6709.096768990584	0.26551555452828585	1.0E-5
1.0267857142857142	-1.1650000000000005	0	0	0	0	0	0	-6663.7588591834565	0.26603103544615364	1.0E-5
1.0416666666666665	-1.18	0	0	0	0	0	0	-6616.138352750931	0.2665741700930851	1.0E-5
1.0565476190476186	-1.1949999999999998	0	0	0	0	0	0	-6566.262380383444	0.2671448911738854	1.0E-5
1.0714285714285718	-1.2100000000000002	0	0	0	0	0	0	-6514.152344744448	0.2677432024265449	1.0E-5
1.0863095238095237	-1.2250000000000003	0	0	0	0	0	0	-6459.824495782256	0.2683691722392848	9.999999999999999E-6
1.1011904761904763	-1.2400000000000002	0	0	0	0	0	0	-6403.290525107525	0.269022926971995	1.0E-5
1.1160714285714288	-1.2549999999999997	0	0	0	0	0	0	-6344.558169586644	0.26970464405707145	1.0E-5
1.1309523809523805	-1.27	0	0	0	0	0	0	-6283.631834788009	0.2704145447182811	1.0000000000000003E-5
1.1458333333333333	-1.3	0	0	0	0	0	0	-6150.98726982331	0.2719695628946345	1.0E-5
1.145833333333333	-1.2850000000000001	0	0	0	0	0	0	-6220.513169289123	0.27115288707505414	1.0E-5
0.967261904761905	-1.09	0	0	0	0	0	0	-6883.039677982849	0.2635526150832028	1.0E-5
0.982142857142857	-1.1049999999999998	0	0	0	0	0	0	-6845.976170451143	0.26396890617080015	1.0E-5
0.9970238095238095	-1.1199999999999997	0	0	0	0	0	0	-6806.526582586254	0.26441317122326835	9.999999999999999E-6
1.0119047619047614	-1.1350000000000005	0	0	0	0	0	0	-6764.7426217243765	0.26488504208713126	1.0E-5
1.0267857142857142	-1.15	0	0	0	0	0	0	-6720.668346581034	0.265384242250681	1.0000000000000003E-5
1.041666666666667	-1.165	0	0	0	0	0	0	-6674.340635595405	0.26591058170044085	1.0E-5
1.056547619047619	-1.18	0	0	0	0	0	0	-6625.7896929235985	0.26646395141670237	1.0E-5
1.0714285714285712	-1.1949999999999998	0	0	0	0	0	0	-6575.039585725306	0.26704431753908586	1.0E-5
1.0863095238095242	-1.2100000000000004	0	0	0	0	0	0	-6522.108806923272	0.2676517152283853	1.0E-5
1.1011904761904765	-1.2249999999999999	0	0	0	0	0	0	-6467.010857529793	0.2682862422533058	1.0E-5
1.1160714285714288	-1.2400000000000002	0	0	0	0	0	0	-6409.75484444117	0.2689480523112024	1.0E-5
1.1309523809523812	-1.255	0	0	0	0	0	0	-6350.3460835637325	0.2696373481629418	1.0E-5
1.145833333333333	-1.27	0	0	0	0	0	0	-6288.786721520177	0.270354374392107	1.0E-5
1.1607142857142858	-1.3000000000000003	0	0	0	0	0	0	-6155.201828144085	0.2719199568084682	1.0000000000000003E-5
1.1607142857142856	-1.2850000000000004	0	0	0	0	0	0	-6225.076298342689	0.271099410657731	1.0E-5
0.982142857142857	-1.0899999999999999	0	0	0	0	0	0	-6898.611995773337	0.2633780287444321	9.999999999999999E-6
0.9970238095238095	-1.1050000000000002	0	0	0	0	0	0	-6860.324619228141	0.2638076199205996	1.0E-5
1.0119047619047619	-1.12	0	0	0	0	0	0	-6819.723237964481	0.2642644213323466	9.999999999999999E-6
1.0267857142857142	-1.135	0	0	0	0	0	0	-6776.855935274853	0.2647481058404365	1.0E-5
1.0416666666666665	-1.1500000000000008	0	0	0	0	0	0	-6731.763250825529	0.26525843622796763	1.0E-5
1.056547619047619	-1.165	0	0	0	0	0	0	-6684.478671561209	0.26579525990360303	1.0E-5
1.0714285714285714	-1.1800000000000002	0	0	0	0	0	0	-6635.029154996977	0.2663585032861407	1.0E-5
1.0863095238095235	-1.1949999999999996	0	0	0	0	0	0	-6583.435679054787	0.2669481658972256	1.0E-5
1.1011904761904765	-1.2099999999999997	0	0	0	0	0	0	-6529.713813064001	0.267564314185226	1.0E-5
1.1160714285714286	-1.2249999999999999	0	0	0	0	0	0	-6473.87430464391	0.2682070751035524	1.0E-5
1.1309523809523807	-1.24	0	0	0	0	0	0	-6415.923678205608	0.2688766294562482	1.0E-5
1.1458333333333335	-1.2550000000000001	0	0	0	0	0	0	-6355.864837440099	0.2695732050638345	1.0E-5
1.160714285714286	-1.2700000000000002	0	0	0	0	0	0	-6293.697677451317	0.27029706964952593	1.0E-5
1.1755952380952381	-1.3	0	0	0	0	0	0	-6159.212519415358	0.2718727622693221	1.0E-5
1.1755952380952384	-1.285	0	0	0	0	0	0	-6229.419656539846	0.2710485239952109	9.999999999999999E-6
0.9970238095238096	-1.09	0	0	0	0	0	0	-6913.574190278199	0.26321046088786476	1.0E-5
1.0119047619047619	-1.1049999999999995	0	0	0	0	0	0	-6874.100249125858	0.26365292334468066	1.0E-5
1.0267857142857142	-1.1199999999999999	0	0	0	0	0	0	-6832.383411224285	0.26412184568052016	1.0E-5
1.041666666666667	-1.1350000000000007	0	0	0	0	0	0	-6788.468052119323	0.26461694213773324	9.999999999999999E-6
1.056547619047619	-1.1500000000000004	0	0	0	0	0	0	-6742.391132121557	0.26513801497631373	1.0E-5
1.0714285714285716	-1.165	0	0	0	0	0	0	-6694.182705961873	0.26568494905854634	1.0E-5
1.086309523809524	-1.1799999999999997	0	0	0	0	0	0	-6643.866459923492	0.26625770615378286	9.999999999999999E-6
1.101190476190476	-1.1949999999999998	0	0	0	0	0	0	-6591.460271075387	0.26685631898665313	1.0E-5
1.1160714285714284	-1.2100000000000004	0	0	0	0	0	0	-6536.976783896569	0.26748088504594675	9.999999999999999E-6
1.1309523809523812	-1.2250000000000003	0	0	0	0	0	0	-6480.42399884296	0.26813156018120576	1.0E-5
1.1458333333333333	-1.2400000000000002	0	0	0	0	0	0	-6421.805871367704	0.2688085519697689	1.0E-5
1.160714285714286	-1.2550000000000003	0	0	0	0	0	0	-6361.122905697745	0.269512113002122	1.0E-5
1.1755952380952377	-1.2699999999999996	0	0	0	0	0	0	-6298.372779818354	0.2702425336304066	9.999999999999999E-6
1.1904761904761905	-1.3	0	0	0	0	0	0	-6163.026493015164	0.27182789340178243	1.0E-5
1.1904761904761902	-1.2850000000000004	0	0	0	0	0	0	-6233.550840270684	0.27100013602774803	1.0E-5
1.0119047619047619	-1.0899999999999999	0	0	0	0	0	0	-6927.9353766189015	0.26304978834529297	1.0E-5
1.0267857142857142	-1.105	0	0	0	0	0	0	-6887.3126978514465	0.263504690039328	1.0E-5
1.041666666666667	-1.12	0	0	0	0	0	0	-6844.517095632761	0.2639853161294888	1.0E-5
1.056547619047619	-1.135	0	0	0	0	0	0	-6799.589175516268	0.26449142240814555	1.0E-5
1.0714285714285714	-1.1500000000000004	0	0	0	0	0	0	-6752.562277326733	0.2650228506187977	1.0E-5
1.086309523809524	-1.1650000000000003	0	0	0	0	0	0	-6703.462999907987	0.2655795229547551	1.0E-5
1.1011904761904765	-1.18	0	0	0	0	0	0	-6652.311748753436	0.26616143631380856	1.0E-5
1.1160714285714284	-1.1949999999999998	0	0	0	0	0	0	-6599.123301847615	0.2667686563261122	1.0000000000000003E-5
1.1309523809523812	-1.2100000000000002	0	0	0	0	0	0	-6543.907388856506	0.2674013111761518	9.999999999999999E-6
1.1458333333333337	-1.2249999999999999	0	0	0	0	0	0	-6486.669281111576	0.26805958521453466	1.0000000000000003E-5
1.1607142857142856	-1.2400000000000007	0	0	0	0	0	0	-6427.410382669941	0.26874371243875644	1.0E-5
1.1755952380952381	-1.2549999999999997	0	0	0	0	0	0	-6366.128839065222	0.26945396961936585	1.0E-5
1.1904761904761902	-1.2699999999999996	0	0	0	0	0	0	-6302.820085614009	0.2701906699460891	1.0E-5
1.2053571428571428	-1.3	0	0	0	0	0	0	-6166.65102415411	0.2717852630145891	1.0E-5
1.2053571428571426	-1.2850000000000006	0	0	0	0	0	0	-6237.4775885917325	0.2709541542168135	9.999999999999999E-6
1.0119047619047616	-1.0750000000000006	0	0	0	0	0	0	-6981.290380739265	0.26245426619073486	9.999999999999999E-6
1.0267857142857137	-1.0899999999999999	0	0	0	0	0	0	-6941.705790363509	0.26289587666127184	1.0E-5
1.0416666666666665	-1.105	0	0	0	0	0	0	-6899.972559744577	0.2633627840011202	1.0E-5
1.0565476190476193	-1.1199999999999997	0	0	0	0	0	0	-6856.135092995984	0.2638546964624096	1.0E-5
1.0714285714285714	-1.135	0	0	0	0	0	0	-6810.230183946147	0.2643714113691121	1.0E-5
1.086309523809524	-1.1500000000000004	0	0	0	0	0	0	-6762.287529018698	0.2649128097909458	1.0E-5
1.1011904761904758	-1.1650000000000005	0	0	0	0	0	0	-6712.330263533191	0.26547885098717944	1.0E-5
1.1160714285714284	-1.1799999999999997	0	0	0	0	0	0	-6660.37551686487	0.2660695666366317	1.0E-5
1.1309523809523805	-1.1950000000000003	0	0	0	0	0	0	-6606.434981639789	0.2666850548747835	1.0000000000000003E-5
1.1458333333333335	-1.2100000000000002	0	0	0	0	0	0	-6550.515495113214	0.26732547412642693	1.0E-5
1.160714285714286	-1.2249999999999999	0	0	0	0	0	0	-6492.619621609824	0.2679910368295218	1.0000000000000003E-5
1.175595238095238	-1.2400000000000002	0	0	0	0	0	0	-6432.746260177163	0.26868200274169257	1.0000000000000003E-5
1.1904761904761902	-1.2549999999999997	0	0	0	0	0	0	-6370.891174360188	0.26939867298880654	1.0E-5
1.2053571428571428	-1.2699999999999998	0	0	0	0	0	0	-6307.047805757531	0.27014138063540716	1.0E-5
1.2202380952380951	-1.2999999999999998	0	0	0	0	0	0	-6170.092829791939	0.27174479063582896	1.0E-5
1.2202380952380951	-1.2850000000000004	0	0	0	0	0	0	-6241.20704626272	0.27091049316250204	1.0E-5
1.0416666666666665	-1.0899999999999999	0	0	0	0	0	0	-6954.896676645898	0.2627485813509499	1.0E-5
1.0565476190476193	-1.1050000000000002	0	0	0	0	0	0	-6912.091283158524	0.26322706078320524	1.0E-5
1.0714285714285716	-1.1199999999999997	0	0	0	0	0	0	-6867.24891933155	0.263729843441175	1.0E-5
1.0863095238095237	-1.135	0	0	0	0	0	0	-6820.402544989158	0.2642567679878698	1.0E-5
1.1011904761904758	-1.1500000000000004	0	0	0	0	0	0	-6771.5782073415	0.26480775451076877	1.0000000000000003E-5
1.1160714285714284	-1.1650000000000005	0	0	0	0	0	0	-6720.795585682378	0.2653827989374723	1.0000000000000003E-5
1.1309523809523812	-1.18	0	0	0	0	0	0	-6668.068550622943	0.265981967272068	1.0E-5
1.145833333333333	-1.1950000000000003	0	0	0	0	0	0	-6613.405736143621	0.2666053896398003	1.0E-5
1.1607142857142858	-1.2100000000000004	0	0	0	0	0	0	-6556.811113709737	0.26725325423189383	1.0E-5
1.1755952380952381	-1.225	0	0	0	0	0	0	-6498.284592445655	0.2679258008458915	1.0000000000000003E-5
1.1904761904761907	-1.2400000000000002	0	0	0	0	0	0	-6437.822544639779	0.26862331514965765	1.0E-5
1.2053571428571428	-1.255	0	0	0	0	0	0	-6375.418613415071	0.2693461195232737	1.0E-5
1.2202380952380951	-1.2700000000000002	0	0	0	0	0	0	-6311.063513113077	0.2700945753838795	1.0E-5
1.2351190476190477	-1.3	0	0	0	0	0	0	-6173.360676835056	0.2717063718363007	1.0E-5
1.2351190476190477	-1.2850000000000001	0	0	0	0	0	0	-6244.748547686347	0.2708690420040093	1.0E-5
1.056547619047619	-1.0899999999999996	0	0	0	0	0	0	-6967.520180790782	0.2626077491272268	1.0E-5
1.0714285714285716	-1.105	0	0	0	0	0	0	-6923.681069918466	0.2630973686171388	1.0000000000000003E-5
1.086309523809524	-1.1199999999999999	0	0	0	0	0	0	-6877.870713048891	0.26361060782662693	9.999999999999999E-6
1.101190476190476	-1.1350000000000002	0	0	0	0	0	0	-6830.118231957865	0.26414734640491844	1.0E-5
1.1160714285714288	-1.1500000000000004	0	0	0	0	0	0	-6780.446034932389	0.2647075430085953	1.0E-5
1.130952380952381	-1.1650000000000003	0	0	0	0	0	0	-6728.870366207989	0.2652912297215803	1.0000000000000003E-5
1.1458333333333335	-1.1800000000000002	0	0	0	0	0	0	-6675.401868662802	0.26589850629687295	1.0E-5
1.1607142857142851	-1.1950000000000003	0	0	0	0	0	0	-6620.046148814725	0.26652953431449217	1.0000000000000003E-5
1.1755952380952384	-1.2100000000000002	0	0	0	0	0	0	-6562.8043696735085	0.26718453093536293	1.0E-5
1.1904761904761907	-1.2249999999999999	0	0	0	0	0	0	-6503.673765352395	0.26786376343691004	1.0E-5
1.2053571428571426	-1.2400000000000002	0	0	0	0	0	0	-6442.648454951908	0.26856754016581574	1.0E-5
1.2202380952380953	-1.255	0	0	0	0	0	0	-6379.719179159485	0.26929621375495755	9.999999999999999E-6
1.2351190476190477	-1.2700000000000002	0	0	0	0	0	0	-6314.876976427322	0.27005013848313275	1.0E-5
1.25	-1.3	0	0	0	0	0	0	-6176.456400040207	0.2716699838121663	1.0E-5
1.25	-1.2850000000000001	0	0	0	0	0	0	-6248.102766115464	0.2708297913979106	1.0E-5
1.0714285714285716	-1.0900000000000003	0	0	0	0	0	0	-6979.589241161372	0.26247321909071636	1.0E-5
1.0863095238095237	-1.1049999999999995	0	0	0	0	0	0	-6934.754777461259	0.2629735494948352	1.0E-5
1.1011904761904763	-1.12	0	0	0	0	0	0	-6888.0131460756975	0.26349683535793644	1.0E-5
1.1160714285714288	-1.1350000000000002	0	0	0	0	0	0	-6839.389643817888	0.26404299681445403	1.0000000000000003E-5
1.1309523809523812	-1.1500000000000004	0	0	0	0	0	0	-6788.903064656354	0.2646120305206266	1.0E-5
1.145833333333333	-1.1650000000000003	0	0	0	0	0	0	-6736.566253164182	0.2652040040784256	1.0E-5
1.160714285714286	-1.18	0	0	0	0	0	0	-6682.386660335055	0.26581905039214954	1.0E-5
1.1755952380952377	-1.1949999999999998	0	0	0	0	0	0	-6626.366928275522	0.2664573616286954	1.0E-5
1.1904761904761905	-1.2100000000000002	0	0	0	0	0	0	-6568.505394368697	0.26711918400096	1.0E-5
1.2053571428571428	-1.2249999999999999	0	0	0	0	0	0	-6508.796904981769	0.2678048088858428	1.0E-5
1.220238095238095	-1.24	0	0	0	0	0	0	-6447.2325082462285	0.2685145766765051	1.0E-5
1.235119047619048	-1.255	0	0	0	0	0	0	-6383.803233686715	0.2692488333015358	1.0E-5
1.25	-1.2700000000000002	0	0	0	0	0	0	-6318.489068129486	0.27000805805692085	1.0000000000000003E-5
1.086309523809524	-1.09	0	0	0	0	0	0	-6991.1174848872115	0.2623448238766606	1.0E-5
1.1011904761904763	-1.1049999999999995	0	0	0	0	0	0	-6945.325824137577	0.26285544020654783	1.0E-5
1.1160714285714284	-1.12	0	0	0	0	0	0	-6897.689338503882	0.2633883676858315	1.0E-5
1.1309523809523812	-1.135	0	0	0	0	0	0	-6848.229528138181	0.2639435663056296	1.0E-5
1.1458333333333333	-1.1500000000000004	0	0	0	0	0	0	-6796.961612527949	0.26452107002013675	1.0E-5
1.160714285714286	-1.1650000000000007	0	0	0	0	0	0	-6743.895077218115	0.2651209812873972	1.0E-5
1.1755952380952381	-1.1799999999999997	0	0	0	0	0	0	-6689.0342502548865	0.265743465221947	1.0000000000000003E-5
1.19047619047619	-1.195	0	0	0	0	0	0	-6632.378795331331	0.2663887446156093	1.0E-5
1.205357142857143	-1.2100000000000002	0	0	0	0	0	0	-6573.924525878104	0.26705709119657245	9.999999999999999E-6
1.2202380952380953	-1.225	0	0	0	0	0	0	-6513.663052252458	0.2677488301137252	1.0E-5
1.2351190476190477	-1.2400000000000004	0	0	0	0	0	0	-6451.585688171654	0.26846429533323585	1.0E-5
1.25	-1.255	0	0	0	0	0	0	-6387.6718470295455	0.26920396377325223	1.0E-5
1.101190476190476	-1.09	0	0	0	0	0	0	-7002.119126997864	0.26222239075438974	1.0E-5
1.1160714285714288	-1.1049999999999998	0	0	0	0	0	0	-6955.408098291149	0.2627428733292612	1.0000000000000003E-5
1.1309523809523807	-1.1200000000000003	0	0	0	0	0	0	-6906.912776511455	0.26328504326347224	1.0E-5
1.145833333333333	-1.135	0	0	0	0	0	0	-6856.650909535496	0.2638488996378202	1.0E-5
1.160714285714286	-1.15	0	0	0	0	0	0	-6804.6341879246365	0.2644345129761874	1.0000000000000003E-5
1.1755952380952381	-1.165	0	0	0	0	0	0	-6750.868813164451	0.265042019576707	1.0000000000000003E-5
1.1904761904761902	-1.18	0	0	0	0	0	0	-6695.3559799007635	0.2656716167535145	1.0E-5
1.2053571428571423	-1.1949999999999998	0	0	0	0	0	0	-6638.092689636591	0.266323554229761	1.0E-5
1.2202380952380951	-1.2100000000000002	0	0	0	0	0	0	-6579.071355870174	0.2669981391918122	1.0E-5
1.235119047619048	-1.225	0	0	0	0	0	0	-6518.283830223515	0.2676956906357967	9.999999999999999E-6
1.25	-1.24	0	0	0	0	0	0	-6455.709275971824	0.26841667907539407	1.0E-5
1.1160714285714288	-1.0900000000000003	0	0	0	0	0	0	-7012.608873620296	0.26210574267340936	9.999999999999999E-6
1.1309523809523807	-1.1050000000000002	0	0	0	0	0	0	-6965.015870887735	0.26263567816923034	1.0E-5
1.145833333333333	-1.1199999999999999	0	0	0	0	0	0	-6915.697236106822	0.2631866981674527	1.0E-5
1.1607142857142856	-1.1350000000000002	0	0	0	0	0	0	-6864.667015510241	0.26375884004181654	1.0E-5
1.1755952380952381	-1.1500000000000001	0	0	0	0	0	0	-6811.933451875154	0.2643522097932705	1.0E-5
1.1904761904761902	-1.1650000000000005	0	0	0	0	0	0	-6757.499456027381	0.2649669774971474	1.0E-5
1.2053571428571428	-1.1800000000000002	0	0	0	0	0	0	-6701.363419874549	0.2656033688188612	1.0E-5
1.2202380952380945	-1.1949999999999998	0	0	0	0	0	0	-6643.518780937106	0.2662616706019659	1.0E-5
1.235119047619048	-1.2100000000000002	0	0	0	0	0	0	-6583.958164685539	0.2669421841968574	1.0E-5
1.2500000000000002	-1.225	0	0	0	0	0	0	-6522.660758199974	0.2676453704124444	1.0E-5
1.1160714285714284	-1.0750000000000006	0	0	0	0	0	0	-7069.354515819823	0.2614762165623281	1.0E-5
1.1309523809523807	-1.0899999999999999	0	0	0	0	0	0	-7022.601829030381	0.26199469925978724	1.0E-5
1.1458333333333335	-1.105	0	0	0	0	0	0	-6974.163714319798	0.26253368163049867	1.0000000000000003E-5
1.160714285714286	-1.12	0	0	0	0	0	0	-6924.056704394826	0.26309316694280205	1.0E-5
1.1755952380952381	-1.1350000000000002	0	0	0	0	0	0	-6872.291231312891	0.2636732296922641	1.0E-5
1.1904761904761907	-1.1500000000000001	0	0	0	0	0	0	-6818.872087597838	0.2642740112384913	1.0E-5
1.2053571428571426	-1.1650000000000005	0	0	0	0	0	0	-6763.799238326457	0.26489571143402724	9.999999999999999E-6
1.2202380952380953	-1.18	0	0	0	0	0	0	-6707.067346684337	0.2655385947101456	9.999999999999999E-6
1.2351190476190474	-1.1950000000000003	0	0	0	0	0	0	-6648.67002661839	0.2662029424485249	1.0E-5
1.25	-1.2100000000000002	0	0	0	0	0	0	-6588.586741181349	0.2668892028353523	9.999999999999999E-6
1.1458333333333335	-1.0900000000000003	0	0	0	0	0	0	-7032.113409262058	0.26188907773405945	1.0E-5
1.160714285714286	-1.1050000000000002	0	0	0	0	0	0	-6982.866418898113	0.2624367091050959	1.0E-5
1.1755952380952381	-1.1199999999999997	0	0	0	0	0	0	-6932.005330820505	0.2630042831097154	1.0E-5
1.1904761904761907	-1.1350000000000005	0	0	0	0	0	0	-6879.536964857919	0.2635919111880776	1.0E-5
1.2053571428571428	-1.15	0	0	0	0	0	0	-6825.463022246153	0.2641997659098408	1.0E-5
1.2202380952380953	-1.1650000000000005	0	0	0	0	0	0	-6769.779573676764	0.2648280875253309	1.0E-5
1.2351190476190477	-1.1799999999999997	0	0	0	0	0	0	-6712.481416738306	0.2654771354376921	1.0E-5
1.2499999999999998	-1.195	0	0	0	0	0	0	-6653.548520428166	0.2661473426589091	1.0E-5
1.1458333333333335	-1.0750000000000006	0	0	0	0	0	0	-7089.6092536297865	0.26125212661590236	1.0000000000000003E-5
1.160714285714286	-1.0900000000000003	0	0	0	0	0	0	-7041.15925360751	0.26178869384807213	1.0E-5
1.1755952380952381	-1.1049999999999998	0	0	0	0	0	0	-6991.138940266044	0.26234458501555047	9.999999999999999E-6
1.1904761904761907	-1.12	0	0	0	0	0	0	-6939.557286398127	0.262919880696954	1.0E-5
1.2053571428571426	-1.1350000000000007	0	0	0	0	0	0	-6886.417872457012	0.2635147249825162	1.0E-5
1.220238095238095	-1.1500000000000001	0	0	0	0	0	0	-6831.718338618025	0.2641293324594684	1.0E-5
1.2351190476190477	-1.165	0	0	0	0	0	0	-6775.454841555129	0.2647639388421427	1.0E-5
1.25	-1.18	0	0	0	0	0	0	-6717.6080660931275	0.2654189597404362	1.0E-5
1.175595238095238	-1.0899999999999996	0	0	0	0	0	0	-7049.755167986794	0.26169336246477737	1.0E-5
1.1904761904761902	-1.1050000000000002	0	0	0	0	0	0	-6998.996252878098	0.26225713440103354	1.0E-5
1.2053571428571428	-1.12	0	0	0	0	0	0	-6946.726992957719	0.2628397916388851	9.999999999999999E-6
1.2202380952380953	-1.135	0	0	0	0	0	0	-6892.946739907915	0.26344152189431697	1.0E-5
1.2351190476190477	-1.15	0	0	0	0	0	0	-6837.6531652572785	0.2640625357665322	1.0E-5
1.25	-1.1650000000000003	0	0	0	0	0	0	-6780.827859399102	0.26470322954272146	9.999999999999999E-6
1.1904761904761907	-1.09	0	0	0	0	0	0	-7057.916972603427	0.2616028991968991	1.0E-5
1.2053571428571428	-1.105	0	0	0	0	0	0	-7006.453582294892	0.26217418028631395	1.0E-5
1.2202380952380953	-1.1199999999999997	0	0	0	0	0	0	-6953.5279748495705	0.2627638585577537	1.0000000000000003E-5
1.2351190476190477	-1.1350000000000005	0	0	0	0	0	0	-6899.139472675106	0.26337211834011315	1.0E-5
1.25	-1.1500000000000001	0	0	0	0	0	0	-6843.270741412586	0.2639993349682723	1.0E-5
1.2053571428571428	-1.09	0	0	0	0	0	0	-7065.660736827384	0.26151711775259684	1.0E-5
1.220238095238095	-1.1049999999999998	0	0	0	0	0	0	-7013.525228703071	0.26209555671898144	9.999999999999999E-6
1.2351190476190474	-1.12	0	0	0	0	0	0	-6959.976944102651	0.26269188912029595	1.0E-5
1.25	-1.135	0	0	0	0	0	0	-6904.999773503975	0.2633064679869478	1.0000000000000003E-5
1.220238095238095	-1.0899999999999999	0	0	0	0	0	0	-7073.001575696022	0.26143584321194807	1.0000000000000003E-5
1.2351190476190477	-1.1049999999999998	0	0	0	0	0	0	-7020.228742084028	0.26202106231265343	1.0E-5
1.25	-1.12	0	0	0	0	0	0	-6966.078109854244	0.2626238310660591	1.0E-5
1.235119047619048	-1.09	0	0	0	0	0	0	-7079.957910242353	0.2613588648171617	1.0000000000000003E-5
1.25	-1.105	0	0	0	0	0	0	-7026.568882064094	0.26195063841426136	1.0E-5
1.25	-1.09	0	0	0	0	0	0	-7086.535095890448	0.2612861170497395	1.0E-5
0	-1.0750000000000002	0	0	0	0	0	0	-5506.085367015681	0.2797066385829196	1.0E-5
0.01488095238095255	-1.0750000000000002	0	0	0	0	0	0	-5506.985558743251	0.27969564511264217	1.0E-5
0	-1.06	0	0	0	0	0	0	-5494.85988978495	0.27984377113784875	1.0E-5
0.014880952380952547	-1.06	0	0	0	0	0	0	-5495.798278937958	0.2798323045575551	1.0E-5
0.029761904761904892	-1.0750000000000002	0	0	0	0	0	0	-5509.084331568126	0.2796700161198924	1.0E-5
0	-1.0450000000000002	0	0	0	0	0	0	-5481.440955627074	0.2800078033931611	1.0000000000000003E-5
0.014880952380952541	-1.045	0	0	0	0	0	0	-5482.418784771863	0.279995846650757	1.0E-5
0.029761904761904885	-1.06	0	0	0	0	0	0	-5497.986117178345	0.27980557257464345	1.0E-5
0	-1.03	0	0	0	0	0	0	-5465.836979251265	0.2801986873193271	1.0E-5
0.014880952380952541	-1.0300000000000002	0	0	0	0	0	0	-5466.855511828671	0.2801862229395401	1.000000000000001E-5
0.029761904761904885	-1.0450000000000002	0	0	0	0	0	0	-5484.698585449833	0.27996797193104794	1.0E-5
0.04464285714285721	-1.0600000000000003	0	0	0	0	0	0	-5501.544115227753	0.2797621058071536	1.0E-5
0	-1.0150000000000001	0	0	0	0	0	0	-5448.055638639008	0.2804163920210767	1.0E-5
0.014880952380952536	-1.0149999999999997	0	0	0	0	0	0	-5449.116161070553	0.28040340207540826	1.0E-5
0.029761904761904878	-1.0300000000000002	0	0	0	0	0	0	-5469.230220694693	0.2801571647492008	1.0E-5
0.04464285714285722	-1.045	0	0	0	0	0	0	-5488.406169109546	0.2799226469239903	1.0E-5
0.059523809523809576	-1.06	0	0	0	0	0	0	-5506.483000467249	0.2797017824748323	9.999999999999999E-6
0	-1	0	0	0	0	0	0	-5428.103905710814	0.28066090306112434	1.0E-5
0.014880952380952531	-1	0	0	0	0	0	0	-5429.207729518791	0.2806473691383086	1.0E-5
0.02976190476190487	-1.015	0	0	0	0	0	0	-5451.588777499091	0.2803731186234821	9.999999999999999E-6
0.04464285714285722	-1.0300000000000002	0	0	0	0	0	0	-5473.092181265638	0.28010991528015283	1.000000000000001E-5
0.05952380952380958	-1.0450000000000002	0	0	0	0	0	0	-5493.552761042003	0.27985974442901934	1.0E-5
0.07440476190476192	-1.06	0	0	0	0	0	0	-5512.798808472822	0.2796246639130776	1.0E-5
0.08928571428571437	-1.0750000000000002	0	0	0	0	0	0	-5530.66314879519	0.2794066699232181	1.0E-5
0	-0.9850000000000002	0	0	0	0	0	0	-5405.988075854635	0.28093222177245575	1.0E-5
0.014880952380952526	-0.9850000000000001	0	0	0	0	0	0	-5407.136539830862	0.2809181249491042	1.0E-5
0.029761904761904875	-1	0	0	0	0	0	0	-5431.781311435964	0.2806158175079589	9.999999999999999E-6
0.04464285714285722	-1.0149999999999997	0	0	0	0	0	0	-5455.609993668603	0.2803238767489805	1.0E-5
0.05952380952380958	-1.0300000000000002	0	0	0	0	0	0	-5478.453132676414	0.2800443417378068	1.0E-5
0.07440476190476192	-1.0450000000000002	0	0	0	0	0	0	-5500.134295745621	0.27977932810449435	1.0E-5
0.08928571428571434	-1.06	0	0	0	0	0	0	-5520.481557314942	0.2795308884790274	1.0000000000000008E-5
0	-0.97	0	0	0	0	0	0	-5381.713795906849	0.2812303645602885	1.0E-5
0.014880952380952522	-0.97	0	0	0	0	0	0	-5382.908268364628	0.2812156853714226	1.0E-5
0.029761904761904875	-0.9849999999999999	0	0	0	0	0	0	-5409.814208754824	0.2808852610292901	1.0E-5
0.04464285714285722	-1	0	0	0	0	0	0	-5435.966757249321	0.28056451345199807	1.000000000000001E-5
0.059523809523809576	-1.015	0	0	0	0	0	0	-5461.192079048009	0.2802555378812929	1.0000000000000003E-5
0.07440476190476192	-1.0300000000000002	0	0	0	0	0	0	-5485.308905157181	0.2799605102129906	1.0E-5
0.08928571428571436	-1.0450000000000004	0	0	0	0	0	0	-5508.140454914046	0.2796815418481399	9.999999999999999E-6
0.10416666666666671	-1.0600000000000003	0	0	0	0	0	0	-5529.517268512747	0.27942064672671796	1.0E-5
0	-0.9550000000000001	0	0	0	0	0	0	-5355.286090133438	0.2815553621948989	1.0E-5
0.014880952380952519	-0.9550000000000001	0	0	0	0	0	0	-5356.52797127763	0.28154008060408536	1.0000000000000003E-5
0.029761904761904864	-0.97	0	0	0	0	0	0	-5385.693214639185	0.28118146378830644	1.0000000000000003E-5
0.04464285714285721	-0.9850000000000003	0	0	0	0	0	0	-5414.168961768597	0.2808318230724985	1.0E-5
0.05952380952380958	-1	0	0	0	0	0	0	-5441.776883775516	0.280493312433579	1.0E-5
0.0744047619047619	-1.0150000000000001	0	0	0	0	0	0	-5468.330756727765	0.2801681706508132	9.999999999999999E-6
0.08928571428571434	-1.0300000000000002	0	0	0	0	0	0	-5493.648833344603	0.2798585703758098	1.000000000000001E-5
0.10416666666666671	-1.0450000000000002	0	0	0	0	0	0	-5517.556772288873	0.2795665839218018	1.0E-5
0.11904761904761908	-1.06	0	0	0	0	0	0	-5539.888663153951	0.2792941727411586	1.000000000000001E-5
0.13392857142857137	-1.0750000000000004	0	0	0	0	0	0	-5560.487480726915	0.27904318409182133	9.999999999999992E-6
0	-0.9400000000000002	0	0	0	0	0	0	-5326.709383725127	0.28190725909645653	1.0E-5
0.014880952380952515	-0.9399999999999997	0	0	0	0	0	0	-5328.000108175567	0.28189135446527697	1.0E-5
0.029761904761904864	-0.9550000000000001	0	0	0	0	0	0	-5359.423459579966	0.2815044546515111	1.0E-5
0.04464285714285721	-0.9699999999999998	0	0	0	0	0	0	-5390.222464386516	0.2811258181566695	1.0E-5
0.05952380952380958	-0.9850000000000003	0	0	0	0	0	0	-5420.214180539901	0.2807576603772475	1.0E-5
0.0744047619047619	-1	0	0	0	0	0	0	-5449.207304327062	0.28040228572802695	9.999999999999999E-6
0.08928571428571434	-1.0150000000000001	0	0	0	0	0	0	-5477.015003900142	0.28006193073121227	1.0000000000000011E-5
0.10416666666666669	-1.0300000000000002	0	0	0	0	0	0	-5503.45794771256	0.2797387285129108	1.0E-5
0.11904761904761904	-1.0450000000000002	0	0	0	0	0	0	-5528.365357801013	0.2794346979275423	9.99999999999999E-6
0.1339285714285714	-1.0600000000000003	0	0	0	0	0	0	-5551.575473023012	0.2791517401477944	1.0E-5
0.1488095238095239	-1.0750000000000002	0	0	0	0	0	0	-5572.935784473595	0.2788916381950555	1.0E-5
0	-0.9250000000000002	0	0	0	0	0	0	-5295.98752329412	0.2822861126128434	1.0E-5
0.01488095238095251	-0.925	0	0	0	0	0	0	-5297.3285627985215	0.28226956366944234	9.999999999999999E-6
0.029761904761904864	-0.9400000000000001	0	0	0	0	0	0	-5331.009483380103	0.2818542760336941	1.0000000000000003E-5
0.04464285714285721	-0.9550000000000001	0	0	0	0	0	0	-5364.132516478528	0.28144652540356946	1.0E-5
0.05952380952380956	-0.9699999999999998	0	0	0	0	0	0	-5396.509982082296	0.28104859140381916	1.0000000000000003E-5
0.07440476190476192	-0.9850000000000005	0	0	0	0	0	0	-5427.945366109517	0.280662846968058	1.0E-5
0.08928571428571433	-1	0	0	0	0	0	0	-5458.246628438783	0.280291595244169	1.0E-5
0.10416666666666671	-1.015	0	0	0	0	0	0	-5487.229332595375	0.27993703275127224	1.0E-5
0.11904761904761908	-1.0300000000000002	0	0	0	0	0	0	-5514.717727625027	0.2796012381332012	1.0000000000000008E-5
0.1339285714285714	-1.0450000000000004	0	0	0	0	0	0	-5540.545220338506	0.2792861686606343	1.0E-5
0.1488095238095239	-1.06	0	0	0	0	0	0	-5564.554613962539	0.27899365977711293	1.0E-5
0.16369047619047628	-1.0750000000000004	0	0	0	0	0	0	-5586.598235044508	0.2787254261291363	1.0000000000000003E-5
0	-0.91	0	0	0	0	0	0	-5263.1237938416125	0.2826919922911445	1.0E-5
0.01488095238095251	-0.9100000000000001	0	0	0	0	0	0	-5264.51666021518	0.2826747770976138	1.0E-5
0.029761904761904864	-0.9249999999999998	0	0	0	0	0	0	-5300.455256280746	0.2822309831726805	1.0000000000000003E-5
0.044642857142857206	-0.94	0	0	0	0	0	0	-5335.903788215282	0.28179398494520075	1.0E-5
0.05952380952380956	-0.9550000000000001	0	0	0	0	0	0	-5370.669707628586	0.28136612920157805	9.999999999999999E-6
0.07440476190476189	-0.9699999999999995	0	0	0	0	0	0	-5404.551154052991	0.2809498604072259	1.0E-5
0.08928571428571434	-0.9850000000000003	0	0	0	0	0	0	-5437.350750193926	0.2805475512218657	1.0000000000000008E-5
0.10416666666666671	-1	0	0	0	0	0	0	-5468.878834691142	0.2801614642718875	9.999999999999999E-6
0.11904761904761907	-1.0150000000000001	0	0	0	0	0	0	-5498.95457255124	0.27979374051764416	9.999999999999999E-6
0.13392857142857137	-1.0300000000000002	0	0	0	0	0	0	-5527.406436106819	0.27944639565917434	9.999999999999992E-6
0.1488095238095239	-1.0450000000000002	0	0	0	0	0	0	-5554.072446759411	0.2791213196899459	1.0E-5
0.16369047619047628	-1.0600000000000003	0	0	0	0	0	0	-5578.800303881116	0.27882027797813086	1.0E-5
0.17857142857142866	-1.0750000000000004	0	0	0	0	0	0	-5601.447446604545	0.278544913254094	1.0E-5
0	-0.895	0	0	0	0	0	0	-5228.120931652916	0.2831249791430852	1.0000000000000003E-5
0.0148809523809525	-0.895	0	0	0	0	0	0	-5229.5671799835145	0.2831070750614527	1.0E-5
0.029761904761904864	-0.91	0	0	0	0	0	0	-5267.764196682038	0.2826346433969414	1.0E-5
0.044642857142857206	-0.9249999999999998	0	0	0	0	0	0	-5305.5403903996485	0.2821682496177506	1.0E-5
0.05952380952380956	-0.94	0	0	0	0	0	0	-5342.698208260215	0.28171031073208674	1.0000000000000003E-5
0.07440476190476192	-0.9550000000000001	0	0	0	0	0	0	-5379.030302151807	0.28126334587975865	1.0E-5
0.08928571428571436	-0.97	0	0	0	0	0	0	-5414.333823960079	0.28082980024715704	1.0E-5
0.10416666666666667	-0.9850000000000003	0	0	0	0	0	0	-5448.41376293859	0.2804120054114665	1.0E-5
0.11904761904761904	-1	0	0	0	0	0	0	-5481.084084320587	0.28001216730911616	9.999999999999992E-6
0.1339285714285714	-1.015	0	0	0	0	0	0	-5512.168218355059	0.2796323625393204	1.0E-5
0.1488095238095239	-1.0300000000000002	0	0	0	0	0	0	-5541.499304676018	0.27927453792045503	9.999999999999999E-6
0.16369047619047622	-1.0450000000000002	0	0	0	0	0	0	-5568.920323033921	0.27894051161622385	1.0E-5
0.1785714285714286	-1.0599999999999998	0	0	0	0	0	0	-5594.284157696917	0.27863197518715765	1.0E-5
0.19345238095238093	-1.0750000000000004	0	0	0	0	0	0	-5617.4536127030415	0.2783504962971239	1.0E-5
0	-0.8800000000000001	0	0	0	0	0	0	-5190.981132569941	0.2835851649041538	1.0E-5
0.0148809523809525	-0.8800000000000003	0	0	0	0	0	0	-5192.482364729458	0.2835665485607584	1.0E-5
0.029761904761904854	-0.895	0	0	0	0	0	0	-5232.939184920311	0.28306533538638295	1.0000000000000003E-5
0.04464285714285721	-0.91	0	0	0	0	0	0	-5273.045893038033	0.28256938422477623	1.0E-5
0.05952380952380956	-0.9249999999999997	0	0	0	0	0	0	-5312.599789728592	0.28208118549653144	1.0E-5
0.07440476190476192	-0.9400000000000001	0	0	0	0	0	0	-5351.387892786595	0.2816033362897045	9.999999999999999E-6
0.08928571428571434	-0.9550000000000001	0	0	0	0	0	0	-5389.2017452061955	0.28113835746007415	1.000000000000001E-5
0.10416666666666667	-0.97	0	0	0	0	0	0	-5425.84085839377	0.28068865250514896	1.0E-5
0.11904761904761907	-0.9850000000000001	0	0	0	0	0	0	-5461.113878215994	0.2802564951237142	1.0E-5
0.1339285714285714	-1	0	0	0	0	0	0	-5494.839081109516	0.27984402541427544	1.0E-5
0.1488095238095239	-1.0149999999999997	0	0	0	0	0	0	-5526.84462026445	0.27945324943182076	1.0E-5
0.16369047619047628	-1.0300000000000002	0	0	0	0	0	0	-5556.968657703012	0.27908604035529294	1.0E-5
0.17857142857142855	-1.0450000000000004	0	0	0	0	0	0	-5585.0594311719915	0.27874414059760044	1.0E-5
0.19345238095238093	-1.06	0	0	0	0	0	0	-5610.975273476121	0.27842916457878436	1.0E-5
0.20833333333333337	-1.0750000000000002	0	0	0	0	0	0	-5634.584589323833	0.27814260203998803	1.0E-5
0.0148809523809525	-0.8650000000000002	0	0	0	0	0	0	-5153.263923593068	0.28405329853352435	1.0E-5
0.029761904761904854	-0.8799999999999999	0	0	0	0	0	0	-5195.982572557946	0.2835231484260897	1.0000000000000003E-5
0.044642857142857206	-0.895	0	0	0	0	0	0	-5238.423340113568	0.28299746479269233	1.0E-5
0.05952380952380958	-0.91	0	0	0	0	0	0	-5280.37823219602	0.28247881479273534	1.0E-5
0.07440476190476189	-0.9249999999999998	0	0	0	0	0	0	-5321.628480773353	0.28196987687096764	1.0E-5
0.08928571428571434	-0.9400000000000001	0	0	0	0	0	0	-5361.959877642431	0.2814732508240593	1.000000000000001E-5
0.10416666666666667	-0.9550000000000001	0	0	0	0	0	0	-5401.166324405933	0.2809914151637652	1.0E-5
0.11904761904761904	-0.9700000000000002	0	0	0	0	0	0	-5439.051024832746	0.28052671426011044	9.999999999999999E-6
0.13392857142857137	-0.9850000000000004	0	0	0	0	0	0	-5475.426986651804	0.280081354434723	1.0000000000000003E-5
0.1488095238095239	-1	0	0	0	0	0	0	-5510.117268367934	0.27965740351866647	1.0000000000000003E-5
0.16369047619047628	-1.0150000000000003	0	0	0	0	0	0	-5542.95511186414	0.2792567920604459	1.0E-5
0.1785714285714286	-1.0300000000000002	0	0	0	0	0	0	-5573.784011362103	0.27888131549163253	9.999999999999999E-6
0.19345238095238093	-1.0450000000000002	0	0	0	0	0	0	-5602.457736807386	0.27853263696160313	9.999999999999999E-6
0.20833333333333343	-1.06	0	0	0	0	0	0	-5628.84031668467	0.2782122907160253	1.0000000000000003E-5
0.2232142857142858	-1.0750000000000004	0	0	0	0	0	0	-5652.805979729788	0.2779216859645873	1.0E-5
0.02976190476190485	-0.8650000000000002	0	0	0	0	0	0	-5156.896186640708	0.28400818165213365	1.0E-5
0.0446428571428572	-0.8799999999999999	0	0	0	0	0	0	-5201.675260024491	0.28345257781838185	1.0000000000000003E-5
0.05952380952380955	-0.895	0	0	0	0	0	0	-5246.036806378266	0.28290327096325946	9.999999999999999E-6
0.07440476190476192	-0.91	0	0	0	0	0	0	-5289.756114581808	0.28236302443638067	1.0E-5
0.08928571428571433	-0.925	0	0	0	0	0	0	-5332.6130787486245	0.2818345203782507	1.0E-5
0.10416666666666671	-0.9400000000000001	0	0	0	0	0	0	-5374.395855566763	0.28132031553328707	1.0E-5
0.11904761904761901	-0.9550000000000001	0	0	0	0	0	0	-5414.902081448208	0.2808228279717855	1.0E-5
0.13392857142857137	-0.9700000000000001	0	0	0	0	0	0	-5453.939378209933	0.280344333081076	9.999999999999999E-6
0.1488095238095239	-0.9850000000000003	0	0	0	0	0	0	-5491.325598947411	0.2798869631281108	1.0000000000000003E-5
0.16369047619047622	-1	0	0	0	0	0	0	-5526.888959970534	0.279452708510157	1.0E-5
0.1785714285714286	-1.015	0	0	0	0	0	0	-5560.468111077968	0.27904341997588605	1.0E-5
0.19345238095238093	-1.0300000000000002	0	0	0	0	0	0	-5591.912162677239	0.27866081151908056	1.0E-5
0.20833333333333343	-1.0450000000000002	0	0	0	0	0	0	-5621.080674662684	0.27830646381675084	1.0E-5
0.2232142857142857	-1.0600000000000005	0	0	0	0	0	0	-5647.843606180913	0.2779818281570669	9.999999999999999E-6
0.23809523809523814	-1.0750000000000004	0	0	0	0	0	0	-5672.081223029661	0.27768823083523725	1.0E-5
0.04464285714285719	-0.8650000000000002	0	0	0	0	0	0	-5162.803671151567	0.28393481950808264	9.99999999999999E-6
0.059523809523809576	-0.8800000000000001	0	0	0	0	0	0	-5209.57828556183	0.2833546366344702	1.0E-5
0.07440476190476192	-0.8949999999999998	0	0	0	0	0	0	-5255.774354207553	0.28278284661631053	1.0E-5
0.08928571428571434	-0.9100000000000001	0	0	0	0	0	0	-5301.165722762813	0.28222221747682674	1.0000000000000008E-5
0.10416666666666669	-0.925	0	0	0	0	0	0	-5345.534664947834	0.28167538753790033	1.0E-5
0.11904761904761901	-0.9400000000000001	0	0	0	0	0	0	-5388.673122525033	0.28114485171855785	9.999999999999999E-6
0.1339285714285714	-0.9550000000000001	0	0	0	0	0	0	-5430.383212640979	0.2806329574298611	1.0E-5
0.14880952380952386	-0.9699999999999998	0	0	0	0	0	0	-5470.477470766481	0.2801419041490109	1.0000000000000003E-5
0.16369047619047622	-0.9850000000000005	0	0	0	0	0	0	-5508.778980384375	0.27967374471790907	1.0E-5
0.17857142857142866	-1.0000000000000002	0	0	0	0	0	0	-5545.121443464945	0.27923038762245045	1.0000000000000003E-5
0.19345238095238093	-1.0150000000000001	0	0	0	0	0	0	-5579.349210686686	0.27881359994525196	1.0E-5
0.20833333333333337	-1.0300000000000002	0	0	0	0	0	0	-5611.31727620103	0.2784250108608638	9.999999999999999E-6
0.22321428571428575	-1.0450000000000004	0	0	0	0	0	0	-5640.891235692882	0.27806611561907574	1.0E-5
0.23809523809523817	-1.0599999999999998	0	0	0	0	0	0	-5667.947203979783	0.27773827999593526	1.0000000000000003E-5
0.25297619047619047	-1.0750000000000004	0	0	0	0	0	0	-5692.371687596237	0.277442745206257	1.0E-5
0.05952380952380955	-0.8650000000000002	0	0	0	0	0	0	-5171.004952971846	0.28383300394578354	9.999999999999999E-6
0.07440476190476192	-0.8800000000000001	0	0	0	0	0	0	-5219.686285183081	0.2832294210867454	1.0E-5
0.08928571428571433	-0.895	0	0	0	0	0	0	-5267.621720625412	0.28263640401598583	1.0E-5
0.10416666666666667	-0.9100000000000001	0	0	0	0	0	0	-5314.58750913402	0.2820566761078102	1.0E-5
0.11904761904761904	-0.9249999999999998	0	0	0	0	0	0	-5360.369768869948	0.28149281239896107	9.999999999999992E-6
0.1339285714285714	-0.9400000000000002	0	0	0	0	0	0	-5404.764992644332	0.2809472353961621	1.0E-5
0.14880952380952392	-0.9549999999999998	0	0	0	0	0	0	-5447.5802854934045	0.2804222146716352	1.000000000000001E-5
0.16369047619047622	-0.9699999999999998	0	0	0	0	0	0	-5488.63349011926	0.27991986821784365	1.0E-5
0.1785714285714286	-0.9850000000000004	0	0	0	0	0	0	-5527.753256068014	0.2794421647907464	1.0E-5
0.19345238095238093	-1	0	0	0	0	0	0	-5564.779072070004	0.2789909269244374	1.0E-5
0.20833333333333343	-1.0149999999999997	0	0	0	0	0	0	-5599.561266214702	0.2785678344834679	1.0E-5
0.22321428571428584	-1.0300000000000002	0	0	0	0	0	0	-5631.960972300032	0.2781744286989029	1.0E-5
0.23809523809523808	-1.0450000000000004	0	0	0	0	0	0	-5661.850058044434	0.27781211666959565	1.0E-5
0.25297619047619047	-1.0599999999999998	0	0	0	0	0	0	-5689.1110099894	0.2774821763248919	1.0E-5
0.2678571428571428	-1.0750000000000002	0	0	0	0	0	0	-5713.636770020466	0.2771857618492284	1.0E-5
0.07440476190476192	-0.8650000000000004	0	0	0	0	0	0	-5181.49452821842	0.2837028347861487	1.0E-5
0.08928571428571433	-0.8800000000000003	0	0	0	0	0	0	-5231.984536378062	0.28307715164859854	1.0000000000000003E-5
0.10416666666666667	-0.895	0	0	0	0	0	0	-5281.5587105607765	0.2824642363924529	1.0E-5
0.11904761904761908	-0.9100000000000001	0	0	0	0	0	0	-5329.997214966105	0.2818667475646886	1.000000000000001E-5
0.1339285714285714	-0.925	0	0	0	0	0	0	-5377.090798035199	0.28128718595380353	1.0E-5
0.1488095238095239	-0.9400000000000001	0	0	0	0	0	0	-5422.641021763758	0.28072789421983757	9.999999999999999E-6
0.16369047619047622	-0.9550000000000001	0	0	0	0	0	0	-5466.460380454159	0.2801910583168294	1.0E-5
0.1785714285714286	-0.97	0	0	0	0	0	0	-5508.372366685365	0.2796787099089469	1.0E-5
0.19345238095238093	-0.9850000000000004	0	0	0	0	0	0	-5548.211504415844	0.27919272945291945	1.0E-5
0.20833333333333343	-1	0	0	0	0	0	0	-5585.823353759933	0.2787348498102528	9.999999999999999E-6
0.2232142857142858	-1.0150000000000001	0	0	0	0	0	0	-5621.064485338415	0.278306660335847	1.0E-5
0.23809523809523817	-1.0299999999999998	0	0	0	0	0	0	-5653.802419291782	0.27790961142668974	1.0E-5
0.2529761904761906	-1.0450000000000004	0	0	0	0	0	0	-5683.915523104319	0.2775450195297171	1.0000000000000003E-5
0.2678571428571429	-1.0599999999999998	0	0	0	0	0	0	-5711.292862460178	0.2772140726123676	9.999999999999999E-6
0.28273809523809534	-1.075	0	0	0	0	0	0	-5735.834000020571	0.27691783609784787	1.0E-5
0.08928571428571434	-0.8650000000000002	0	0	0	0	0	0	-5194.257199525212	0.28354454098589726	9.999999999999999E-6
0.10416666666666669	-0.8800000000000001	0	0	0	0	0	0	-5246.452176670037	0.2828981329592388	9.999999999999999E-6
0.11904761904761904	-0.8949999999999998	0	0	0	0	0	0	-5297.560254000334	0.2822667046178819	9.99999999999999E-6
0.1339285714285714	-0.9100000000000001	0	0	0	0	0	0	-5347.366315607201	0.28165283833460736	1.0E-5
0.14880952380952386	-0.9249999999999998	0	0	0	0	0	0	-5395.666268741629	0.28105895295754274	1.0000000000000003E-5
0.16369047619047622	-0.9400000000000002	0	0	0	0	0	0	-5442.267152967522	0.28048730531517096	1.0E-5
0.17857142857142855	-0.9550000000000001	0	0	0	0	0	0	-5486.987200573052	0.27993999271752507	1.0E-5
0.19345238095238093	-0.97	0	0	0	0	0	0	-5529.655868675524	0.27941895611545703	1.0E-5
0.20833333333333334	-0.9850000000000003	0	0	0	0	0	0	-5570.113847428378	0.27892598377848205	1.0000000000000003E-5
0.2232142857142857	-1	0	0	0	0	0	0	-5608.21304177128	0.2784627154384504	9.999999999999999E-6
0.23809523809523814	-1.0150000000000001	0	0	0	0	0	0	-5643.816521173488	0.2780306468851314	1.0E-5
0.2529761904761906	-1.03	0	0	0	0	0	0	-5676.7984307844945	0.27763113501606757	1.0E-5
0.26785714285714296	-1.0450000000000004	0	0	0	0	0	0	-5707.043857436839	0.27726540334779426	9.999999999999999E-6
0.28273809523809534	-1.0600000000000003	0	0	0	0	0	0	-5734.4486446124765	0.27693454799395983	1.0E-5
0.29761904761904767	-1.0750000000000002	0	0	0	0	0	0	-5758.919151553484	0.2766395441106972	1.0E-5
0.10416666666666667	-0.8650000000000002	0	0	0	0	0	0	-5209.2714154121695	0.28335843897728774	1.0E-5
0.11904761904761907	-0.88	0	0	0	0	0	0	-5263.063300117083	0.28269273999148575	1.0E-5
0.1339285714285714	-0.895	0	0	0	0	0	0	-5315.596867119824	0.28204423120760375	1.0000000000000003E-5
0.14880952380952384	-0.91	0	0	0	0	0	0	-5366.6622587195425	0.2814154108709922	1.0E-5
0.16369047619047622	-0.925	0	0	0	0	0	0	-5416.060955537754	0.2808086096978986	1.0E-5
0.1785714285714286	-0.9400000000000001	0	0	0	0	0	0	-5463.6058285545805	0.28022599347730404	1.0E-5
0.19345238095238093	-0.9550000000000001	0	0	0	0	0	0	-5509.121168023	0.2796695663193881	9.999999999999999E-6
0.20833333333333334	-0.9699999999999998	0	0	0	0	0	0	-5552.4426935438205	0.279141174407894	1.0E-5
0.2232142857142858	-0.9850000000000001	0	0	0	0	0	0	-5593.417542267817	0.2786425102042516	1.0E-5
0.23809523809523808	-1	0	0	0	0	0	0	-5631.904229004621	0.2781751170921064	1.0000000000000003E-5
0.25297619047619047	-1.0150000000000001	0	0	0	0	0	0	-5667.7725708699945	0.27774039446817356	1.0000000000000003E-5
0.2678571428571429	-1.03	0	0	0	0	0	0	-5700.903569076282	0.277339603290531	1.0E-5
0.28273809523809534	-1.0450000000000004	0	0	0	0	0	0	-5731.18924112283	0.27697387209395813	9.999999999999999E-6
0.29761904761904767	-1.0600000000000003	0	0	0	0	0	0	-5758.532397732003	0.276644203476537	1.0E-5
0.31250000000000006	-1.075	0	0	0	0	0	0	-5782.846360253727	0.27635148105403234	1.0E-5
0.11904761904761904	-0.8650000000000002	0	0	0	0	0	0	-5226.510407447384	0.2831449183122272	9.999999999999992E-6
0.1339285714285714	-0.88	0	0	0	0	0	0	-5281.787434960423	0.28246141183852114	1.0E-5
0.1488095238095239	-0.895	0	0	0	0	0	0	-5335.634898307726	0.28179729692773864	1.0E-5
0.16369047619047622	-0.91	0	0	0	0	0	0	-5387.8486178619605	0.28115498129820127	1.0E-5
0.17857142857142855	-0.925	0	0	0	0	0	0	-5438.236005590208	0.2805367021440725	1.0E-5
0.19345238095238101	-0.9399999999999997	0	0	0	0	0	0	-5486.616088125806	0.27994452948883963	1.0000000000000003E-5
0.20833333333333334	-0.9550000000000001	0	0	0	0	0	0	-5532.8195167280555	0.2793803700244358	1.0E-5
0.2232142857142858	-0.9699999999999998	0	0	0	0	0	0	-5576.688560612319	0.2788459713843515	1.0E-5
0.23809523809523814	-0.9850000000000003	0	0	0	0	0	0	-5618.077076733576	0.27834292684200096	1.0E-5
0.2529761904761906	-1	0	0	0	0	0	0	-5656.850447829957	0.27787268044405494	1.0E-5
0.26785714285714285	-1.0150000000000001	0	0	0	0	0	0	-5692.8854804337425	0.27743653259422923	1.0E-5
0.2827380952380952	-1.0300000000000002	0	0	0	0	0	0	-5726.070255179371	0.2770356461017179	1.0E-5
0.29761904761904767	-1.0450000000000004	0	0	0	0	0	0	-5756.30392283454	0.27667105270295483	1.0E-5
0.3125	-1.06	0	0	0	0	0	0	-5783.496440897154	0.27634366005735045	1.0000000000000003E-5
0.32738095238095244	-1.0750000000000004	0	0	0	0	0	0	-5807.568247229179	0.27605425920810883	1.0E-5
0.1339285714285714	-0.8650000000000004	0	0	0	0	0	0	-5245.942685051309	0.2829044352292101	9.999999999999999E-6
0.14880952380952386	-0.8800000000000006	0	0	0	0	0	0	-5302.5897977812565	0.2822046482128104	1.0000000000000003E-5
0.16369047619047622	-0.8949999999999998	0	0	0	0	0	0	-5357.636686058893	0.28152643843409403	1.0E-5
0.1785714285714286	-0.9100000000000001	0	0	0	0	0	0	-5410.88520936971	0.28087211751144087	1.0E-5
0.19345238095238093	-0.925	0	0	0	0	0	0	-5462.1490383902865	0.28024382422122995	1.0E-5
0.20833333333333343	-0.9400000000000002	0	0	0	0	0	0	-5511.253662400801	0.2796435284394849	1.0E-5
0.2232142857142857	-0.9550000000000001	0	0	0	0	0	0	-5558.036386012879	0.2790730354958726	1.0E-5
0.23809523809523808	-0.9699999999999994	0	0	0	0	0	0	-5602.346307578579	0.27853399093390924	1.0E-5
0.2529761904761906	-0.9850000000000001	0	0	0	0	0	0	-5644.044270225655	0.2780278856910104	1.0E-5
0.2678571428571429	-1	0	0	0	0	0	0	-5683.002776277225	0.27755606171854114	1.0E-5
0.28273809523809534	-1.0150000000000001	0	0	0	0	0	0	-5719.105856391708	0.27711971806106545	1.0E-5
0.29761904761904767	-1.0300000000000002	0	0	0	0	0	0	-5752.24888584873	0.27671991740851226	1.0E-5
0.3125	-1.0450000000000004	0	0	0	0	0	0	-5782.338341851636	0.276357593126686	1.0E-5
0.3273809523809524	-1.06	0	0	0	0	0	0	-5809.291497404636	0.2760335567615494	1.0E-5
0.34226190476190477	-1.0750000000000004	0	0	0	0	0	0	-5833.036049161029	0.2757485060017705	1.0E-5
0.14880952380952386	-0.8650000000000003	0	0	0	0	0	0	-5267.532298178393	0.28263750904180246	1.0E-5
0.16369047619047622	-0.8800000000000001	0	0	0	0	0	0	-5325.431455943744	0.2819230070188386	9.999999999999999E-6
0.1785714285714286	-0.895	0	0	0	0	0	0	-5381.560678510164	0.2812322463231251	9.999999999999999E-6
0.19345238095238093	-0.9100000000000001	0	0	0	0	0	0	-5435.728193757055	0.28056743740784285	9.999999999999999E-6
0.20833333333333337	-0.9249999999999998	0	0	0	0	0	0	-5487.754240785727	0.27993061608685804	1.0E-5
0.22321428571428575	-0.9399999999999997	0	0	0	0	0	0	-5537.471067880042	0.27932364798509285	1.0E-5
0.23809523809523803	-0.9550000000000001	0	0	0	0	0	0	-5584.722918102758	0.2787482333719454	1.0E-5
0.2529761904761905	-0.9699999999999995	0	0	0	0	0	0	-5629.3659925807215	0.27820591239535447	1.0E-5
0.2678571428571429	-0.9850000000000001	0	0	0	0	0	0	-5671.268381241819	0.2776980707415413	1.0E-5
0.28273809523809534	-1.0000000000000002	0	0	0	0	0	0	-5710.309951284492	0.27722594574499704	1.0E-5
0.2976190476190476	-1.0150000000000001	0	0	0	0	0	0	-5746.382184729592	0.2767906329679618	1.0E-5
0.3125	-1.0300000000000002	0	0	0	0	0	0	-5779.38795786433	0.2763930932602274	1.0E-5
0.3273809523809524	-1.0450000000000004	0	0	0	0	0	0	-5809.241257124101	0.27603416029971584	1.0E-5
0.34226190476190477	-1.0600000000000003	0	0	0	0	0	0	-5835.866827875499	0.27571454860277295	1.0000000000000003E-5
0.35714285714285726	-1.0750000000000002	0	0	0	0	0	0	-5859.199754578971	0.27543486198111183	1.0E-5
0.16369047619047628	-0.8650000000000002	0	0	0	0	0	0	-5291.239004591372	0.28234471964496316	1.0E-5
0.17857142857142855	-0.8799999999999999	0	0	0	0	0	0	-5350.269449965559	0.2816171023552637	9.999999999999999E-6
0.19345238095238093	-0.895	0	0	0	0	0	0	-5407.361536643591	0.2809153633197459	1.0E-5
0.20833333333333334	-0.91	0	0	0	0	0	0	-5462.330172010501	0.28024160711947793	9.999999999999992E-6
0.22321428571428575	-0.925	0	0	0	0	0	0	-5515.002462656382	0.27959776234365935	1.0E-5
0.23809523809523803	-0.9400000000000002	0	0	0	0	0	0	-5565.217705303995	0.2789855865112609	1.0E-5
0.2529761904761905	-0.9550000000000004	0	0	0	0	0	0	-5612.827361233551	0.27840667136976227	1.0E-5
0.2678571428571428	-0.9699999999999995	0	0	0	0	0	0	-5657.695002932058	0.2778624486010096	9.999999999999999E-6
0.28273809523809523	-0.9850000000000003	0	0	0	0	0	0	-5699.696222137712	0.277354195964407	1.0E-5
0.2976190476190476	-1	0	0	0	0	0	0	-5738.718489482416	0.2768830439026551	1.0E-5
0.3124999999999999	-1.0150000000000001	0	0	0	0	0	0	-5774.660957396831	0.27644998262683496	9.999999999999999E-6
0.32738095238095244	-1.0300000000000002	0	0	0	0	0	0	-5807.4341997148385	0.27605586968699297	1.0E-5
0.34226190476190477	-1.0450000000000004	0	0	0	0	0	0	-5836.959883401797	0.27570143802236047	1.0E-5
0.3571428571428571	-1.0600000000000003	0	0	0	0	0	0	-5863.170369945451	0.27538730447264426	1.0E-5
0.3720238095238096	-1.0750000000000002	0	0	0	0	0	0	-5886.008246108953	0.27511397871901994	9.999999999999999E-6
0.1785714285714286	-0.8650000000000007	0	0	0	0	0	0	-5317.018395288176	0.28202670546869996	1.0E-5
0.19345238095238093	-0.8800000000000003	0	0	0	0	0	0	-5377.056898660086	0.2812876026597376	9.999999999999999E-6
0.20833333333333334	-0.895	0	0	0	0	0	0	-5434.990231913245	0.280576482467049	9.999999999999994E-6
0.22321428571428575	-0.91	0	0	0	0	0	0	-5490.640282296831	0.27989533917983167	1.0E-5
0.23809523809523808	-0.925	0	0	0	0	0	0	-5543.841316309364	0.27924599015226165	9.999999999999999E-6
0.25297619047619047	-0.9400000000000002	0	0	0	0	0	0	-5594.439963754216	0.27863008118122823	1.0E-5
0.2678571428571428	-0.9549999999999997	0	0	0	0	0	0	-5642.295179550924	0.2780490922680564	1.0000000000000003E-5
0.28273809523809534	-0.9699999999999995	0	0	0	0	0	0	-5687.278171312653	0.2775043438002751	1.0000000000000003E-5
0.29761904761904767	-0.9850000000000004	0	0	0	0	0	0	-5729.272281681347	0.2769970031849655	1.0E-5
0.31249999999999994	-1	0	0	0	0	0	0	-5768.172815859329	0.27652809195697026	1.0E-5
0.3273809523809524	-1.0150000000000001	0	0	0	0	0	0	-5803.886806572074	0.2760984933744576	1.0E-5
0.3422619047619047	-1.0300000000000002	0	0	0	0	0	0	-5836.332710743345	0.2757089605019016	1.0E-5
0.35714285714285715	-1.0450000000000002	0	0	0	0	0	0	-5865.440034370287	0.2753601247672022	1.0E-5
0.3720238095238096	-1.06	0	0	0	0	0	0	-5891.148884366625	0.2750525049660554	9.999999999999999E-6
0.38690476190476186	-1.0750000000000002	0	0	0	0	0	0	-5913.409448416277	0.27478651667333076	1.0E-5
0.19345238095238093	-0.8650000000000002	0	0	0	0	0	0	-5344.822001761645	0.28168416158032444	1.0000000000000003E-5
0.20833333333333337	-0.8800000000000003	0	0	0	0	0	0	-5405.743098200482	0.2809352288554884	1.0E-5
0.22321428571428575	-0.895	0	0	0	0	0	0	-5464.3941440274375	0.28021634524616823	1.0E-5
0.23809523809523817	-0.9100000000000001	0	0	0	0	0	0	-5520.6043002858605	0.27952939058504456	1.0E-5
0.2529761904761906	-0.925	0	0	0	0	0	0	-5574.215281524493	0.2788760672222116	1.0E-5
0.2678571428571429	-0.9400000000000001	0	0	0	0	0	0	-5625.081331644012	0.27825790585618876	1.0E-5
0.2827380952380953	-0.9550000000000001	0	0	0	0	0	0	-5673.069170645921	0.27767627176290544	1.0000000000000003E-5
0.29761904761904756	-0.9699999999999998	0	0	0	0	0	0	-5718.057900004189	0.2771323714607979	9.999999999999999E-6
0.31249999999999994	-0.9850000000000003	0	0	0	0	0	0	-5759.938855797953	0.2766272598422291	1.0E-5
0.32738095238095233	-1.0000000000000002	0	0	0	0	0	0	-5798.615400548085	0.2761618477906588	1.0E-5
0.3422619047619047	-1.0150000000000001	0	0	0	0	0	0	-5834.002646793734	0.27573691029025815	1.0E-5
0.3571428571428572	-1.0300000000000002	0	0	0	0	0	0	-5866.027107733799	0.2753530950207674	1.0E-5
0.37202380952380953	-1.0450000000000002	0	0	0	0	0	0	-5894.626272653363	0.27501093141600214	1.0E-5
0.386904761904762	-1.06	0	0	0	0	0	0	-5919.748107270445	0.2747108401501323	1.0E-5
0.4017857142857143	-1.0750000000000002	0	0	0	0	0	0	-5941.350481491576	0.27445314300221035	1.0E-5
0.20833333333333334	-0.8650000000000002	0	0	0	0	0	0	-5374.597396642368	0.28131783778816905	1.0E-5
0.22321428571428575	-0.8800000000000001	0	0	0	0	0	0	-5436.273621046229	0.28056075242445144	1.0E-5
0.23809523809523808	-0.895	0	0	0	0	0	0	-5495.517162210179	0.2798357395855112	1.0E-5
0.2529761904761906	-0.9100000000000001	0	0	0	0	0	0	-5552.1647451046	0.27914456072703975	1.0000000000000003E-5
0.2678571428571428	-0.925	0	0	0	0	0	0	-5606.065817566459	0.2784887996684548	1.0E-5
0.28273809523809534	-0.9400000000000002	0	0	0	0	0	0	-5657.082515506612	0.27786986888139303	1.0E-5
0.29761904761904767	-0.9550000000000001	0	0	0	0	0	0	-5705.089591370229	0.27728901619387536	1.0000000000000003E-5
0.31250000000000006	-0.9699999999999995	0	0	0	0	0	0	-5749.974293618524	0.27674733194766543	1.0E-5
0.32738095238095244	-0.9850000000000004	0	0	0	0	0	0	-5791.63618679772	0.2762457566357231	1.0E-5
0.3422619047619047	-0.9999999999999998	0	0	0	0	0	0	-5829.986903886957	0.27578508903376325	1.0E-5
0.3571428571428572	-1.0150000000000001	0	0	0	0	0	0	-5864.949824977194	0.2753659948255646	9.999999999999999E-6
0.3720238095238094	-1.03	0	0	0	0	0	0	-5896.45967883553	0.27498901570656215	1.0E-5
0.386904761904762	-1.0450000000000004	0	0	0	0	0	0	-5924.462066462019	0.2746545789350607	1.0E-5
0.4017857142857143	-1.06	0	0	0	0	0	0	-5948.912908261595	0.274363007285709	1.0E-5
0.41666666666666674	-1.075	0	0	0	0	0	0	-5969.7778188499815	0.27411452934617897	1.0E-5
0.23809523809523814	-0.8800000000000001	0	0	0	0	0	0	-5468.5904181792785	0.2801649933639867	1.0E-5
0.25297619047619047	-0.8950000000000002	0	0	0	0	0	0	-5528.299792044021	0.2794354977350597	1.0E-5
0.26785714285714285	-0.91	0	0	0	0	0	0	-5585.260992307956	0.2787416891847729	9.999999999999999E-6
0.28273809523809534	-0.9249999999999998	0	0	0	0	0	0	-5639.331483133344	0.27808502972600313	1.0E-5
0.29761904761904767	-0.9400000000000002	0	0	0	0	0	0	-5690.38156728303	0.2774668107350408	1.0E-5
0.31250000000000006	-0.9550000000000001	0	0	0	0	0	0	-5738.294292438524	0.27688816014067313	1.0E-5
0.3273809523809523	-0.9699999999999998	0	0	0	0	0	0	-5782.965300667155	0.27635005008306635	1.0E-5
0.3422619047619047	-0.9850000000000001	0	0	0	0	0	0	-5824.302611290266	0.2758533050644152	1.0E-5
0.35714285714285726	-1	0	0	0	0	0	0	-5862.226329823094	0.27539861059861376	1.0E-5
0.37202380952380953	-1.0150000000000006	0	0	0	0	0	0	-5896.668278256939	0.27498652235144977	1.0E-5
0.38690476190476186	-1.0300000000000002	0	0	0	0	0	0	-5927.5715446395225	0.2746174757467426	1.0000000000000003E-5
0.4017857142857143	-1.0450000000000004	0	0	0	0	0	0	-5954.889952585918	0.27429179599808906	1.0E-5
0.41666666666666685	-1.0600000000000003	0	0	0	0	0	0	-5978.58745393111	0.2740097085110268	1.0E-5
0.43154761904761907	-1.075	0	0	0	0	0	0	-5998.637450135456	0.27377134958694954	1.0000000000000003E-5
0.23809523809523808	-0.8650000000000002	0	0	0	0	0	0	-5439.834651991326	0.2805171114664525	1.0000000000000003E-5
0.2529761904761904	-0.88	0	0	0	0	0	0	-5502.631926835922	0.279748818001377	1.0E-5
0.2678571428571428	-0.895	0	0	0	0	0	0	-5562.679269347499	0.27901649399095324	1.0E-5
0.28273809523809534	-0.91	0	0	0	0	0	0	-5619.8293948979235	0.2783216533655942	1.0E-5
0.29761904761904756	-0.9249999999999997	0	0	0	0	0	0	-5673.948065004091	0.2776656333192932	1.0000000000000003E-5
0.3125	-0.9400000000000002	0	0	0	0	0	0	-5724.91402067648	0.2770496015397135	1.0E-5
0.32738095238095244	-0.9550000000000001	0	0	0	0	0	0	-5772.618862223226	0.27647456389254443	1.0E-5
0.3422619047619047	-0.9699999999999995	0	0	0	0	0	0	-5816.96686423091	0.27594137259064583	1.0E-5
0.35714285714285715	-0.9850000000000004	0	0	0	0	0	0	-5857.874716905401	0.2754507348635929	9.999999999999999E-6
0.3720238095238094	-1	0	0	0	0	0	0	-5895.271187642147	0.2750032221269342	1.0E-5
0.38690476190476186	-1.0150000000000001	0	0	0	0	0	0	-5929.096699505622	0.27459927963356073	1.0000000000000003E-5
0.4017857142857142	-1.03	0	0	0	0	0	0	-5959.302826132563	0.2742392365727771	9.999999999999999E-6
0.41666666666666663	-1.0450000000000004	0	0	0	0	0	0	-5985.851705336464	0.2739233165666152	9.999999999999999E-6
0.431547619047619	-1.06	0	0	0	0	0	0	-6008.715376292322	0.27365164849819207	1.0E-5
0.2529761904761905	-0.8650000000000002	0	0	0	0	0	0	-5475.172782765453	0.2800844638552875	1.0000000000000003E-5
0.2678571428571428	-0.88	0	0	0	0	0	0	-5538.333185254743	0.2793131366502426	9.999999999999999E-6
0.28273809523809534	-0.8950000000000002	0	0	0	0	0	0	-5598.589682181586	0.27857964226159054	1.0E-5
0.29761904761904767	-0.91	0	0	0	0	0	0	-5655.803413215602	0.27788536599270103	1.0E-5
0.31250000000000006	-0.925	0	0	0	0	0	0	-5709.848716013766	0.2772315174856342	1.0E-5
0.32738095238095244	-0.9400000000000002	0	0	0	0	0	0	-5760.61303704012	0.2766191384383691	9.999999999999999E-6
0.3422619047619047	-0.9550000000000001	0	0	0	0	0	0	-5807.996780060357	0.2760491107945499	1.0E-5
0.3571428571428571	-0.97	0	0	0	0	0	0	-5851.913081905147	0.2755221654304365	1.0E-5
0.3720238095238095	-0.9850000000000003	0	0	0	0	0	0	-5892.287507854267	0.27503889134702814	1.0E-5
0.386904761904762	-1	0	0	0	0	0	0	-5929.05766191928	0.2745997453576545	9.999999999999999E-6
0.4017857142857142	-1.015	0	0	0	0	0	0	-5962.172710290783	0.27420506224349483	1.0E-5
0.41666666666666663	-1.03	0	0	0	0	0	0	-5991.592819163552	0.2738550653322139	1.0E-5
0.4315476190476192	-1.0450000000000002	0	0	0	0	0	0	-6017.288510960483	0.2735498774388405	1.0E-5
0.4464285714285714	-1.0600000000000003	0	0	0	0	0	0	-6039.239945557708	0.2732895320936736	1.0E-5
0.28273809523809534	-0.88	0	0	0	0	0	0	-5575.6259555970755	0.2788589010993126	1.0E-5
0.29761904761904767	-0.8949999999999998	0	0	0	0	0	0	-5635.96210187202	0.27812589347068123	1.0E-5
0.3125	-0.91	0	0	0	0	0	0	-5693.113754398772	0.27743377243771394	1.0E-5
0.32738095238095233	-0.9249999999999998	0	0	0	0	0	0	-5746.964102887976	0.276783617654544	1.0E-5
0.34226190476190477	-0.9400000000000001	0	0	0	0	0	0	-5797.409561180611	0.2761763428389274	1.0E-5
0.3571428571428572	-0.9550000000000001	0	0	0	0	0	0	-5844.35957930265	0.275612704476595	1.0E-5
0.37202380952380953	-0.97	0	0	0	0	0	0	-5887.736375110078	0.27509331103179757	1.0000000000000003E-5
0.38690476190476186	-0.9850000000000003	0	0	0	0	0	0	-5927.4745792742415	0.274618632663173	9.999999999999999E-6
0.4017857142857142	-0.9999999999999996	0	0	0	0	0	0	-5963.520790491855	0.27418901142524954	1.0000000000000003E-5
0.41666666666666663	-1.0150000000000003	0	0	0	0	0	0	-5995.833040933287	0.27380467191739877	1.0E-5
0.43154761904761907	-1.0300000000000002	0	0	0	0	0	0	-6024.380174960064	0.27346573232461185	1.0E-5
0.4464285714285715	-1.0450000000000004	0	0	0	0	0	0	-6049.141146950669	0.2731722157786882	1.0000000000000003E-5
0.46130952380952384	-1.06	0	0	0	0	0	0	-6070.104246588194	0.2729240619547847	1.0E-5
0.4761904761904763	-1.0750000000000002	0	0	0	0	0	0	-6087.2662621188865	0.2727211388070967	1.0E-5
0.2827380952380953	-0.8650000000000002	0	0	0	0	0	0	-5550.952077346192	0.2791593355567034	9.999999999999999E-6
0.29761904761904767	-0.8800000000000003	0	0	0	0	0	0	-5614.43885598992	0.2783871019284126	9.999999999999999E-6
0.3125	-0.895	0	0	0	0	0	0	-5674.724723806331	0.27765623279589646	1.0E-5
0.32738095238095233	-0.91	0	0	0	0	0	0	-5731.6885220044815	0.2769678478999436	1.0E-5
0.3422619047619047	-0.9249999999999997	0	0	0	0	0	0	-5785.222564386914	0.27632289478689476	1.0E-5
0.3571428571428572	-0.9400000000000002	0	0	0	0	0	0	-5835.232487379123	0.2757221575333235	1.0E-5
0.37202380952380953	-0.9550000000000001	0	0	0	0	0	0	-5881.637020270389	0.2751662659727484	1.0E-5
0.386904761904762	-0.9699999999999998	0	0	0	0	0	0	-5924.367667763822	0.27465570543329204	1.0E-5
0.4017857142857142	-0.9850000000000004	0	0	0	0	0	0	-5963.3683002034395	0.27419082697547686	9.999999999999999E-6
0.4166666666666667	-1	0	0	0	0	0	0	-5998.594650153024	0.27377185809963217	1.0E-5
0.43154761904761907	-1.015	0	0	0	0	0	0	-6030.013717229283	0.27339891387352977	1.0E-5
0.4464285714285717	-1.03	0	0	0	0	0	0	-6057.603086133429	0.27307200841355245	9.999999999999999E-6
0.46130952380952395	-1.0450000000000004	0	0	0	0	0	0	-6081.350165584867	0.27279106663752106	1.0E-5
0.47619047619047633	-1.06	0	0	0	0	0	0	-6101.251358261045	0.27255593619466284	1.0E-5
0.4910714285714286	-1.0750000000000002	0	0	0	0	0	0	-6117.311173831719	0.2723663994683449	1.0E-5
0.29761904761904767	-0.8650000000000002	0	0	0	0	0	0	-5591.248713184094	0.278668877723363	1.0E-5
0.3125	-0.88	0	0	0	0	0	0	-5654.697502517716	0.2778987656499285	1.0000000000000003E-5
0.3273809523809524	-0.895	0	0	0	0	0	0	-5714.803018675805	0.2771716767444573	1.0E-5
0.34226190476190477	-0.91	0	0	0	0	0	0	-5771.453376319186	0.2764885944361656	1.0E-5
0.3571428571428572	-0.9249999999999998	0	0	0	0	0	0	-5824.550280131682	0.275850332379751	1.0E-5
0.37202380952380953	-0.9400000000000002	0	0	0	0	0	0	-5874.008835847454	0.2752575436986669	1.0E-5
0.38690476190476203	-0.9550000000000001	0	0	0	0	0	0	-5919.757273158037	0.27471073073997204	9.999999999999999E-6
0.4017857142857143	-0.9699999999999998	0	0	0	0	0	0	-5961.736574215451	0.2742102553398762	1.0E-5
0.4166666666666667	-0.9850000000000003	0	0	0	0	0	0	-5999.900004924831	0.27375634957821343	1.0E-5
0.43154761904761907	-1	0	0	0	0	0	0	-6034.212549656982	0.2733491269797715	9.999999999999999E-6
0.4464285714285716	-1.0150000000000003	0	0	0	0	0	0	-6064.650253290533	0.272988594101498	9.999999999999999E-6
0.46130952380952384	-1.0300000000000002	0	0	0	0	0	0	-6091.199477508162	0.2726746624277689	1.0E-5
0.47619047619047633	-1.0450000000000004	0	0	0	0	0	0	-6113.856080931821	0.27240716048164687	1.0000000000000003E-5
0.4910714285714286	-1.06	0	0	0	0	0	0	-6132.624534919007	0.27218584604872	1.0000000000000003E-5
0.5059523809523809	-1.0750000000000002	0	0	0	0	0	0	-6147.516988610475	0.2720104184018379	9.999999999999999E-6
0.31249999999999994	-0.8650000000000002	0	0	0	0	0	0	-5633.048341746678	0.27816123745530835	1.0E-5
0.32738095238095244	-0.8800000000000001	0	0	0	0	0	0	-5696.324661907011	0.2773949516768541	1.0E-5
0.3422619047619047	-0.8950000000000002	0	0	0	0	0	0	-5756.119894761372	0.27667327006937886	9.999999999999999E-6
0.35714285714285715	-0.91	0	0	0	0	0	0	-5812.331705805364	0.27599703784680246	1.0E-5
0.37202380952380953	-0.925	0	0	0	0	0	0	-5864.871450403438	0.2753669333446536	1.0E-5
0.386904761904762	-0.9400000000000001	0	0	0	0	0	0	-5913.663939744143	0.27478347778983636	9.999999999999999E-6
0.40178571428571436	-0.9550000000000003	0	0	0	0	0	0	-5958.647110852292	0.2742470455869298	1.0E-5
0.4166666666666667	-0.9699999999999998	0	0	0	0	0	0	-5999.771596225653	0.2737578751091614	1.0E-5
0.43154761904761907	-0.9850000000000003	0	0	0	0	0	0	-6037.000192305857	0.2733160799604409	1.0E-5
0.4464285714285714	-1	0	0	0	0	0	0	-6070.307229512401	0.27292166065427864	1.0E-5
0.4613095238095237	-1.015	0	0	0	0	0	0	-6099.677849846839	0.2725745166368107	1.0E-5
0.47619047619047633	-1.0300000000000002	0	0	0	0	0	0	-6125.107201008048	0.27227445856514726	9.999999999999999E-6
0.49107142857142866	-1.0450000000000004	0	0	0	0	0	0	-6146.5995584682005	0.27202122073925966	1.0000000000000003E-5
0.505952380952381	-1.06	0	0	0	0	0	0	-6164.167388984002	0.2718144735758797	1.0E-5
0.5208333333333335	-1.0750000000000002	0	0	0	0	0	0	-6177.830370527618	0.2716538360064411	1.0E-5
0.3273809523809524	-0.8650000000000002	0	0	0	0	0	0	-5676.2709530245465	0.2776375187341873	1.0E-5
0.34226190476190477	-0.88	0	0	0	0	0	0	-5739.240415583459	0.2768767491210596	1.0E-5
0.35714285714285715	-0.895	0	0	0	0	0	0	-5798.595871794078	0.2761620825323002	1.0E-5
0.3720238095238094	-0.91	0	0	0	0	0	0	-5854.244810054779	0.2754942244263916	1.0E-5
0.38690476190476203	-0.925	0	0	0	0	0	0	-5906.1084871147405	0.2748737167688953	1.0000000000000003E-5
0.4017857142857143	-0.9400000000000001	0	0	0	0	0	0	-5954.121642772187	0.2743009483344809	1.0E-5
0.4166666666666667	-0.9550000000000003	0	0	0	0	0	0	-5998.232111503958	0.2737761655250224	1.0E-5
0.43154761904761907	-0.97	0	0	0	0	0	0	-6038.400328662764	0.27329948367983864	1.0E-5
0.4464285714285716	-0.9850000000000001	0	0	0	0	0	0	-6074.5987326377335	0.2728708988318767	1.0E-5
0.46130952380952395	-1	0	0	0	0	0	0	-6106.811067920749	0.2724902998431879	1.0E-5
0.4761904761904763	-1.015	0	0	0	0	0	0	-6135.031597241155	0.2721574808351359	1.0E-5
0.49107142857142866	-1.0299999999999998	0	0	0	0	0	0	-6159.264233727976	0.27187215381395635	1.0E-5
0.505952380952381	-1.0450000000000004	0	0	0	0	0	0	-6179.521606361933	0.27163396138087575	1.0000000000000003E-5
0.5208333333333334	-1.0599999999999998	0	0	0	0	0	0	-6195.824073745027	0.2714424894081274	1.0E-5
0.5357142857142856	-1.0750000000000002	0	0	0	0	0	0	-6208.198702427296	0.2712972795578052	1.0E-5
0.34226190476190477	-0.8650000000000002	0	0	0	0	0	0	-5720.833725185	0.27709885676094104	1.0000000000000003E-5
0.3571428571428571	-0.8800000000000001	0	0	0	0	0	0	-5783.36233571904	0.2763452734277628	9.999999999999999E-6
0.3720238095238095	-0.8949999999999998	0	0	0	0	0	0	-5842.149266846525	0.27563920552092724	9.999999999999999E-6
0.38690476190476203	-0.91	0	0	0	0	0	0	-5897.112094529366	0.27498121758812627	1.0E-5
0.40178571428571436	-0.9249999999999998	0	0	0	0	0	0	-5948.182216048065	0.2743717145710835	1.0E-5
0.41666666666666663	-0.9400000000000002	0	0	0	0	0	0	-5995.304507263299	0.27381095264298083	9.999999999999999E-6
0.4315476190476192	-0.9550000000000001	0	0	0	0	0	0	-6038.43687057075	0.2732990505552253	9.999999999999999E-6
0.4464285714285716	-0.9700000000000001	0	0	0	0	0	0	-6077.549673452626	0.27283600145661324	1.0E-5
0.46130952380952395	-0.9850000000000004	0	0	0	0	0	0	-6112.625081349646	0.2724216851255495	1.0E-5
0.47619047619047616	-1	0	0	0	0	0	0	-6143.656292092646	0.2720558805360435	9.999999999999999E-6
0.4910714285714286	-1.015	0	0	0	0	0	0	-6170.646682233966	0.27173827866138633	9.999999999999999E-6
0.505952380952381	-1.03	0	0	0	0	0	0	-6193.608878220225	0.2714684954061432	1.0000000000000003E-5
0.5208333333333335	-1.0450000000000002	0	0	0	0	0	0	-6212.563767392847	0.2712460845475899	1.0E-5
0.5357142857142858	-1.06	0	0	0	0	0	0	-6227.539465263997	0.2710705505619728	1.0E-5
0.5505952380952381	-1.0750000000000002	0	0	0	0	0	0	-6238.570256393942	0.27094136120880175	1.0E-5
0.3571428571428572	-0.8650000000000002	0	0	0	0	0	0	-5766.6512025591755	0.2765464144565354	1.0000000000000003E-5
0.37202380952380953	-0.8799999999999999	0	0	0	0	0	0	-5828.60567381889	0.27580166285441216	1.0E-5
0.38690476190476203	-0.895	0	0	0	0	0	0	-5886.69639262579	0.2751057485311413	9.999999999999999E-6
0.40178571428571436	-0.91	0	0	0	0	0	0	-5940.85127726704	0.27445909437410615	1.0E-5
0.4166666666666667	-0.925	0	0	0	0	0	0	-5991.012090338155	0.2738619680639671	1.0E-5
0.431547619047619	-0.9400000000000001	0	0	0	0	0	0	-6037.13403252378	0.2733144934474509	1.0E-5
0.4464285714285714	-0.9550000000000001	0	0	0	0	0	0	-6079.185221911742	0.272816662405659	1.0E-5
0.4613095238095237	-0.9700000000000001	0	0	0	0	0	0	-6117.1460611829325	0.27236834716716296	1.0E-5
0.4761904761904763	-0.9850000000000003	0	0	0	0	0	0	-6151.008498839157	0.27196931299305827	1.0E-5
0.4910714285714285	-1	0	0	0	0	0	0	-6180.775194050283	0.2716192311421699	1.0E-5
0.505952380952381	-1.015	0	0	0	0	0	0	-6206.458597621355	0.2713176920092769	1.0E-5
0.5208333333333333	-1.0300000000000002	0	0	0	0	0	0	-6228.079963927946	0.27106421831786576	1.0E-5
0.5357142857142859	-1.0450000000000004	0	0	0	0	0	0	-6245.6683104045815	0.2708582782416075	1.0E-5
0.5505952380952384	-1.06	0	0	0	0	0	0	-6259.259342286866	0.27069929832534473	9.999999999999999E-6
0.5654761904761905	-1.075	0	0	0	0	0	0	-6268.894360823322	0.2705866760765659	1.0000000000000003E-5
0.3720238095238094	-0.8650000000000002	0	0	0	0	0	0	-5813.635486655025	0.2759813787963523	1.0000000000000003E-5
0.386904761904762	-0.8800000000000001	0	0	0	0	0	0	-5874.883562316115	0.2752470748043283	9.999999999999999E-6
0.40178571428571436	-0.8949999999999998	0	0	0	0	0	0	-5932.151768436473	0.2745628355257796	1.0E-5
0.4166666666666667	-0.9100000000000001	0	0	0	0	0	0	-5985.378607609868	0.273928941864724	1.0E-5
0.43154761904761907	-0.9249999999999998	0	0	0	0	0	0	-6034.516415040211	0.2733455244391346	1.0E-5
0.4464285714285715	-0.9400000000000002	0	0	0	0	0	0	-6079.530883073467	0.27281257548531423	9.999999999999999E-6
0.46130952380952384	-0.9550000000000001	0	0	0	0	0	0	-6120.400467366884	0.27232996123608344	1.0E-5
0.47619047619047633	-0.97	0	0	0	0	0	0	-6157.115679617569	0.27189743470770156	9.999999999999999E-6
0.49107142857142866	-0.9850000000000004	0	0	0	0	0	0	-6189.678275522656	0.2715146488091255	1.0E-5
0.5059523809523812	-1	0	0	0	0	0	0	-6218.1003498988875	0.27118116966963324	1.0E-5
0.5208333333333333	-1.015	0	0	0	0	0	0	-6242.403353562739	0.27089649006741473	1.0E-5
0.5357142857142858	-1.03	0	0	0	0	0	0	-6262.617048609987	0.27066004283261824	1.0E-5
0.5505952380952381	-1.0450000000000004	0	0	0	0	0	0	-6278.778420114585	0.2704712140934725	9.999999999999999E-6
0.5654761904761902	-1.06	0	0	0	0	0	0	-6290.930563002373	0.27032935623320714	1.0E-5
0.5803571428571427	-1.075	0	0	0	0	0	0	-6299.1215629841	0.27023380042813655	1.0E-5
0.386904761904762	-0.8650000000000002	0	0	0	0	0	0	-5861.696440770603	0.2754049569889339	1.0000000000000003E-5
0.40178571428571436	-0.8799999999999999	0	0	0	0	0	0	-5922.107229544065	0.2746826820275227	9.999999999999999E-6
0.4166666666666667	-0.895	0	0	0	0	0	0	-5978.428343962236	0.27401160118399226	1.0E-5
0.43154761904761907	-0.91	0	0	0	0	0	0	-6030.609096873847	0.27339185350234363	1.0E-5
0.4464285714285715	-0.925	0	0	0	0	0	0	-6078.612582475851	0.2728234331897392	1.0E-5
0.4613095238095237	-0.9400000000000002	0	0	0	0	0	0	-6122.415126252698	0.2723062020443468	1.0E-5
0.4761904761904763	-0.9550000000000001	0	0	0	0	0	0	-6162.005614098729	0.2718399023266748	9.999999999999999E-6
0.4910714285714286	-0.9699999999999998	0	0	0	0	0	0	-6197.384708226395	0.27142416999467334	1.0E-5
0.505952380952381	-0.9850000000000003	0	0	0	0	0	0	-6228.563961071537	0.27105854820284453	9.999999999999999E-6
0.5208333333333333	-1	0	0	0	0	0	0	-6255.564841428505	0.27074250094988356	1.0E-5
0.5357142857142859	-1.015	0	0	0	0	0	0	-6278.417689412631	0.2704754267482272	1.0E-5
0.5505952380952381	-1.0299999999999998	0	0	0	0	0	0	-6297.160618521834	0.27025667218232263	1.0E-5
0.5654761904761907	-1.0450000000000004	0	0	0	0	0	0	-6311.838384053465	0.27008554522021555	9.999999999999999E-6
0.5803571428571429	-1.06	0	0	0	0	0	0	-6322.501237459302	0.26996132814479185	9.999999999999999E-6
0.5952380952380951	-1.0750000000000002	0	0	0	0	0	0	-6329.203785949233	0.26988328997612204	1.0E-5
0.4017857142857143	-0.8650000000000002	0	0	0	0	0	0	-5910.741908688112	0.27481837251195096	1.0000000000000003E-5
0.4166666666666667	-0.88	0	0	0	0	0	0	-5970.186228336228	0.2741096687031075	1.0E-5
0.431547619047619	-0.8949999999999998	0	0	0	0	0	0	-6025.437735873478	0.2734531870569069	1.0E-5
0.4464285714285715	-0.9100000000000001	0	0	0	0	0	0	-6076.456760723517	0.2728489253460742	1.0000000000000003E-5
0.46130952380952384	-0.925	0	0	0	0	0	0	-6123.217317883271	0.27229674248887203	1.0000000000000003E-5
0.4761904761904763	-0.9400000000000002	0	0	0	0	0	0	-6165.706478504585	0.27179637148734637	1.0000000000000003E-5
0.49107142857142866	-0.9550000000000001	0	0	0	0	0	0	-6203.923618810139	0.27134743276948065	1.0E-5
0.505952380952381	-0.97	0	0	0	0	0	0	-6237.879557683356	0.2709494478409088	1.0E-5
0.5208333333333334	-0.9850000000000003	0	0	0	0	0	0	-6267.595596663103	0.2706018531335839	1.0E-5
0.5357142857142858	-1.0000000000000002	0	0	0	0	0	0	-6293.102478791396	0.2703040139253816	9.999999999999999E-6
0.5505952380952382	-1.0150000000000003	0	0	0	0	0	0	-6314.439284758244	0.27005523819610544	1.0E-5
0.5654761904761905	-1.03	0	0	0	0	0	0	-6331.652286050319	0.26985479028160014	1.0E-5
0.580357142857143	-1.0450000000000006	0	0	0	0	0	0	-6344.79377536337	0.26970190418827883	1.0E-5
0.5952380952380952	-1.0600000000000003	0	0	0	0	0	0	-6353.920894436074	0.2695957964347883	1.0000000000000003E-5
0.6101190476190474	-1.0750000000000002	0	0	0	0	0	0	-6359.094478782736	0.2695356782951051	1.0E-5
0.4166666666666667	-0.8650000000000002	0	0	0	0	0	0	-5960.677947812057	0.27422286102036925	1.0000000000000003E-5
0.43154761904761907	-0.8800000000000001	0	0	0	0	0	0	-6019.028678361663	0.2735292264196395	1.0E-5
0.4464285714285715	-0.895	0	0	0	0	0	0	-6073.090477107218	0.2728887376470831	9.999999999999999E-6
0.46130952380952384	-0.91	0	0	0	0	0	0	-6122.834872840066	0.2723012522760126	1.0E-5
0.47619047619047633	-0.925	0	0	0	0	0	0	-6168.246934718433	0.2717664955425691	1.0E-5
0.4910714285714286	-0.9400000000000002	0	0	0	0	0	0	-6209.3245594624805	0.27128407377572333	1.0E-5
0.505952380952381	-0.9550000000000001	0	0	0	0	0	0	-6246.077637784042	0.27085348818184557	9.999999999999999E-6
0.5208333333333333	-0.97	0	0	0	0	0	0	-6278.527113133753	0.27047414887521765	1.0E-5
0.5357142857142857	-0.9850000000000004	0	0	0	0	0	0	-6306.7039489441595	0.27014538902989843	1.0E-5
0.5505952380952381	-1	0	0	0	0	0	0	-6330.648022893336	0.26986647901764554	1.0E-5
0.5654761904761902	-1.015	0	0	0	0	0	0	-6350.406968284455	0.2696366403910277	9.999999999999999E-6
0.5803571428571428	-1.0300000000000002	0	0	0	0	0	0	-6366.034983446725	0.26945505957010124	1.0E-5
0.5952380952380952	-1.0450000000000002	0	0	0	0	0	0	-6377.591630159117	0.2693209010945291	1.0E-5
0.6101190476190477	-1.06	0	0	0	0	0	0	-6385.1406415562205	0.26923332031011377	1.0E-5
0.6250000000000001	-1.0750000000000002	0	0	0	0	0	0	-6388.7487588896365	0.2691914753686453	1.0E-5
0.4464285714285715	-0.8799999999999999	0	0	0	0	0	0	-6068.541522137968	0.27294255007158763	9.999999999999999E-6
0.46130952380952384	-0.895	0	0	0	0	0	0	-6121.29627848266	0.27231939643090075	1.0E-5
0.47619047619047633	-0.91	0	0	0	0	0	0	-6169.6562292806175	0.2717499241667859	1.0E-5
0.4910714285714286	-0.9249999999999998	0	0	0	0	0	0	-6213.617598762835	0.2712337269376693	1.0E-5
0.5059523809523809	-0.9400000000000001	0	0	0	0	0	0	-6253.1891527890175	0.270770287012303	1.0E-5
0.5208333333333334	-0.9550000000000001	0	0	0	0	0	0	-6288.391281522356	0.27035898946183984	1.0E-5
0.5357142857142856	-0.97	0	0	0	0	0	0	-6319.254979883165	0.2699991365248626	1.0E-5
0.5505952380952381	-0.9850000000000003	0	0	0	0	0	0	-6345.82074428191	0.2696899620099953	1.0E-5
0.5654761904761902	-0.9999999999999998	0	0	0	0	0	0	-6368.137406042203	0.2694306455930917	9.999999999999999E-6
0.5803571428571429	-1.015	0	0	0	0	0	0	-6386.260923022147	0.2692203268636213	1.0E-5
0.5952380952380953	-1.0300000000000002	0	0	0	0	0	0	-6400.253151266758	0.2690581189772391	1.0E-5
0.6101190476190477	-1.0450000000000004	0	0	0	0	0	0	-6410.180618147301	0.268943121777955	1.0E-5
0.625	-1.06	0	0	0	0	0	0	-6416.113317459667	0.26887443426301594	1.0E-5
0.6398809523809526	-1.0750000000000002	0	0	0	0	0	0	-6418.123545475523	0.2688511662757435	1.0E-5
0.4464285714285715	-0.8650000000000002	0	0	0	0	0	0	-6062.838538946558	0.2730100351920246	1.0000000000000003E-5
0.4613095238095237	-0.8800000000000003	0	0	0	0	0	0	-6118.630794473491	0.2723508336918684	1.0E-5
0.47619047619047633	-0.895	0	0	0	0	0	0	-6169.96430211324	0.27174630184458887	1.0000000000000003E-5
0.49107142857142866	-0.9100000000000001	0	0	0	0	0	0	-6216.833422720343	0.2711960220515661	9.999999999999999E-6
0.5059523809523812	-0.925	0	0	0	0	0	0	-6259.245599992793	0.27069945900584313	1.0E-5
0.5208333333333333	-0.9400000000000002	0	0	0	0	0	0	-6297.220472526052	0.2702559740244605	1.0000000000000003E-5
0.5357142857142856	-0.9550000000000001	0	0	0	0	0	0	-6330.788872594559	0.2698648396062737	1.0000000000000003E-5
0.550595238095238	-0.97	0	0	0	0	0	0	-6359.991730019905	0.26952525408063127	1.0E-5
0.5654761904761905	-0.9850000000000001	0	0	0	0	0	0	-6384.878901765784	0.26923635620229935	1.0E-5
0.5803571428571428	-1.0000000000000002	0	0	0	0	0	0	-6405.507949317469	0.2689972395437746	1.0E-5
0.5952380952380951	-1.0150000000000001	0	0	0	0	0	0	-6421.9428864877345	0.26880696653711306	1.0E-5
0.6101190476190477	-1.0300000000000002	0	0	0	0	0	0	-6434.252920108168	0.2686645820229594	1.0000000000000003E-5
0.625	-1.0450000000000004	0	0	0	0	0	0	-6442.511205208904	0.26856912617375106	1.0E-5
0.6398809523809524	-1.06	0	0	0	0	0	0	-6446.793634874916	0.2685196466702301	9.999999999999999E-6
0.6547619047619048	-1.0750000000000002	0	0	0	0	0	0	-6447.177683117369	0.2685152100245127	1.0E-5
0.46130952380952395	-0.8650000000000002	0	0	0	0	0	0	-6114.868577549128	0.2723952147892968	1.0000000000000003E-5
0.4761904761904763	-0.88	0	0	0	0	0	0	-6169.201904876903	0.2717552662420496	9.999999999999999E-6
0.49107142857142866	-0.895	0	0	0	0	0	0	-6219.003445855322	0.2711705832560372	1.0E-5
0.5059523809523812	-0.91	0	0	0	0	0	0	-6264.27912555112	0.2706406142989242	1.0E-5
0.5208333333333334	-0.9249999999999998	0	0	0	0	0	0	-6305.04763095916	0.27016469822603767	1.0E-5
0.5357142857142858	-0.9400000000000002	0	0	0	0	0	0	-6341.339433528514	0.2697420790093565	9.999999999999999E-6
0.5505952380952379	-0.9550000000000003	0	0	0	0	0	0	-6373.195705146771	0.26937192061223214	1.0000000000000003E-5
0.5654761904761905	-0.9699999999999998	0	0	0	0	0	0	-6400.6671483539285	0.26905332186427566	1.0E-5
0.580357142857143	-0.9850000000000003	0	0	0	0	0	0	-6423.812763328213	0.268785331184435	1.0E-5
0.5952380952380951	-1	0	0	0	0	0	0	-6442.6985750627655	0.26856696099964705	9.999999999999999E-6
0.6101190476190478	-1.0150000000000001	0	0	0	0	0	0	-6457.396344193738	0.2683972017109037	1.0E-5
0.625	-1.0300000000000002	0	0	0	0	0	0	-6467.98228423941	0.2682750350672711	1.0E-5
0.6398809523809523	-1.0450000000000004	0	0	0	0	0	0	-6474.535806680988	0.2681994468204368	1.0E-5
0.6547619047619048	-1.06	0	0	0	0	0	0	-6477.1383134901225	0.2681694385467503	1.0E-5
0.47619047619047616	-0.8650000000000003	0	0	0	0	0	0	-6167.400728930654	0.27177644646022286	1.0000000000000003E-5
0.49107142857142866	-0.8800000000000003	0	0	0	0	0	0	-6220.159932236655	0.2711570273833569	1.0E-5
0.5059523809523812	-0.8949999999999998	0	0	0	0	0	0	-6268.322637797565	0.27059335694583403	9.999999999999999E-6
0.5208333333333333	-0.91	0	0	0	0	0	0	-6311.906380583925	0.270084752825928	1.0E-5
0.5357142857142856	-0.925	0	0	0	0	0	0	-6350.941070218803	0.26963043168832684	1.0E-5
0.5505952380952381	-0.9400000000000002	0	0	0	0	0	0	-6385.4679243743985	0.269229524263476	1.0E-5
0.5654761904761906	-0.9550000000000004	0	0	0	0	0	0	-6415.538304372795	0.26888109048319203	9.999999999999999E-6
0.5803571428571429	-0.9699999999999995	0	0	0	0	0	0	-6441.212475941244	0.2685841345179232	1.0000000000000003E-5
0.5952380952380953	-0.9850000000000003	0	0	0	0	0	0	-6462.5583192754775	0.2683376195584911	1.0E-5
0.6101190476190478	-1	0	0	0	0	0	0	-6479.650012863396	0.2681404821882594	9.999999999999999E-6
0.6249999999999998	-1.0150000000000001	0	0	0	0	0	0	-6492.566715003777	0.2679916461995879	1.0000000000000003E-5
0.6398809523809524	-1.0300000000000002	0	0	0	0	0	0	-6501.391265737251	0.2678900357201747	1.0E-5
0.6547619047619048	-1.0450000000000002	0	0	0	0	0	0	-6506.208930123513	0.2678345875294413	1.0E-5
0.6696428571428572	-1.06	0	0	0	0	0	0	-6507.106201592647	0.26782426246147756	1.0E-5
0.6845238095238095	-1.0750000000000002	0	0	0	0	0	0	-6504.169681609633	0.26785805580830946	1.0E-5
0.4910714285714286	-0.8650000000000002	0	0	0	0	0	0	-6220.336126455967	0.2711549621910784	9.999999999999999E-6
0.5059523809523809	-0.8799999999999999	0	0	0	0	0	0	-6271.40993081831	0.27055728325301803	1.0E-5
0.5208333333333335	-0.8949999999999998	0	0	0	0	0	0	-6317.831139547222	0.2700157221221116	1.0E-5
0.5357142857142857	-0.91	0	0	0	0	0	0	-6359.628897871979	0.2695294693717279	9.999999999999999E-6
0.550595238095238	-0.9249999999999998	0	0	0	0	0	0	-6396.844269155222	0.2690976236426878	1.0E-5
0.5654761904761905	-0.9400000000000002	0	0	0	0	0	0	-6429.529080971707	0.2687192070188821	1.0E-5
0.5803571428571428	-0.9550000000000001	0	0	0	0	0	0	-6457.744684115296	0.2683931803606731	1.0E-5
0.5952380952380949	-0.97	0	0	0	0	0	0	-6481.560649369347	0.26811845843464105	1.0E-5
0.6101190476190478	-0.9850000000000004	0	0	0	0	0	0	-6501.053427465681	0.2678939246797458	1.0E-5
0.6249999999999999	-1	0	0	0	0	0	0	-6516.304997353896	0.26771844545688694	1.0E-5
0.6398809523809524	-1.0150000000000001	0	0	0	0	0	0	-6527.401526822898	0.2675908836401197	1.0E-5
0.6547619047619048	-1.0300000000000002	0	0	0	0	0	0	-6534.432067797896	0.26751011142236236	1.0000000000000003E-5
0.6696428571428571	-1.0450000000000002	0	0	0	0	0	0	-6537.487306428261	0.26747502222522695	1.0E-5
0.6845238095238095	-1.06	0	0	0	0	0	0	-6536.658385535932	0.2674845416205995	1.0E-5
0.5208333333333335	-0.8800000000000003	0	0	0	0	0	0	-6322.857246357672	0.26995718227172155	1.0E-5
0.5357142857142856	-0.895	0	0	0	0	0	0	-6367.438856814955	0.2694387569947312	1.0E-5
0.5505952380952381	-0.91	0	0	0	0	0	0	-6407.361355942418	0.26897577185651034	1.0000000000000003E-5
0.5654761904761905	-0.925	0	0	0	0	0	0	-6442.676840330124	0.2685672121565173	1.0E-5
0.5803571428571428	-0.9400000000000002	0	0	0	0	0	0	-6473.447558927569	0.2682119964085491	1.0E-5
0.5952380952380953	-0.9550000000000001	0	0	0	0	0	0	-6499.744600651666	0.26790899180199984	1.0E-5
0.6101190476190478	-0.97	0	0	0	0	0	0	-6521.64653390839	0.2676570293486722	1.0E-5
0.6249999999999999	-0.9850000000000003	0	0	0	0	0	0	-6539.238024341724	0.2674549185550959	1.0E-5
0.6398809523809526	-1	0	0	0	0	0	0	-6552.608456209714	0.267301461470934	1.0E-5
0.6547619047619048	-1.0150000000000001	0	0	0	0	0	0	-6561.850581156264	0.26719546597851274	1.0E-5
0.6696428571428572	-1.0300000000000002	0	0	0	0	0	0	-6567.059215955909	0.2671357582056371	9.999999999999999E-6
0.6845238095238095	-1.0450000000000002	0	0	0	0	0	0	-6568.33000821763	0.26712119396253914	1.0E-5
0.6994047619047619	-1.0599999999999998	0	0	0	0	0	0	-6565.758286198519	0.26715066912305785	1.0E-5
0.7142857142857142	-1.0750000000000002	0	0	0	0	0	0	-6559.438005940693	0.26722312888908933	1.0E-5
0.5208333333333335	-0.8650000000000002	0	0	0	0	0	0	-6327.021096403756	0.269908699489556	1.0E-5
0.5357142857142856	-0.8799999999999999	0	0	0	0	0	0	-6374.407840746837	0.2693578510090281	1.0E-5
0.5505952380952379	-0.895	0	0	0	0	0	0	-6417.056655543549	0.2688635149350771	1.0000000000000003E-5
0.5654761904761905	-0.9100000000000001	0	0	0	0	0	0	-6455.019705502393	0.26842464085108375	1.0E-5
0.5803571428571428	-0.925	0	0	0	0	0	0	-6488.359945327303	0.2680401059047324	1.0E-5
0.5952380952380951	-0.9400000000000002	0	0	0	0	0	0	-6517.149802608964	0.2677087305828282	1.0E-5
0.6101190476190478	-0.9550000000000001	0	0	0	0	0	0	-6541.469800630417	0.26742929422411604	1.0E-5
0.6250000000000001	-0.9699999999999998	0	0	0	0	0	0	-6561.407148589908	0.2672005501029287	1.0E-5
0.6398809523809523	-0.9850000000000003	0	0	0	0	0	0	-6577.054326026192	0.267021239926268	1.0E-5
0.6547619047619047	-1	0	0	0	0	0	0	-6588.507686713419	0.2668901076010978	1.0E-5
0.6696428571428572	-1.0150000000000006	0	0	0	0	0	0	-6595.86610513681	0.2668059121459727	1.0E-5
0.6845238095238094	-1.0300000000000002	0	0	0	0	0	0	-6599.229686037402	0.2667674396404322	1.0E-5
0.6994047619047619	-1.0450000000000004	0	0	0	0	0	0	-6598.698554591248	0.2667735141257727	1.0000000000000003E-5
0.7142857142857141	-1.0600000000000003	0	0	0	0	0	0	-6594.37174172122	0.26682300739088693	1.0000000000000003E-5
0.7291666666666667	-1.075	0	0	0	0	0	0	-6586.34617596399	0.2669148475960576	1.0E-5
0.5357142857142856	-0.8650000000000002	0	0	0	0	0	0	-6380.5738358057215	0.26928629757011996	1.0000000000000003E-5
0.5505952380952379	-0.8800000000000003	0	0	0	0	0	0	-6425.968623525192	0.26876039013442043	1.0E-5
0.5654761904761905	-0.895	0	0	0	0	0	0	-6466.5966815746315	0.26829102074822375	1.0E-5
0.5803571428571428	-0.91	0	0	0	0	0	0	-6502.521473476827	0.26787702618248743	1.0E-5
0.5952380952380953	-0.9250000000000003	0	0	0	0	0	0	-6533.8165798893015	0.267517181116057	1.0E-5
0.6101190476190477	-0.9400000000000002	0	0	0	0	0	0	-6560.564308714846	0.26721021399849193	1.0000000000000003E-5
0.6250000000000001	-0.9550000000000001	0	0	0	0	0	0	-6582.8542610638615	0.2669548225324723	1.0E-5
0.6398809523809524	-0.97	0	0	0	0	0	0	-6600.781881261457	0.26674968861014287	1.0E-5
0.6547619047619047	-0.9850000000000004	0	0	0	0	0	0	-6614.447017713892	0.2665934925514815	1.0E-5
0.6696428571428572	-1	0	0	0	0	0	0	-6623.952519350256	0.2664849265102212	9.999999999999999E-6
0.6845238095238094	-1.0150000000000001	0	0	0	0	0	0	-6629.402889715259	0.26642270693270326	1.0000000000000003E-5
0.6994047619047618	-1.0300000000000002	0	0	0	0	0	0	-6630.903017787786	0.2664055859761135	1.0000000000000003E-5
0.7142857142857141	-1.0450000000000002	0	0	0	0	0	0	-6628.5570014058985	0.26643236181376734	1.0E-5
0.7291666666666665	-1.06	0	0	0	0	0	0	-6622.467075943273	0.266501887775585	1.0E-5
0.7440476190476191	-1.0750000000000002	0	0	0	0	0	0	-6612.732657730794	0.26661308029093306	9.999999999999999E-6
0.5654761904761902	-0.88	0	0	0	0	0	0	-6477.44778810396	0.26816587048229057	1.0E-5
0.5803571428571429	-0.8949999999999998	0	0	0	0	0	0	-6515.972681608325	0.26772226708446245	9.999999999999999E-6
0.5952380952380953	-0.91	0	0	0	0	0	0	-6549.78606504678	0.2673338437008393	1.0E-5
0.6101190476190477	-0.9249999999999998	0	0	0	0	0	0	-6578.971854013879	0.26699927869853485	1.0E-5
0.625	-0.9400000000000002	0	0	0	0	0	0	-6603.621882099879	0.2667172149009078	9.999999999999999E-6
0.6398809523809524	-0.9550000000000001	0	0	0	0	0	0	-6623.834419255621	0.26648627495280364	9.999999999999999E-6
0.6547619047619045	-0.9699999999999998	0	0	0	0	0	0	-6639.712691685548	0.26630507602262427	1.0E-5
0.6696428571428571	-0.9850000000000003	0	0	0	0	0	0	-6651.363429657866	0.2661722436976067	1.0E-5
0.6845238095238094	-1	0	0	0	0	0	0	-6658.895466980618	0.26608642494901125	1.0000000000000003E-5
0.6994047619047618	-1.0150000000000001	0	0	0	0	0	0	-6662.418412823445	0.26604630006582725	1.0000000000000003E-5
0.7142857142857141	-1.0300000000000002	0	0	0	0	0	0	-6662.041413248532	0.2660505934779559	1.0E-5
0.7291666666666665	-1.0450000000000004	0	0	0	0	0	0	-6657.872016417505	0.266098083411603	1.0E-5
0.7440476190476191	-1.06	0	0	0	0	0	0	-6650.015152104005	0.26618761034003746	1.0E-5
0.7589285714285717	-1.075	0	0	0	0	0	0	-6638.572232978721	0.26631808421133574	1.0E-5
0.5654761904761905	-0.8650000000000002	0	0	0	0	0	0	-6487.6142028738095	0.26804869785170865	1.0E-5
0.5803571428571427	-0.8800000000000001	0	0	0	0	0	0	-6528.7551503798695	0.26757532925949173	1.0E-5
0.5952380952380952	-0.895	0	0	0	0	0	0	-6565.100322990831	0.2671582110170921	9.999999999999999E-6
0.6101190476190478	-0.91	0	0	0	0	0	0	-6596.73506119593	0.2667959722321487	9.999999999999999E-6
0.6250000000000001	-0.9249999999999998	0	0	0	0	0	0	-6623.753264575123	0.2664872015664441	9.999999999999999E-6
0.6398809523809523	-0.9400000000000002	0	0	0	0	0	0	-6646.255881546022	0.26623046301867886	1.0E-5
0.6547619047619048	-0.9550000000000001	0	0	0	0	0	0	-6664.349390549882	0.26602431108212876	1.0E-5
0.6696428571428571	-0.9700000000000001	0	0	0	0	0	0	-6678.144300805327	0.2658673051238799	1.0E-5
0.6845238095238094	-0.9850000000000003	0	0	0	0	0	0	-6687.753698136573	0.2657580228530231	1.0E-5
0.699404761904762	-0.9999999999999998	0	0	0	0	0	0	-6693.291858257743	0.2656950727678997	1.0E-5
0.7142857142857142	-1.0150000000000001	0	0	0	0	0	0	-6694.872946462418	0.2656771054959497	1.0E-5
0.7291666666666665	-1.0300000000000002	0	0	0	0	0	0	-6692.609819109657	0.26570282396281436	1.0E-5
0.7440476190476188	-1.0450000000000004	0	0	0	0	0	0	-6686.612938770552	0.2657709923491929	1.0E-5
0.7589285714285714	-1.0599999999999998	0	0	0	0	0	0	-6676.989411530849	0.26588044381387155	1.0E-5
0.7738095238095241	-1.075	0	0	0	0	0	0	-6663.842151833106	0.26603008697886205	1.0E-5
0.5803571428571429	-0.8650000000000002	0	0	0	0	0	0	-6540.911648777684	0.2674357023371379	1.0000000000000003E-5
0.5952380952380952	-0.88	0	0	0	0	0	0	-6579.80248713833	0.26698976642411254	1.0E-5
0.6101190476190478	-0.895	0	0	0	0	0	0	-6613.897509672634	0.26659977081296427	9.999999999999999E-6
0.625	-0.91	0	0	0	0	0	0	-6643.292509145158	0.26626425074099086	9.999999999999999E-6
0.6398809523809523	-0.9249999999999998	0	0	0	0	0	0	-6668.0909579703675	0.2659817121895813	1.0E-5
0.6547619047619045	-0.9400000000000002	0	0	0	0	0	0	-6688.402453172842	0.26575064748857546	1.0E-5
0.6696428571428571	-0.9550000000000001	0	0	0	0	0	0	-6704.341171836047	0.2655695501735451	1.0E-5
0.6845238095238094	-0.9700000000000002	0	0	0	0	0	0	-6716.024364389146	0.26543692895342313	1.0000000000000003E-5
0.6994047619047619	-0.9850000000000003	0	0	0	0	0	0	-6723.570909913106	0.2653513206693634	1.0E-5
0.7142857142857142	-0.9999999999999996	0	0	0	0	0	0	-6727.099954105895	0.2653113021502707	1.0E-5
0.729166666666667	-1.0150000000000001	0	0	0	0	0	0	-6726.729646828569	0.2653155008948824	1.0E-5
0.7440476190476188	-1.0300000000000002	0	0	0	0	0	0	-6722.575992432547	0.26536260453360005	1.0E-5
0.7589285714285716	-1.0450000000000004	0	0	0	0	0	0	-6714.751822486998	0.26545136904469624	1.0E-5
0.7738095238095237	-1.06	0	0	0	0	0	0	-6703.365897194371	0.26558062571851077	9.999999999999999E-6
0.7886904761904764	-1.075	0	0	0	0	0	0	-6688.522138780678	0.2657492868794786	1.0E-5
0.6101190476190477	-0.8800000000000001	0	0	0	0	0	0	-6630.503871419148	0.26641014126380597	1.0E-5
0.625	-0.895	0	0	0	0	0	0	-6662.2846915225455	0.2660478229215025	9.999999999999999E-6
0.6398809523809524	-0.9100000000000001	0	0	0	0	0	0	-6689.385202967928	0.2657394757257494	1.0E-5
0.6547619047619047	-0.9249999999999998	0	0	0	0	0	0	-6711.917980272123	0.2654835303843427	1.0E-5
0.6696428571428572	-0.9400000000000004	0	0	0	0	0	0	-6730.000749214433	0.2652784150267583	1.0E-5
0.6845238095238094	-0.9550000000000001	0	0	0	0	0	0	-6743.754828828334	0.2651225696673689	9.999999999999999E-6
0.6994047619047619	-0.97	0	0	0	0	0	0	-6753.303629391381	0.2650144596739585	1.0E-5
0.7142857142857141	-0.9850000000000005	0	0	0	0	0	0	-6758.771228850744	0.26495258813814704	1.0E-5
0.7291666666666665	-1	0	0	0	0	0	0	-6760.281046245845	0.264935507070133	1.0E-5
0.7440476190476191	-1.015	0	0	0	0	0	0	-6757.954626770947	0.26496182736498924	1.0E-5
0.7589285714285714	-1.0300000000000002	0	0	0	0	0	0	-6751.910549318086	0.26503022751074523	1.0E-5
0.7738095238095242	-1.0450000000000002	0	0	0	0	0	0	-6742.263463780961	0.2651394610290201	1.0E-5
0.7886904761904765	-1.06	0	0	0	0	0	0	-6729.12326217378	0.2652883626566424	1.0E-5
0.6101190476190476	-0.8650000000000002	0	0	0	0	0	0	-6646.600060764351	0.26622653919959854	1.0000000000000003E-5
0.625	-0.88	0	0	0	0	0	0	-6680.776001825876	0.26583736920131185	1.0000000000000003E-5
0.6398809523809524	-0.895	0	0	0	0	0	0	-6710.185164068309	0.2655031992067554	1.0E-5
0.6547619047619047	-0.9100000000000001	0	0	0	0	0	0	-6734.942951637395	0.2652223988675872	1.0E-5
0.6696428571428571	-0.9250000000000004	0	0	0	0	0	0	-6755.170512388845	0.26499333136415765	1.0E-5
0.6845238095238095	-0.9400000000000006	0	0	0	0	0	0	-6770.993129971394	0.26481436836018474	1.0000000000000003E-5
0.6994047619047619	-0.9550000000000001	0	0	0	0	0	0	-6782.538665266092	0.26468390397891284	1.0E-5
0.7142857142857141	-0.97	0	0	0	0	0	0	-6789.936071526128	0.26460036768780687	1.0E-5
0.7291666666666667	-0.9850000000000003	0	0	0	0	0	0	-6793.3140035305905	0.2645622360059996	1.0E-5
0.7440476190476193	-0.9999999999999998	0	0	0	0	0	0	-6792.799536947096	0.2645680429750908	1.0E-5
0.7589285714285717	-1.015	0	0	0	0	0	0	-6788.517010067877	0.2646163893585276	1.0E-5
0.7738095238095237	-1.0300000000000002	0	0	0	0	0	0	-6780.58699628473	0.26470595055693624	1.0E-5
0.788690476190476	-1.0450000000000002	0	0	0	0	0	0	-6769.125412203298	0.26483548324598305	1.0E-5
0.8035714285714286	-1.06	0	0	0	0	0	0	-6754.242763237865	0.2650038307593418	1.0000000000000003E-5
0.8184523809523809	-1.0750000000000004	0	0	0	0	0	0	-6736.043525908359	0.2652099272521152	1.0E-5
0.6249999999999999	-0.8650000000000002	0	0	0	0	0	0	-6698.813896092467	0.2656323294621189	1.0000000000000003E-5
0.6398809523809523	-0.8800000000000003	0	0	0	0	0	0	-6730.5385226138715	0.26527231885370717	1.0000000000000003E-5
0.6547619047619048	-0.895	0	0	0	0	0	0	-6757.525355669022	0.26496668444550264	1.0000000000000003E-5
0.6696428571428571	-0.9100000000000001	0	0	0	0	0	0	-6779.898831765587	0.2647137249523789	1.0E-5
0.6845238095238094	-0.9250000000000004	0	0	0	0	0	0	-6797.788087811634	0.26451174406462774	1.0E-5
0.6994047619047619	-0.9400000000000002	0	0	0	0	0	0	-6811.325346872023	0.2643590649297051	1.0000000000000003E-5
0.7142857142857141	-0.9550000000000003	0	0	0	0	0	0	-6820.644372345327	0.2642540435507211	1.0E-5
0.7291666666666665	-0.9699999999999998	0	0	0	0	0	0	-6825.879012741933	0.26419508100696787	1.0E-5
0.7440476190476188	-0.9850000000000008	0	0	0	0	0	0	-6827.161854923165	0.2641806344297641	9.999999999999999E-6
0.7589285714285717	-1	0	0	0	0	0	0	-6824.622999397137	0.2642092266932098	1.0E-5
0.7738095238095241	-1.015	0	0	0	0	0	0	-6818.388967217429	0.264279454803286	1.0E-5
0.788690476190476	-1.03	0	0	0	0	0	0	-6808.58174431555	0.2643899969895431	1.0E-5
0.8035714285714287	-1.0450000000000004	0	0	0	0	0	0	-6795.317965798496	0.2645396185210997	9.999999999999999E-6
0.818452380952381	-1.06	0	0	0	0	0	0	-6778.708239904907	0.26472717628272835	1.0E-5
0.8333333333333334	-1.0750000000000002	0	0	0	0	0	0	-6758.8566089525775	0.2649516221575087	1.0E-5
0.6547619047619049	-0.8799999999999999	0	0	0	0	0	0	-6779.7143312984	0.2647158093703883	1.0E-5
0.6696428571428571	-0.895	0	0	0	0	0	0	-6804.2350991152925	0.2644390141124667	1.0E-5
0.6845238095238095	-0.9100000000000001	0	0	0	0	0	0	-6824.189422358128	0.26421411008256146	1.0E-5
0.6994047619047618	-0.9250000000000004	0	0	0	0	0	0	-6839.713790647496	0.2640393497562217	1.0E-5
0.7142857142857142	-0.9400000000000001	0	0	0	0	0	0	-6850.946704746552	0.2639130158737355	9.999999999999999E-6
0.7291666666666666	-0.9550000000000003	0	0	0	0	0	0	-6858.027156893682	0.263833434174442	1.0000000000000003E-5
0.7440476190476191	-0.9699999999999998	0	0	0	0	0	0	-6861.093217506458	0.2637989848786313	9.999999999999999E-6
0.7589285714285714	-0.9850000000000003	0	0	0	0	0	0	-6860.2807433936005	0.2638081128703608	1.0E-5
0.7738095238095237	-1	0	0	0	0	0	0	-6855.722218302246	0.2638593365601227	1.0E-5
0.788690476190476	-1.015	0	0	0	0	0	0	-6847.545732649018	0.2639512554288022	1.0E-5
0.8035714285714286	-1.0299999999999998	0	0	0	0	0	0	-6835.874105729814	0.2640825562734033	1.0E-5
0.818452380952381	-1.0450000000000002	0	0	0	0	0	0	-6820.824150630977	0.26425201819044325	1.0E-5
0.8333333333333335	-1.06	0	0	0	0	0	0	-6802.506079496463	0.2644585163447887	1.0E-5
0.6547619047619048	-0.8650000000000002	0	0	0	0	0	0	-6801.560322418587	0.2644691848594492	1.0E-5
0.6696428571428571	-0.8800000000000003	0	0	0	0	0	0	-6828.229870491555	0.2641686080728174	1.0E-5
0.6845238095238094	-0.895	0	0	0	0	0	0	-6850.247884702622	0.2639208724713405	1.0E-5
0.699404761904762	-0.91	0	0	0	0	0	0	-6867.755019027414	0.26372416019323264	1.0E-5
0.7142857142857141	-0.9250000000000003	0	0	0	0	0	0	-6880.894431813351	0.26357668095459547	1.0E-5
0.7291666666666667	-0.9400000000000002	0	0	0	0	0	0	-6889.8102016302055	0.2634766852985636	9.999999999999999E-6
0.7440476190476188	-0.9550000000000001	0	0	0	0	0	0	-6894.645847036843	0.26342247658473555	1.0E-5
0.7589285714285714	-0.9699999999999998	0	0	0	0	0	0	-6895.542967055228	0.2634124216653114	1.0E-5
0.7738095238095237	-0.9850000000000005	0	0	0	0	0	0	-6892.64001456384	0.26344496022180874	1.0E-5
0.7886904761904764	-1	0	0	0	0	0	0	-6886.071210567627	0.26351861276051347	1.0E-5
0.8035714285714286	-1.015	0	0	0	0	0	0	-6875.965603479678	0.26363198728550363	1.0E-5
0.8184523809523809	-1.03	0	0	0	0	0	0	-6862.446274227557	0.26378378468497	1.0E-5
0.8333333333333333	-1.0450000000000004	0	0	0	0	0	0	-6845.629685206564	0.2639728028796735	1.0E-5
0.8482142857142857	-1.06	0	0	0	0	0	0	-6825.625168841676	0.2641979397919111	1.0000000000000003E-5
0.8630952380952384	-1.0750000000000004	0	0	0	0	0	0	-6802.534549766141	0.2644581951996237	9.999999999999999E-6
0.6696428571428571	-0.8650000000000002	0	0	0	0	0	0	-6851.935021808878	0.26390190520769174	1.0E-5
0.6845238095238095	-0.8800000000000001	0	0	0	0	0	0	-6876.015400709826	0.263631428416647	1.0E-5
0.6994047619047618	-0.895	0	0	0	0	0	0	-6895.501091937027	0.2634128909875888	1.0E-5
0.7142857142857141	-0.91	0	0	0	0	0	0	-6910.53982528348	0.263244429883885	1.0E-5
0.7291666666666667	-0.9249999999999998	0	0	0	0	0	0	-6921.280701486859	0.2631242206355881	1.0E-5
0.7440476190476191	-0.9400000000000002	0	0	0	0	0	0	-6927.872644661648	0.2630504898383614	1.0000000000000003E-5
0.7589285714285716	-0.9550000000000001	0	0	0	0	0	0	-6930.46297436854	0.2630215263247593	1.0E-5
0.7738095238095237	-0.97	0	0	0	0	0	0	-6929.196111024096	0.2630356909761123	9.999999999999999E-6
0.788690476190476	-0.9850000000000003	0	0	0	0	0	0	-6924.2124238107635	0.2630914251694108	1.0E-5
0.8035714285714287	-0.9999999999999998	0	0	0	0	0	0	-6915.647226142216	0.26318725787599634	1.0E-5
0.8184523809523809	-1.015	0	0	0	0	0	0	-6903.629920151859	0.26332181144730094	1.0E-5
0.833333333333333	-1.0300000000000002	0	0	0	0	0	0	-6888.2832886429205	0.26349380613731804	1.0E-5
0.8482142857142857	-1.0450000000000004	0	0	0	0	0	0	-6869.722930472611	0.2637020634221068	1.0E-5
0.8630952380952384	-1.06	0	0	0	0	0	0	-6848.056833418644	0.2639455081837407	1.0000000000000003E-5
0.6845238095238095	-0.8650000000000003	0	0	0	0	0	0	-6901.545227495894	0.26334516449293177	9.999999999999999E-6
0.6994047619047619	-0.8800000000000003	0	0	0	0	0	0	-6923.005250997671	0.2631049282939881	1.0000000000000003E-5
0.7142857142857141	-0.895	0	0	0	0	0	0	-6939.936197208423	0.2629156470758864	1.0E-5
0.7291666666666665	-0.91	0	0	0	0	0	0	-6952.492118752729	0.26277542157394823	9.999999999999999E-6
0.744047619047619	-0.9249999999999998	0	0	0	0	0	0	-6960.82729617679	0.26268240175873625	9.999999999999999E-6
0.7589285714285717	-0.9400000000000001	0	0	0	0	0	0	-6965.094740928692	0.26263479850488186	1.0E-5
0.7738095238095242	-0.9549999999999997	0	0	0	0	0	0	-6965.444831925254	0.26263089387987826	1.0E-5
0.7886904761904765	-0.97	0	0	0	0	0	0	-6962.024096164474	0.26266905004300517	9.999999999999999E-6
0.8035714285714287	-0.9850000000000005	0	0	0	0	0	0	-6954.97413944038	0.26274771676878217	1.0E-5
0.8184523809523809	-0.9999999999999998	0	0	0	0	0	0	-6944.430729349798	0.262865437629409	1.0E-5
0.8333333333333334	-1.0150000000000003	0	0	0	0	0	0	-6930.523029497394	0.26302085488649496	1.0E-5
0.848214285714286	-1.0300000000000002	0	0	0	0	0	0	-6913.372981117858	0.2632127131541672	1.0E-5
0.863095238095238	-1.045	0	0	0	0	0	0	-6893.094826225922	0.26343986190366725	1.0E-5
0.8779761904761904	-1.06	0	0	0	0	0	0	-6869.794764834504	0.2637012568842078	9.999999999999999E-6
0.6994047619047618	-0.8650000000000002	0	0	0	0	0	0	-6950.322076626202	0.2627996479605752	1.0E-5
0.7142857142857141	-0.8799999999999999	0	0	0	0	0	0	-6969.138044387903	0.2625897086903224	1.0E-5
0.7291666666666665	-0.895	0	0	0	0	0	0	-6983.498955007415	0.26242966319162747	1.0000000000000003E-5
0.7440476190476191	-0.9099999999999997	0	0	0	0	0	0	-6993.564390457945	0.2623175849868656	1.0E-5
0.7589285714285716	-0.9249999999999998	0	0	0	0	0	0	-6999.493019082704	0.2622516070998058	9.999999999999999E-6
0.7738095238095241	-0.9400000000000001	0	0	0	0	0	0	-7001.441162426315	0.2622299328236771	1.0E-5
0.788690476190476	-0.9549999999999997	0	0	0	0	0	0	-6999.561507572188	0.2622508450733787	1.0E-5
0.8035714285714286	-0.9699999999999998	0	0	0	0	0	0	-6994.001972128115	0.26231271433345144	1.0E-5
0.818452380952381	-0.9850000000000003	0	0	0	0	0	0	-6984.904724839605	0.26241400523520386	1.0E-5
0.8333333333333334	-1.0000000000000002	0	0	0	0	0	0	-6972.405361258168	0.26255328181370463	1.0E-5
0.848214285714286	-1.015	0	0	0	0	0	0	-6956.632230968425	0.2627292115083768	9.999999999999999E-6
0.8630952380952384	-1.0300000000000002	0	0	0	0	0	0	-6937.7059105708295	0.2629405679799233	1.0000000000000003E-5
0.8779761904761904	-1.0450000000000006	0	0	0	0	0	0	-6915.7388148870195	0.2631862328217091	1.0E-5
0.8928571428571427	-1.06	0	0	0	0	0	0	-6890.83493764494	0.2634651962460035	1.0E-5
0.7142857142857141	-0.8650000000000002	0	0	0	0	0	0	-6998.201205776135	0.2622659809463624	1.0E-5
0.7291666666666667	-0.8800000000000003	0	0	0	0	0	0	-7014.356895467108	0.2620863127069258	1.0E-5
0.7440476190476188	-0.895	0	0	0	0	0	0	-7026.139550560267	0.2619554062722527	1.0E-5
0.7589285714285714	-0.9100000000000001	0	0	0	0	0	0	-7033.713455622752	0.2618713169638211	1.0E-5
0.7738095238095237	-0.9249999999999998	0	0	0	0	0	0	-7037.240852753816	0.26183216938942544	1.0000000000000003E-5
0.7886904761904764	-0.9400000000000001	0	0	0	0	0	0	-7036.880584627147	0.2618361672505382	1.0000000000000003E-5
0.8035714285714287	-0.9550000000000001	0	0	0	0	0	0	-7032.786892724171	0.2618816017151705	1.0E-5
0.818452380952381	-0.97	0	0	0	0	0	0	-7025.108374596985	0.2619668583882935	9.999999999999999E-6
0.833333333333333	-0.9850000000000005	0	0	0	0	0	0	-7013.987100162691	0.262090422930761	1.0000000000000003E-5
0.8482142857142858	-1	0	0	0	0	0	0	-6999.55788385738	0.26225088539198055	1.0E-5
0.8630952380952381	-1.015	0	0	0	0	0	0	-6981.94770695833	0.26244694333161733	1.0E-5
0.8779761904761907	-1.0300000000000002	0	0	0	0	0	0	-6961.275282480499	0.26267740381179205	1.0E-5
0.8928571428571427	-1.0450000000000002	0	0	0	0	0	0	-6937.650753711217	0.2629411843440504	1.0E-5
0.907738095238095	-1.06	0	0	0	0	0	0	-6911.1755165951	0.26323731287538304	1.0E-5
0.9226190476190477	-1.0750000000000002	0	0	0	0	0	0	-6881.942155742311	0.26356492689531463	1.0E-5
0.7291666666666667	-0.8650000000000002	0	0	0	0	0	0	-7045.12296634903	0.26174472782412633	1.0E-5
0.7440476190476188	-0.88	0	0	0	0	0	0	-7058.6095776297225	0.2615952249557194	1.0E-5
0.7589285714285714	-0.8950000000000002	0	0	0	0	0	0	-7067.812722111067	0.26149328753023926	1.0E-5
0.7738095238095237	-0.9100000000000001	0	0	0	0	0	0	-7072.900534832951	0.26143696160452407	1.0E-5
0.7886904761904763	-0.9250000000000004	0	0	0	0	0	0	-7074.038003423593	0.2614243717514849	1.0E-5
0.8035714285714286	-0.9400000000000002	0	0	0	0	0	0	-7071.385698512736	0.26145372985880233	1.0E-5
0.818452380952381	-0.9550000000000001	0	0	0	0	0	0	-7065.098666644208	0.2615233424918132	9.999999999999999E-6
0.8333333333333334	-0.9700000000000001	0	0	0	0	0	0	-7055.325486318005	0.2616316168715937	1.0E-5
0.8482142857142857	-0.9850000000000005	0	0	0	0	0	0	-7042.207484353685	0.26177706553490176	1.0E-5
0.8630952380952384	-1	0	0	0	0	0	0	-7025.878107021311	0.2619583097537625	1.0000000000000003E-5
0.8779761904761905	-1.015	0	0	0	0	0	0	-7006.462438299105	0.26217408179948404	1.0E-5
0.892857142857143	-1.0300000000000002	0	0	0	0	0	0	-6984.076856130897	0.26242322613928876	1.0E-5
0.9077380952380951	-1.0450000000000002	0	0	0	0	0	0	-6958.828816599557	0.26270469965410814	1.0E-5
0.9226190476190474	-1.06	0	0	0	0	0	0	-6930.8167554266265	0.263017570963973	1.0E-5
0.9375000000000003	-1.0750000000000002	0	0	0	0	0	0	-6900.1300960684985	0.26336101894342895	1.0E-5
0.7589285714285717	-0.8800000000000001	0	0	0	0	0	0	-7101.848657983981	0.26111687132925887	1.0E-5
0.7738095238095241	-0.8949999999999998	0	0	0	0	0	0	-7108.477851480553	0.26104366259557304	1.0E-5
0.788690476190476	-0.91	0	0	0	0	0	0	-7111.091304788388	0.2610148107287222	1.0E-5
0.8035714285714287	-0.9250000000000003	0	0	0	0	0	0	-7109.85591678018	0.2610284484316074	9.999999999999999E-6
0.8184523809523809	-0.9400000000000002	0	0	0	0	0	0	-7104.93319626803	0.26108280328524663	1.0E-5
0.8333333333333333	-0.9550000000000001	0	0	0	0	0	0	-7096.478256878448	0.26117620408372577	1.0000000000000003E-5
0.848214285714286	-0.97	0	0	0	0	0	0	-7084.638976874386	0.2613070858170959	1.0E-5
0.8630952380952384	-0.9850000000000003	0	0	0	0	0	0	-7069.5553185338085	0.26147399338247584	9.999999999999999E-6
0.8779761904761907	-1.0000000000000002	0	0	0	0	0	0	-7051.358799410702	0.2616755841114802	1.0E-5
0.892857142857143	-1.015	0	0	0	0	0	0	-7030.172106164006	0.2619106292061057	1.0E-5
0.9077380952380951	-1.0300000000000002	0	0	0	0	0	0	-7006.108840569226	0.2621780141759597	1.0E-5
0.9226190476190474	-1.0450000000000004	0	0	0	0	0	0	-6979.273386744292	0.26247673836778396	1.0E-5
0.9374999999999997	-1.06	0	0	0	0	0	0	-6949.760888439246	0.2628059136742264	1.0E-5
0.9523809523809523	-1.0750000000000002	0	0	0	0	0	0	-6917.657325374348	0.26316476250327314	1.0E-5
0.7589285714285714	-0.8650000000000002	0	0	0	0	0	0	-7135.880426657939	0.26074141240664456	9.999999999999999E-6
0.7738095238095237	-0.8799999999999999	0	0	0	0	0	0	-7144.031598306983	0.26065161914419976	1.0E-5
0.788690476190476	-0.895	0	0	0	0	0	0	-7148.099021969773	0.2606068320014436	1.0E-5
0.8035714285714287	-0.9100000000000001	0	0	0	0	0	0	-7148.255918301187	0.26060510464843717	1.0000000000000003E-5
0.818452380952381	-0.925	0	0	0	0	0	0	-7144.670265324307	0.26064458580278793	1.0E-5
0.8333333333333335	-0.9400000000000004	0	0	0	0	0	0	-7137.503731191742	0.2607235259195656	1.0E-5
0.8482142857142857	-0.9549999999999997	0	0	0	0	0	0	-7126.910776689604	0.2608402824932162	1.0E-5
0.863095238095238	-0.97	0	0	0	0	0	0	-7113.037922280169	0.26099332405422226	1.0000000000000003E-5
0.8779761904761904	-0.9850000000000004	0	0	0	0	0	0	-7096.023171988808	0.2611812329519972	1.0E-5
0.8928571428571428	-1	0	0	0	0	0	0	-7075.995584636117	0.2614027070201527	1.0E-5
0.9077380952380951	-1.015	0	0	0	0	0	0	-7053.074981723156	0.26165656022142664	1.0E-5
0.9226190476190479	-1.0300000000000002	0	0	0	0	0	0	-7027.371780609808	0.26194172236784347	1.0000000000000003E-5
0.9375000000000002	-1.0450000000000004	0	0	0	0	0	0	-6998.986941394608	0.2622572380077019	1.0E-5
0.9523809523809523	-1.0600000000000003	0	0	0	0	0	0	-6968.012016019894	0.2626022645653203	1.0E-5
0.9672619047619047	-1.0750000000000004	0	0	0	0	0	0	-6934.529288504808	0.2629760698126573	1.0E-5
0.7738095238095237	-0.8650000000000002	0	0	0	0	0	0	-7179.621878550309	0.26026017014698066	1.0000000000000003E-5
0.788690476190476	-0.8800000000000001	0	0	0	0	0	0	-7185.12082092567	0.26019977765212926	1.0E-5
0.8035714285714287	-0.895	0	0	0	0	0	0	-7186.6450431420435	0.26018304200286774	1.0E-5
0.818452380952381	-0.91	0	0	0	0	0	0	-7184.368993630073	0.2602080332373703	1.0E-5
0.8333333333333334	-0.9250000000000003	0	0	0	0	0	0	-7178.460907856347	0.26027292363227766	1.0E-5
0.8482142857142858	-0.9400000000000001	0	0	0	0	0	0	-7169.081852714529	0.26037599331995287	1.0E-5
0.863095238095238	-0.9550000000000003	0	0	0	0	0	0	-7156.384940636077	0.2605156345650107	9.999999999999999E-6
0.8779761904761904	-0.9700000000000002	0	0	0	0	0	0	-7140.514705716025	0.26069035479505454	1.0E-5
0.892857142857143	-0.9850000000000003	0	0	0	0	0	0	-7121.606632172271	0.26089877848584087	1.0E-5
0.9077380952380951	-0.9999999999999998	0	0	0	0	0	0	-7099.786824133704	0.2611396480026529	1.0E-5
0.9226190476190473	-1.015	0	0	0	0	0	0	-7075.171804993472	0.26141182349816483	1.0E-5
0.9375	-1.0300000000000002	0	0	0	0	0	0	-7047.868434276059	0.2617142819631415	1.0E-5
0.9523809523809526	-1.0450000000000004	0	0	0	0	0	0	-7017.973930057565	0.26204611552054796	1.0000000000000003E-5
0.9672619047619049	-1.06	0	0	0	0	0	0	-6985.5759853585	0.2624065290465966	1.0E-5
0.982142857142857	-1.075	0	0	0	0	0	0	-6950.752967517337	0.2627948371944208	1.0E-5
0.8035714285714287	-0.8800000000000001	0	0	0	0	0	0	-7225.0837389133885	0.25976159890721684	1.0E-5
0.818452380952381	-0.895	0	0	0	0	0	0	-7224.089442496996	0.2597724857140367	1.0E-5
0.8333333333333333	-0.9100000000000001	0	0	0	0	0	0	-7219.409573674031	0.25982373728059605	1.0E-5
0.848214285714286	-0.9249999999999998	0	0	0	0	0	0	-7211.211822012321	0.25991355659105003	1.0E-5
0.8630952380952381	-0.9400000000000001	0	0	0	0	0	0	-7199.65591773565	0.26004025983514295	1.0E-5
0.8779761904761904	-0.9550000000000003	0	0	0	0	0	0	-7184.892959703968	0.2602022796793297	1.0E-5
0.892857142857143	-0.97	0	0	0	0	0	0	-7167.064900927792	0.2603981673625957	1.0E-5
0.9077380952380951	-0.9850000000000003	0	0	0	0	0	0	-7146.304180292528	0.26062659372335806	1.0E-5
0.9226190476190474	-1	0	0	0	0	0	0	-7122.733488313189	0.26088634926253884	1.0E-5
0.9375	-1.015	0	0	0	0	0	0	-7096.465654391385	0.261176343344006	1.0E-5
0.9523809523809523	-1.0300000000000002	0	0	0	0	0	0	-7067.603643107487	0.2614956026277118	1.0E-5
0.9672619047619047	-1.0450000000000006	0	0	0	0	0	0	-7036.24064745814	0.26184326882358844	9.999999999999999E-6
0.9821428571428573	-1.0599999999999996	0	0	0	0	0	0	-7002.46026755787	0.2622185958461051	1.0000000000000003E-5
0.9970238095238095	-1.0750000000000002	0	0	0	0	0	0	-6966.336764086806	0.26262094644078293	1.0000000000000003E-5
0.8035714285714286	-0.8650000000000002	0	0	0	0	0	0	-7263.633711680296	0.259340107243851	1.0E-5
0.818452380952381	-0.8800000000000001	0	0	0	0	0	0	-7263.892750523699	0.2593372789758327	1.0E-5
0.8333333333333334	-0.895	0	0	0	0	0	0	-7260.4104245333565	0.2593753045464995	1.0E-5
0.8482142857142857	-0.91	0	0	0	0	0	0	-7253.3610559713015	0.2594523100846157	1.0E-5
0.863095238095238	-0.9250000000000003	0	0	0	0	0	0	-7242.911011126277	0.2595665359847728	1.0E-5
0.8779761904761905	-0.9400000000000006	0	0	0	0	0	0	-7229.2179797810695	0.2597163404114393	1.0E-5
0.8928571428571427	-0.9550000000000001	0	0	0	0	0	0	-7212.430417628236	0.2599002015962677	1.0E-5
0.9077380952380951	-0.9699999999999998	0	0	0	0	0	0	-7192.687139981227	0.2601167190397811	1.0000000000000003E-5
0.9226190476190479	-0.9850000000000003	0	0	0	0	0	0	-7170.117054172154	0.2603646137274547	1.0000000000000003E-5
0.9375	-0.9999999999999998	0	0	0	0	0	0	-7144.839017614701	0.2606427274663399	1.0E-5
0.9523809523809523	-1.015	0	0	0	0	0	0	-7116.961808538196	0.26095002144241397	1.0E-5
0.967261904761905	-1.0300000000000002	0	0	0	0	0	0	-7086.584196770389	0.2612855740913492	1.0E-5
0.9821428571428574	-1.0450000000000004	0	0	0	0	0	0	-7053.795102571109	0.2616485783669351	9.999999999999999E-6
0.9970238095238096	-1.06	0	0	0	0	0	0	-7018.67383231699	0.26203833848239705	1.0E-5
0.833333333333333	-0.8800000000000003	0	0	0	0	0	0	-7301.525198321135	0.25892695946919336	1.0000000000000003E-5
0.848214285714286	-0.895	0	0	0	0	0	0	-7295.590798169289	0.2589915899269089	1.0E-5
0.8630952380952384	-0.9100000000000001	0	0	0	0	0	0	-7286.211094850295	0.2590937993251555	1.0E-5
0.8779761904761907	-0.9249999999999998	0	0	0	0	0	0	-7273.55038702462	0.25923187168316897	1.0E-5
0.8928571428571428	-0.9400000000000006	0	0	0	0	0	0	-7257.763657744119	0.2594042125618112	1.0E-5
0.9077380952380953	-0.9550000000000001	0	0	0	0	0	0	-7238.996130233831	0.25960935042929734	1.0E-5
0.9226190476190474	-0.9699999999999994	0	0	0	0	0	0	-7217.382967203563	0.25984593701821596	1.0E-5
0.9375	-0.9850000000000003	0	0	0	0	0	0	-7193.049100157081	0.2601127467850514	1.0E-5
0.9523809523809523	-0.9999999999999996	0	0	0	0	0	0	-7166.1091751590175	0.2604086755773305	1.0E-5
0.967261904761905	-1.0150000000000001	0	0	0	0	0	0	-7136.667601882662	0.26073273860580914	1.0E-5
0.982142857142857	-1.03	0	0	0	0	0	0	-7104.818693400338	0.2610840678103471	9.999999999999999E-6
0.9970238095238098	-1.0450000000000004	0	0	0	0	0	0	-7070.646885007988	0.2614619086987642	9.999999999999999E-6
1.0119047619047619	-1.0600000000000003	0	0	0	0	0	0	-7034.227021324004	0.26186561672842157	1.0E-5
1.026785714285714	-1.0750000000000004	0	0	0	0	0	0	-6995.624701906796	0.262294653290875	1.0E-5
0.8482142857142857	-0.88	0	0	0	0	0	0	-7337.96329399664	0.2585307293763361	1.0E-5
0.863095238095238	-0.895	0	0	0	0	0	0	-7329.617873938979	0.25862138527005873	1.0000000000000003E-5
0.8779761904761904	-0.91	0	0	0	0	0	0	-7317.951477448207	0.25874820910781243	1.0E-5
0.8928571428571427	-0.9250000000000003	0	0	0	0	0	0	-7303.125630649078	0.2589095342230284	1.0E-5
0.907738095238095	-0.9400000000000002	0	0	0	0	0	0	-7285.291986189464	0.25910381847308867	1.0E-5
0.9226190476190474	-0.9550000000000001	0	0	0	0	0	0	-7264.591989782976	0.25932964472516284	1.0000000000000003E-5
0.9375	-0.9699999999999995	0	0	0	0	0	0	-7241.156681243668	0.2595857204254529	1.0E-5
0.9523809523809523	-0.9850000000000003	0	0	0	0	0	0	-7215.106615908142	0.25987087636199674	9.999999999999999E-6
0.967261904761905	-0.9999999999999996	0	0	0	0	0	0	-7186.551892694207	0.2601840647232314	9.999999999999999E-6
0.9821428571428573	-1.015	0	0	0	0	0	0	-7155.5922756956825	0.2605243565454457	1.0E-5
0.9970238095238096	-1.0300000000000002	0	0	0	0	0	0	-7122.317397073593	0.26089093863252766	1.0E-5
1.0119047619047619	-1.0450000000000004	0	0	0	0	0	0	-7086.807029996006	0.26128311002146176	9.999999999999999E-6
1.0267857142857144	-1.0600000000000005	0	0	0	0	0	0	-7049.131421438851	0.2617002780571788	1.0E-5
1.0416666666666665	-1.0750000000000002	0	0	0	0	0	0	-7009.351675733241	0.2621419541309001	1.0E-5
0.8482142857142858	-0.8650000000000002	0	0	0	0	0	0	-7380.54193217855	0.2580690575309022	1.0E-5
0.8630952380952384	-0.8800000000000001	0	0	0	0	0	0	-7373.194010360352	0.2581486271713706	1.0000000000000003E-5
0.8779761904761907	-0.8949999999999996	0	0	0	0	0	0	-7362.483332799048	0.2582646881803892	1.0E-5
0.8928571428571427	-0.91	0	0	0	0	0	0	-7348.577975641418	0.2584155022148297	1.0E-5
0.9077380952380951	-0.9250000000000004	0	0	0	0	0	0	-7331.636032653284	0.25859945705894577	1.0E-5
0.9226190476190473	-0.9400000000000004	0	0	0	0	0	0	-7311.805249377524	0.2588150672266488	1.0E-5
0.9375	-0.9550000000000001	0	0	0	0	0	0	-7289.222796430243	0.2590609736272282	1.0E-5
0.9523809523809523	-0.97	0	0	0	0	0	0	-7264.015167246284	0.25933594240978636	1.0E-5
0.9672619047619047	-0.9849999999999999	0	0	0	0	0	0	-7236.298185930344	0.25963886309343465	1.0E-5
0.9821428571428573	-0.9999999999999998	0	0	0	0	0	0	-7206.177111532793	0.25996874608089565	1.0E-5
0.9970238095238096	-1.0150000000000001	0	0	0	0	0	0	-7173.7468259588095	0.2603247196430688	1.0E-5
1.0119047619047619	-1.0300000000000002	0	0	0	0	0	0	-7139.092093754267	0.26070602645176555	1.0000000000000003E-5
1.0267857142857144	-1.0450000000000004	0	0	0	0	0	0	-7102.287883124698	0.2611120197275437	9.999999999999999E-6
1.041666666666667	-1.0600000000000003	0	0	0	0	0	0	-7063.399738677754	0.26154215905966016	1.0000000000000003E-5
1.0565476190476193	-1.0750000000000002	0	0	0	0	0	0	-7022.484197491591	0.26199600594580547	1.0E-5
0.8630952380952384	-0.8650000000000002	0	0	0	0	0	0	-7417.003260527555	0.2576748550824776	1.0E-5
0.8779761904761907	-0.88	0	0	0	0	0	0	-7407.208942472041	0.2577806431660989	1.0E-5
0.8928571428571427	-0.895	0	0	0	0	0	0	-7394.183068749307	0.2579214528530896	1.0E-5
0.9077380952380953	-0.91	0	0	0	0	0	0	-7378.090176212436	0.25809560250994723	1.0E-5
0.9226190476190477	-0.9249999999999998	0	0	0	0	0	0	-7359.084316318052	0.2583015389351342	1.0E-5
0.9375	-0.9400000000000002	0	0	0	0	0	0	-7337.308801298142	0.2585378371077494	1.0E-5
0.9523809523809521	-0.9550000000000001	0	0	0	0	0	0	-7312.8960789605935	0.25880319909951266	1.0E-5
0.9672619047619047	-0.9699999999999998	0	0	0	0	0	0	-7285.967721163728	0.2590964522619996	1.0E-5
0.9821428571428573	-0.9849999999999999	0	0	0	0	0	0	-7256.634511686973	0.25941654679130804	1.0E-5
0.9970238095238096	-0.9999999999999998	0	0	0	0	0	0	-7224.996620138077	0.2597625527618666	1.0E-5
1.0119047619047619	-1.0150000000000001	0	0	0	0	0	0	-7191.143849614103	0.2601336567103504	1.0E-5
1.0267857142857144	-1.0300000000000002	0	0	0	0	0	0	-7155.155946997614	0.260529157839981	9.999999999999999E-6
1.0416666666666665	-1.0450000000000006	0	0	0	0	0	0	-7117.102965962024	0.260948463905152	1.0000000000000003E-5
1.0565476190476195	-1.06	0	0	0	0	0	0	-7077.045673936007	0.2613910868265315	9.999999999999999E-6
1.0714285714285716	-1.0750000000000002	0	0	0	0	0	0	-7035.0359953931165	0.2618566380777831	1.0E-5
0.8928571428571427	-0.8800000000000001	0	0	0	0	0	0	-7440.004140287904	0.25742672207678835	1.0E-5
0.907738095238095	-0.895	0	0	0	0	0	0	-7424.717007789765	0.2575915926444154	1.0E-5
0.9226190476190477	-0.91	0	0	0	0	0	0	-7406.491291805277	0.25778839747244203	1.0E-5
0.9375	-0.9250000000000003	0	0	0	0	0	0	-7385.476445280097	0.25801564635138546	1.0E-5
0.9523809523809523	-0.9400000000000001	0	0	0	0	0	0	-7361.810874086476	0.25827197797883916	1.0E-5
0.9672619047619047	-0.9550000000000001	0	0	0	0	0	0	-7335.621907018407	0.2585561581891437	1.0E-5
0.9821428571428573	-0.9699999999999998	0	0	0	0	0	0	-7307.025868220191	0.25886707755424515	1.0000000000000003E-5
0.9970238095238096	-0.9850000000000003	0	0	0	0	0	0	-7276.128238107573	0.2592037484515829	1.0E-5
1.0119047619047619	-0.9999999999999996	0	0	0	0	0	0	-7243.023889959086	0.25956530168369474	1.0E-5
1.0267857142857142	-1.0150000000000001	0	0	0	0	0	0	-7207.7973905697345	0.2599509827231442	1.0E-5
1.041666666666667	-1.0299999999999998	0	0	0	0	0	0	-7170.52335460853	0.26036014764563	1.0E-5
1.0565476190476195	-1.0450000000000004	0	0	0	0	0	0	-7131.266843558391	0.2607922588039442	1.0E-5
1.0714285714285714	-1.06	0	0	0	0	0	0	-7090.0838012976465	0.26124688028602405	1.0E-5
1.086309523809524	-1.0750000000000002	0	0	0	0	0	0	-7047.021519502442	0.2617236731915426	1.0E-5
0.8928571428571426	-0.8650000000000002	0	0	0	0	0	0	-7486.105403193578	0.25693064432671486	1.0000000000000003E-5
0.9077380952380951	-0.8799999999999999	0	0	0	0	0	0	-7471.579915562304	0.2570867657721741	1.0000000000000003E-5
0.9226190476190473	-0.895	0	0	0	0	0	0	-7454.088905993565	0.25727498277989275	1.0E-5
0.9375	-0.91	0	0	0	0	0	0	-7433.787955391449	0.2574937408311467	1.0E-5
0.9523809523809523	-0.925	0	0	0	0	0	0	-7410.821418666072	0.25774161609642	1.0E-5
0.9672619047619047	-0.9400000000000006	0	0	0	0	0	0	-7385.322377233196	0.25801731369270875	1.0E-5
0.982142857142857	-0.9549999999999997	0	0	0	0	0	0	-7357.412697028379	0.2583196653057704	1.0E-5
0.9970238095238093	-0.97	0	0	0	0	0	0	-7327.203177503441	0.258647626277228	9.999999999999999E-6
1.0119047619047619	-0.9850000000000004	0	0	0	0	0	0	-7294.793778234343	0.2590002722448757	1.0000000000000003E-5
1.026785714285714	-0.9999999999999998	0	0	0	0	0	0	-7260.27391103385	0.2593767954130427	1.0E-5
1.041666666666667	-1.0150000000000006	0	0	0	0	0	0	-7223.722786766927	0.2597765005187512	1.0E-5
1.056547619047619	-1.0300000000000007	0	0	0	0	0	0	-7185.209807362969	0.2601988005488225	1.0E-5
1.0714285714285714	-1.0450000000000002	0	0	0	0	0	0	-7144.794994760904	0.2606432122532935	1.0E-5
1.086309523809524	-1.0600000000000003	0	0	0	0	0	0	-7102.529449706563	0.2611093514913242	1.0000000000000003E-5
1.1011904761904758	-1.0750000000000002	0	0	0	0	0	0	-7058.455834332218	0.26159692843831533	1.0E-5
0.907738095238095	-0.8650000000000002	0	0	0	0	0	0	-7518.74320822282	0.25658045963175685	9.999999999999999E-6
0.9226190476190474	-0.8800000000000003	0	0	0	0	0	0	-7501.940626035133	0.2567606361686869	1.0000000000000003E-5
0.9375	-0.8949999999999997	0	0	0	0	0	0	-7482.306129669198	0.2569714631686981	9.999999999999999E-6
0.9523809523809523	-0.91	0	0	0	0	0	0	-7459.990001079907	0.2572114552694077	1.0E-5
0.967261904761905	-0.9250000000000003	0	0	0	0	0	0	-7435.131056268731	0.2574792578224551	1.0E-5
0.9821428571428573	-0.9400000000000004	0	0	0	0	0	0	-7407.85668999449	0.25777364452224094	1.0E-5
0.9970238095238096	-0.9550000000000001	0	0	0	0	0	0	-7378.283013965319	0.25809351449756784	1.0E-5
1.011904761904762	-0.9699999999999998	0	0	0	0	0	0	-7346.515074587834	0.25843788895806824	1.0E-5
1.0267857142857144	-0.9850000000000003	0	0	0	0	0	0	-7312.647137663643	0.2588059074754229	1.0E-5
1.0416666666666665	-1	0	0	0	0	0	0	-7276.763028782303	0.25919682396787236	1.0E-5
1.056547619047619	-1.0150000000000001	0	0	0	0	0	0	-7238.93651951251	0.2596100024455979	1.0E-5
1.0714285714285712	-1.03	0	0	0	0	0	0	-7199.231750794211	0.2600449125644056	1.0E-5
1.0863095238095237	-1.0450000000000004	0	0	0	0	0	0	-7157.703686177593	0.2605011250256287	9.999999999999999E-6
1.1011904761904763	-1.0599999999999998	0	0	0	0	0	0	-7114.398588624	0.2609783068523758	9.999999999999999E-6
0.9226190476190477	-0.8650000000000003	0	0	0	0	0	0	-7550.110774013956	0.2562446993155524	1.0000000000000003E-5
0.9375	-0.8799999999999999	0	0	0	0	0	0	-7531.094440156483	0.25644815823844996	1.0000000000000003E-5
0.9523809523809523	-0.8949999999999998	0	0	0	0	0	0	-7509.379420712861	0.2566808412926708	1.0E-5
0.9672619047619043	-0.91	0	0	0	0	0	0	-7485.11023415701	0.25694133517258194	9.999999999999999E-6
0.982142857142857	-0.9249999999999998	0	0	0	0	0	0	-7458.419776397437	0.2572283566357979	1.0E-5
0.9970238095238096	-0.9400000000000001	0	0	0	0	0	0	-7429.429449360015	0.2575407495847125	1.0E-5
1.0119047619047619	-0.9550000000000001	0	0	0	0	0	0	-7398.249371051914	0.25787748170479136	1.0E-5
1.0267857142857142	-0.9699999999999998	0	0	0	0	0	0	-7364.978653995228	0.25823764074260386	1.0E-5
1.041666666666667	-0.9850000000000004	0	0	0	0	0	0	-7329.705740330563	0.2586204304947203	1.0E-5
1.056547619047619	-0.9999999999999994	0	0	0	0	0	0	-7292.508783298795	0.2590251665673369	1.0E-5
1.0714285714285714	-1.0149999999999997	0	0	0	0	0	0	-7253.456066165646	0.2594512719560483	1.0E-5
1.086309523809524	-1.0300000000000002	0	0	0	0	0	0	-7212.606450953751	0.25989827248536074	1.0E-5
1.1011904761904758	-1.0450000000000002	0	0	0	0	0	0	-7170.00985047124	0.260365792139471	1.0000000000000003E-5
1.1160714285714288	-1.0600000000000003	0	0	0	0	0	0	-7125.707718421848	0.2608535483055788	1.0E-5
1.1309523809523807	-1.075	0	0	0	0	0	0	-7079.733552496742	0.2613613469533408	1.0E-5
0.9375	-0.8650000000000002	0	0	0	0	0	0	-7580.217145310658	0.25592317222110667	9.999999999999999E-6
0.9523809523809523	-0.8800000000000003	0	0	0	0	0	0	-7559.053085745575	0.2561491230957585	9.999999999999999E-6
0.9672619047619047	-0.895	0	0	0	0	0	0	-7535.3226503127635	0.2564028951391144	1.0E-5
0.9821428571428573	-0.91	0	0	0	0	0	0	-7509.16419323866	0.2566831493907418	1.0E-5
0.9970238095238096	-0.9250000000000004	0	0	0	0	0	0	-7480.704368982492	0.25698867567958533	1.0E-5
1.0119047619047619	-0.9400000000000006	0	0	0	0	0	0	-7450.05833585069	0.2573183892400657	1.0000000000000003E-5
1.0267857142857144	-0.9550000000000005	0	0	0	0	0	0	-7417.330029356153	0.25767132697336304	1.0E-5
1.0416666666666665	-0.97	0	0	0	0	0	0	-7382.612493180871	0.258046643427418	9.999999999999999E-6
1.0565476190476193	-0.9850000000000003	0	0	0	0	0	0	-7345.988257061468	0.25844360655762133	1.0E-5
1.0714285714285714	-0.9999999999999998	0	0	0	0	0	0	-7307.5297523260115	0.258861593319446	1.0E-5
1.086309523809524	-1.015	0	0	0	0	0	0	-7267.29975716372	0.25930008513419195	1.0E-5
1.1011904761904758	-1.0299999999999998	0	0	0	0	0	0	-7225.351864885079	0.2597586632606988	1.0E-5
1.1160714285714284	-1.0450000000000006	0	0	0	0	0	0	-7181.730969781384	0.26023700409535033	1.0000000000000003E-5
1.1309523809523807	-1.06	0	0	0	0	0	0	-7136.473765344485	0.26073487442490395	9.999999999999999E-6
0.9523809523809523	-0.8650000000000002	0	0	0	0	0	0	-7609.075119897907	0.25561565185335217	1.0E-5
0.9672619047619047	-0.8799999999999999	0	0	0	0	0	0	-7585.831586051806	0.2558632911285137	1.0E-5
0.9821428571428573	-0.895	0	0	0	0	0	0	-7560.152564164492	0.25613737614772064	1.0E-5
0.9970238095238093	-0.91	0	0	0	0	0	0	-7532.169907359357	0.2564366439907179	1.0E-5
1.0119047619047619	-0.925	0	0	0	0	0	0	-7502.003766418158	0.25675995868641505	1.0E-5
1.0267857142857142	-0.9400000000000006	0	0	0	0	0	0	-7469.76285929933	0.2571063074442488	1.0000000000000003E-5
1.0416666666666665	-0.9550000000000004	0	0	0	0	0	0	-7435.544799127095	0.25747479661265593	1.0E-5
1.0565476190476193	-0.9699999999999998	0	0	0	0	0	0	-7399.436469594001	0.2578646474284905	1.0E-5
1.0714285714285712	-0.9850000000000003	0	0	0	0	0	0	-7361.514438177935	0.2582751916102668	1.0E-5
1.086309523809524	-0.9999999999999994	0	0	0	0	0	0	-7321.845398977043	0.25870586683781194	1.0000000000000003E-5
1.1011904761904765	-1.0149999999999995	0	0	0	0	0	0	-7280.486638188584	0.25915621215240753	1.0E-5
1.1160714285714284	-1.0300000000000002	0	0	0	0	0	0	-7237.486516660945	0.25962586330073073	1.0E-5
1.130952380952381	-1.0450000000000006	0	0	0	0	0	0	-7192.884964132192	0.2601145480480335	1.0E-5
1.1458333333333335	-1.06	0	0	0	0	0	0	-7146.713983892657	0.26062208144454213	1.0E-5
1.1607142857142856	-1.075	0	0	0	0	0	0	-7098.998155499467	0.26114836115434226	1.0E-5
0.9821428571428573	-0.88	0	0	0	0	0	0	-7611.447986684054	0.2555903951423841	1.0E-5
0.9970238095238096	-0.895	0	0	0	0	0	0	-7583.888522293383	0.2558840121435612	1.0E-5
1.0119047619047619	-0.91	0	0	0	0	0	0	-7554.147650717567	0.25620154497339337	1.0E-5
1.026785714285714	-0.9250000000000004	0	0	0	0	0	0	-7522.338814496524	0.2565419324804644	1.0E-5
1.0416666666666663	-0.9400000000000004	0	0	0	0	0	0	-7488.564146619029	0.2569042340405823	1.0000000000000003E-5
1.0565476190476193	-0.9550000000000003	0	0	0	0	0	0	-7452.914844555549	0.25728762528341753	1.0000000000000003E-5
1.0714285714285716	-0.9699999999999998	0	0	0	0	0	0	-7415.47158220707	0.2576913936751056	1.0E-5
1.086309523809524	-0.9850000000000003	0	0	0	0	0	0	-7376.304951306333	0.25811493400059643	1.0E-5
1.101190476190476	-0.9999999999999998	0	0	0	0	0	0	-7335.475925073802	0.25855774378087776	1.0E-5
1.1160714285714286	-1.015	0	0	0	0	0	0	-7293.036338378625	0.25901941864926936	1.0E-5
1.1309523809523805	-1.0300000000000002	0	0	0	0	0	0	-7249.029378868816	0.25949964771305667	1.0000000000000003E-5
1.1458333333333333	-1.0450000000000004	0	0	0	0	0	0	-7203.490087752154	0.25999820888469116	1.0E-5
1.1607142857142856	-1.0600000000000003	0	0	0	0	0	0	-7156.445857636295	0.2605149642936047	1.0000000000000003E-5
1.1755952380952381	-1.075	0	0	0	0	0	0	-7107.91696050106	0.26104985539136516	1.0E-5
0.9970238095238096	-0.8800000000000001	0	0	0	0	0	0	-7635.92307680471	0.2553301434872489	1.0E-5
1.0119047619047619	-0.895	0	0	0	0	0	0	-7606.552236462474	0.2556425102300718	1.0E-5
1.0267857142857144	-0.9100000000000004	0	0	0	0	0	0	-7575.119697648956	0.25597756093422314	1.0000000000000003E-5
1.0416666666666665	-0.9250000000000005	0	0	0	0	0	0	-7541.732045619696	0.2563343094107502	1.0E-5
1.0565476190476193	-0.9400000000000006	0	0	0	0	0	0	-7506.484733395353	0.2567118869740659	1.0E-5
1.0714285714285716	-0.9550000000000001	0	0	0	0	0	0	-7469.462493473309	0.25710953800367914	1.0000000000000003E-5
1.086309523809524	-0.9699999999999998	0	0	0	0	0	0	-7430.739778762591	0.25752661541917793	9.999999999999999E-6
1.1011904761904763	-0.9850000000000003	0	0	0	0	0	0	-7390.381225334012	0.25796257610442624	1.0E-5
1.1160714285714286	-1	0	0	0	0	0	0	-7348.442131065592	0.2584169763058853	1.0E-5
1.1309523809523805	-1.015	0	0	0	0	0	0	-7304.968944501025	0.2588894670320502	1.0E-5
1.145833333333333	-1.0299999999999998	0	0	0	0	0	0	-7259.999762541795	0.25937978943844864	1.0E-5
1.160714285714286	-1.0450000000000006	0	0	0	0	0	0	-7213.564824163689	0.2598877703109156	1.0E-5
1.1755952380952381	-1.0599999999999998	0	0	0	0	0	0	-7165.6870338130575	0.2604133172550511	1.0E-5
1.1904761904761902	-1.075	0	0	0	0	0	0	-7116.382378896117	0.2609564150590474	1.0E-5
0.9970238095238096	-0.8650000000000002	0	0	0	0	0	0	-7688.336928645182	0.25477440636550447	9.999999999999999E-6
1.0119047619047619	-0.8800000000000001	0	0	0	0	0	0	-7659.28010785346	0.2550822231376771	1.0E-5
1.0267857142857144	-0.895	0	0	0	0	0	0	-7628.167507979427	0.2554125596182318	1.0000000000000003E-5
1.0416666666666665	-0.9100000000000004	0	0	0	0	0	0	-7595.110080215473	0.25576438564721815	1.0000000000000003E-5
1.056547619047619	-0.925	0	0	0	0	0	0	-7560.207456289303	0.25613678969934517	1.0E-5
1.0714285714285714	-0.9400000000000001	0	0	0	0	0	0	-7523.548360946	0.25652897441563877	1.0E-5
1.0863095238095237	-0.9550000000000004	0	0	0	0	0	0	-7485.21105334228	0.25694025206219784	1.0E-5
1.1011904761904763	-0.9699999999999994	0	0	0	0	0	0	-7445.263789756182	0.2573700399525526	1.0E-5
1.1160714285714286	-0.9850000000000004	0	0	0	0	0	0	-7403.765301536694	0.25781785585904005	9.999999999999999E-6
1.1309523809523805	-1	0	0	0	0	0	0	-7360.765282474135	0.2582833134407409	1.0E-5
1.145833333333333	-1.015	0	0	0	0	0	0	-7316.304884151148	0.25876611767258223	1.0E-5
1.1607142857142856	-1.0300000000000007	0	0	0	0	0	0	-7270.417206253434	0.2592660603898341	1.0000000000000003E-5
1.175595238095238	-1.0450000000000004	0	0	0	0	0	0	-7223.127816035256	0.25978301555152716	1.0000000000000003E-5
1.1904761904761907	-1.0600000000000003	0	0	0	0	0	0	-7174.455159086121	0.2603169357088502	1.0000000000000003E-5
1.2053571428571426	-1.075	0	0	0	0	0	0	-7124.411365825159	0.2608678441258732	1.0E-5
1.0119047619047619	-0.8650000000000002	0	0	0	0	0	0	-7712.39426946088	0.254520058249341	1.0000000000000003E-5
1.0267857142857144	-0.8800000000000001	0	0	0	0	0	0	-7681.544512881031	0.25484630270172176	9.999999999999999E-6
1.0416666666666665	-0.895	0	0	0	0	0	0	-7648.759968510242	0.25519383437066023	1.0E-5
1.056547619047619	-0.9100000000000004	0	0	0	0	0	0	-7614.144350587267	0.2555617005550336	1.0E-5
1.0714285714285716	-0.9250000000000004	0	0	0	0	0	0	-7577.790290658779	0.2559490636906761	1.0000000000000003E-5
1.086309523809524	-0.9400000000000006	0	0	0	0	0	0	-7539.779780309808	0.2563551967852926	1.0E-5
1.1011904761904763	-0.9549999999999997	0	0	0	0	0	0	-7500.18463463544	0.25677947883153984	1.0000000000000003E-5
1.1160714285714284	-0.97	0	0	0	0	0	0	-7459.066970245064	0.2572213902239178	9.999999999999999E-6
1.130952380952381	-0.9850000000000003	0	0	0	0	0	0	-7416.4796918587035	0.2576805082073603	9.999999999999999E-6
1.1458333333333333	-1	0	0	0	0	0	0	-7372.4669860003305	0.25815650234217585	1.0000000000000003E-5
1.160714285714286	-1.0150000000000003	0	0	0	0	0	0	-7327.064808566936	0.2586491301008885	9.999999999999999E-6
1.1755952380952381	-1.0300000000000002	0	0	0	0	0	0	-7280.301400969354	0.25915823219653483	1.0E-5
1.1904761904761902	-1.0450000000000002	0	0	0	0	0	0	-7232.1976948473175	0.2596837291457515	1.0E-5
1.2053571428571426	-1.06	0	0	0	0	0	0	-7182.76811822895	0.2602256134449352	9.999999999999999E-6
1.220238095238095	-1.0749999999999997	0	0	0	0	0	0	-7132.0198919252125	0.26078395829721635	1.0E-5
1.0267857142857142	-0.8650000000000003	0	0	0	0	0	0	-7735.313326310082	0.2542781710762235	1.0E-5
1.0416666666666665	-0.8800000000000003	0	0	0	0	0	0	-7702.743629342546	0.25462203533510436	1.0E-5
1.0565476190476193	-0.895	0	0	0	0	0	0	-7668.356826272071	0.2549859960419972	9.999999999999999E-6
1.0714285714285716	-0.91	0	0	0	0	0	0	-7632.249350157156	0.2553691771503408	1.0E-5
1.086309523809524	-0.925	0	0	0	0	0	0	-7594.506831729607	0.2557708139901218	1.0E-5
1.101190476190476	-0.9400000000000006	0	0	0	0	0	0	-7555.204564356734	0.2561902486656863	9.999999999999999E-6
1.1160714285714284	-0.9549999999999997	0	0	0	0	0	0	-7514.407982767222	0.25662692547213956	1.0E-5
1.130952380952381	-0.9699999999999995	0	0	0	0	0	0	-7472.173149501251	0.2570803863583046	1.0E-5
1.1458333333333333	-0.9850000000000001	0	0	0	0	0	0	-7428.547247547199	0.2575502664207765	1.0E-5
1.160714285714286	-0.9999999999999998	0	0	0	0	0	0	-7383.569065758746	0.2580362895457282	9.999999999999999E-6
1.1755952380952381	-1.0149999999999997	0	0	0	0	0	0	-7337.26951221611	0.25853826379440326	1.0E-5
1.1904761904761907	-1.0300000000000002	0	0	0	0	0	0	-7289.672013515409	0.25905607805131464	1.0E-5
1.2053571428571428	-1.0450000000000004	0	0	0	0	0	0	-7240.793320791161	0.25958969425053335	1.0000000000000003E-5
1.2202380952380953	-1.06	0	0	0	0	0	0	-7190.642779969524	0.2601391563727904	9.999999999999999E-6
1.2351190476190477	-1.075	0	0	0	0	0	0	-7139.227284066983	0.2607045371112146	1.0E-5
1.0416666666666665	-0.8650000000000002	0	0	0	0	0	0	-7757.123255374353	0.25404837583669987	1.0E-5
1.0565476190476193	-0.88	0	0	0	0	0	0	-7722.906427936335	0.2544090615407984	1.0000000000000003E-5
1.0714285714285716	-0.895	0	0	0	0	0	0	-7686.986619712152	0.25478869619975114	1.0E-5
1.086309523809524	-0.91	0	0	0	0	0	0	-7649.452987097681	0.2551864792359922	1.0E-5
1.1011904761904763	-0.9250000000000004	0	0	0	0	0	0	-7610.384201478871	0.2556017174830942	1.0000000000000003E-5
1.1160714285714286	-0.9400000000000002	0	0	0	0	0	0	-7569.848929247904	0.2560338205972991	1.0E-5
1.1309523809523807	-0.9550000000000001	0	0	0	0	0	0	-7527.906318632434	0.25648229653022603	1.0000000000000003E-5
1.145833333333333	-0.9699999999999998	0	0	0	0	0	0	-7484.606491774966	0.2569467470469859	1.0E-5
1.1607142857142856	-0.9850000000000003	0	0	0	0	0	0	-7439.991028493855	0.25742686340718574	1.0E-5
1.1755952380952381	-1	0	0	0	0	0	0	-7394.09347732698	0.25792242180147734	1.0000000000000003E-5
1.1904761904761907	-1.015	0	0	0	0	0	0	-7346.939749953636	0.2584332800767314	1.0E-5
1.2053571428571428	-1.0300000000000002	0	0	0	0	0	0	-7298.548927231895	0.2589593700083827	1.0E-5
1.220238095238095	-1.0450000000000006	0	0	0	0	0	0	-7248.93250492993	0.25950070654462437	1.0E-5
1.2351190476190477	-1.0599999999999998	0	0	0	0	0	0	-7198.09941347014	0.2600573339800995	1.0E-5
1.25	-1.0750000000000002	0	0	0	0	0	0	-7146.039540011222	0.2606295077034851	1.0E-5
1.056547619047619	-0.8650000000000002	0	0	0	0	0	0	-7777.854902790557	0.25383029076026653	1.0000000000000003E-5
1.0714285714285716	-0.8800000000000001	0	0	0	0	0	0	-7742.063249777298	0.25420701183713196	1.0E-5
1.086309523809524	-0.895	0	0	0	0	0	0	-7704.678980522201	0.2546015788123792	1.0E-5
1.1011904761904763	-0.91	0	0	0	0	0	0	-7665.7840237507135	0.25501326505468075	9.999999999999999E-6
1.1160714285714286	-0.9250000000000005	0	0	0	0	0	0	-7625.450171223223	0.2554414472253437	9.999999999999999E-6
1.130952380952381	-0.9400000000000001	0	0	0	0	0	0	-7583.739565347928	0.2558856007579398	9.999999999999999E-6
1.145833333333333	-0.9550000000000001	0	0	0	0	0	0	-7540.705191082015	0.25634529539721435	1.0E-5
1.160714285714286	-0.97	0	0	0	0	0	0	-7496.391358417267	0.25682019091527764	1.0000000000000003E-5
1.1755952380952381	-0.9850000000000003	0	0	0	0	0	0	-7450.834211463948	0.2573100325947437	1.0000000000000003E-5
1.1904761904761907	-0.9999999999999998	0	0	0	0	0	0	-7404.062118473512	0.25781464802432497	9.999999999999999E-6
1.2053571428571428	-1.015	0	0	0	0	0	0	-7356.096477971535	0.25833393941456634	1.0000000000000003E-5
1.2202380952380953	-1.03	0	0	0	0	0	0	-7306.950941526373	0.2588678930676078	1.0000000000000003E-5
1.2351190476190477	-1.0450000000000004	0	0	0	0	0	0	-7256.636496823354	0.2594165251057825	1.0E-5
1.25	-1.06	0	0	0	0	0	0	-7205.144706620456	0.25998006556853154	1.0E-5
1.0714285714285716	-0.8650000000000002	0	0	0	0	0	0	-7797.540524170986	0.2536235241388966	9.999999999999999E-6
1.0863095238095237	-0.8800000000000003	0	0	0	0	0	0	-7760.245553904467	0.2540155092804019	1.0E-5
1.1011904761904763	-0.895	0	0	0	0	0	0	-7721.464407487884	0.2544242824948142	9.999999999999999E-6
1.1160714285714284	-0.91	0	0	0	0	0	0	-7681.271875234199	0.2548491892785597	1.0E-5
1.130952380952381	-0.9250000000000003	0	0	0	0	0	0	-7639.732982366158	0.2552896742072528	1.0E-5
1.1458333333333333	-0.9400000000000004	0	0	0	0	0	0	-7596.903480977432	0.2557452764940574	1.0E-5
1.1607142857142856	-0.9550000000000005	0	0	0	0	0	0	-7552.830331487756	0.2562156257389425	1.0E-5
1.175595238095238	-0.9699999999999998	0	0	0	0	0	0	-7507.552209998275	0.2567004374557596	1.0E-5
1.1904761904761907	-0.9850000000000008	0	0	0	0	0	0	-7461.099894270929	0.2571995099334266	1.0E-5
1.2053571428571428	-0.9999999999999998	0	0	0	0	0	0	-7413.497069942494	0.25771271659394074	1.0000000000000003E-5
1.2202380952380953	-1.015	0	0	0	0	0	0	-7364.759531808983	0.258240015667809	1.0E-5
1.2351190476190474	-1.0300000000000002	0	0	0	0	0	0	-7314.900326099547	0.2587813955248962	1.0E-5
1.25	-1.0450000000000002	0	0	0	0	0	0	-7263.912723559813	0.2593370609061091	1.0000000000000003E-5
1.0863095238095237	-0.8650000000000002	0	0	0	0	0	0	-7816.213515575468	0.25342767699107727	1.0E-5
1.1011904761904763	-0.8799999999999999	0	0	0	0	0	0	-7777.485676739502	0.2538341718317233	9.999999999999999E-6
1.1160714285714286	-0.895	0	0	0	0	0	0	-7737.3740526413485	0.2542564426016444	9.999999999999999E-6
1.1309523809523807	-0.91	0	0	0	0	0	0	-7695.946419460376	0.2546939048615468	1.0E-5
1.145833333333333	-0.9250000000000004	0	0	0	0	0	0	-7653.2611809741475	0.25514606895947495	1.0000000000000003E-5
1.160714285714286	-0.9400000000000007	0	0	0	0	0	0	-7609.367849069627	0.2556125358130401	1.0E-5
1.1755952380952384	-0.9550000000000001	0	0	0	0	0	0	-7564.307549452053	0.2560929924797476	1.0E-5
1.1904761904761902	-0.9700000000000001	0	0	0	0	0	0	-7518.113403801748	0.2565872090808	1.0E-5
1.2053571428571426	-0.9850000000000004	0	0	0	0	0	0	-7470.811335934993	0.2570950312019965	1.0E-5
1.2202380952380953	-1	0	0	0	0	0	0	-7422.419252982064	0.2576163897566541	1.0E-5
1.235119047619048	-1.015	0	0	0	0	0	0	-7372.952242674839	0.2581512459667887	1.0E-5
1.25	-1.03	0	0	0	0	0	0	-7322.40529760948	0.25869977951969864	1.0E-5
1.1160714285714284	-0.8800000000000001	0	0	0	0	0	0	-7793.816605051091	0.2536626145580831	1.0E-5
1.1309523809523805	-0.8949999999999996	0	0	0	0	0	0	-7752.439519960388	0.2540976931706614	1.0E-5
1.1458333333333333	-0.91	0	0	0	0	0	0	-7709.837822064819	0.25454706472166083	1.0E-5
1.1607142857142856	-0.925	0	0	0	0	0	0	-7666.063456163894	0.2550103031098515	1.0E-5
1.1755952380952381	-0.9400000000000002	0	0	0	0	0	0	-7621.159896167873	0.2554870684194405	1.0E-5
1.1904761904761907	-0.9550000000000003	0	0	0	0	0	0	-7575.162523494068	0.2559771039055344	1.0000000000000003E-5
1.2053571428571428	-0.9699999999999998	0	0	0	0	0	0	-7528.099432895917	0.2564802284404059	1.0E-5
1.2202380952380953	-0.9849999999999999	0	0	0	0	0	0	-7479.990594791616	0.2569963465475569	9.999999999999999E-6
1.235119047619048	-0.9999999999999998	0	0	0	0	0	0	-7430.853103285109	0.25752539308238054	1.0E-5
1.25	-1.0150000000000001	0	0	0	0	0	0	-7380.68366849017	0.2580675231079136	9.999999999999999E-6
1.1309523809523807	-0.8800000000000003	0	0	0	0	0	0	-7809.271762719483	0.25350045167034346	9.999999999999999E-6
1.1458333333333333	-0.895	0	0	0	0	0	0	-7766.6926801634	0.253947668684195	1.0E-5
1.1607142857142856	-0.91	0	0	0	0	0	0	-7722.976366154212	0.2544083233640118	9.999999999999999E-6
1.175595238095238	-0.9250000000000004	0	0	0	0	0	0	-7678.168522079967	0.2548820504729608	1.0E-5
1.1904761904761907	-0.9400000000000006	0	0	0	0	0	0	-7632.306686175655	0.25536856786804135	1.0E-5
1.2053571428571426	-0.9550000000000005	0	0	0	0	0	0	-7585.421038572171	0.2558676689962333	1.0000000000000003E-5
1.2202380952380953	-0.97	0	0	0	0	0	0	-7537.533545890785	0.2563792330852904	1.0000000000000003E-5
1.2351190476190474	-0.9850000000000003	0	0	0	0	0	0	-7488.663255584857	0.25690316957440285	9.999999999999999E-6
1.25	-1	0	0	0	0	0	0	-7438.808573068874	0.25743960950701666	1.0E-5
1.1309523809523805	-0.8650000000000002	0	0	0	0	0	0	-7866.502508944729	0.2529016045802587	9.999999999999999E-6
1.145833333333333	-0.8799999999999999	0	0	0	0	0	0	-7823.884814895819	0.2533472983657729	9.999999999999999E-6
1.1607142857142856	-0.895	0	0	0	0	0	0	-7780.165491440416	0.25380600575949736	1.0E-5
1.175595238095238	-0.9100000000000001	0	0	0	0	0	0	-7735.39232695394	0.2542773380246996	9.999999999999999E-6
1.1904761904761905	-0.925	0	0	0	0	0	0	-7689.604894583488	0.2547609892524727	9.999999999999999E-6
1.2053571428571428	-0.9400000000000002	0	0	0	0	0	0	-7642.8353558719555	0.25525672891448	9.999999999999999E-6
1.220238095238095	-0.9549999999999998	0	0	0	0	0	0	-7595.107588570725	0.25576441219811613	1.0E-5
1.2351190476190472	-0.97	0	0	0	0	0	0	-7546.442522719282	0.2562839242393555	1.0000000000000003E-5
1.25	-0.9850000000000002	0	0	0	0	0	0	-7496.840219213486	0.25681537283369615	1.0E-5
1.145833333333333	-0.8650000000000002	0	0	0	0	0	0	-7881.473113125822	0.25274538351852427	9.999999999999999E-6
1.1607142857142856	-0.8800000000000003	0	0	0	0	0	0	-7837.68947933385	0.2532027725869771	1.0E-5
1.175595238095238	-0.8949999999999997	0	0	0	0	0	0	-7792.889866460587	0.2536723443478341	1.0E-5
1.1904761904761907	-0.9100000000000001	0	0	0	0	0	0	-7747.115741316111	0.25415377092155217	1.0E-5
1.2053571428571426	-0.9250000000000004	0	0	0	0	0	0	-7700.401124305431	0.25464679941331686	1.0000000000000003E-5
1.2202380952380953	-0.9400000000000006	0	0	0	0	0	0	-7652.7717012257435	0.25515126238238295	9.999999999999999E-6
1.2351190476190474	-0.9549999999999997	0	0	0	0	0	0	-7604.250196293803	0.2556670219312427	1.0E-5
1.25	-0.97	0	0	0	0	0	0	-7554.8382687049225	0.2561941635384838	9.999999999999999E-6
1.160714285714286	-0.8650000000000003	0	0	0	0	0	0	-7895.606752591474	0.25259805887953724	1.0E-5
1.1755952380952381	-0.8799999999999999	0	0	0	0	0	0	-7850.719385450663	0.25306649627679706	1.0E-5
1.1904761904761907	-0.895	0	0	0	0	0	0	-7804.897434588903	0.25354633003246396	1.0E-5
1.2053571428571426	-0.9100000000000006	0	0	0	0	0	0	-7758.176637861433	0.2540372866510044	1.0E-5
1.220238095238095	-0.925	0	0	0	0	0	0	-7710.584367910859	0.2545391776289665	9.999999999999999E-6
1.2351190476190474	-0.9400000000000002	0	0	0	0	0	0	-7662.1450371069095	0.2550518434568277	1.0E-5
1.25	-0.9550000000000001	0	0	0	0	0	0	-7612.861828588499	0.2555753483799074	1.0E-5
1.1755952380952381	-0.8650000000000002	0	0	0	0	0	0	-7908.938855801694	0.2524592338576896	1.0E-5
1.1904761904761902	-0.88	0	0	0	0	0	0	-7863.007829154026	0.25293809772210735	1.0E-5
1.2053571428571428	-0.895	0	0	0	0	0	0	-7816.21976867579	0.25342761145315273	1.0E-5
1.220238095238095	-0.9100000000000001	0	0	0	0	0	0	-7768.6035943448205	0.25392756720056364	1.0E-5
1.2351190476190474	-0.9250000000000003	0	0	0	0	0	0	-7720.185283001803	0.25443778541179274	1.0E-5
1.25	-0.9400000000000002	0	0	0	0	0	0	-7670.96945032853	0.2549583103291426	1.0E-5
1.1904761904761907	-0.8650000000000002	0	0	0	0	0	0	-7921.5044617525955	0.25232851876967793	1.0E-5
1.2053571428571428	-0.8800000000000001	0	0	0	0	0	0	-7874.5879958506075	0.25281720900860744	1.0E-5
1.2202380952380953	-0.895	0	0	0	0	0	0	-7826.886929711986	0.2533158553684853	1.0000000000000003E-5
1.2351190476190474	-0.91	0	0	0	0	0	0	-7778.4286631878185	0.25382425996682767	1.0E-5
1.25	-0.9250000000000002	0	0	0	0	0	0	-7729.2191361197065	0.2543424484145673	1.0E-5
1.2053571428571426	-0.8650000000000002	0	0	0	0	0	0	-7933.338438789635	0.25220552854189443	9.999999999999999E-6
1.2202380952380953	-0.88	0	0	0	0	0	0	-7885.491493620759	0.2527034811172154	1.0E-5
1.2351190476190477	-0.8949999999999998	0	0	0	0	0	0	-7836.932418383739	0.25321069461227963	1.0E-5
1.25	-0.91	0	0	0	0	0	0	-7787.668351705343	0.2537271775152425	1.0E-5
1.220238095238095	-0.8650000000000002	0	0	0	0	0	0	-7944.4740075834325	0.25208989782462987	1.0000000000000003E-5
1.2351190476190474	-0.8799999999999999	0	0	0	0	0	0	-7895.753326140482	0.2525965318696092	1.0E-5
1.25	-0.895	0	0	0	0	0	0	-7846.374045054302	0.25311192811194155	1.0E-5
1.2351190476190472	-0.8650000000000002	0	0	0	0	0	0	-7954.947730708983	0.25198122897750447	1.0E-5
1.25	-0.8800000000000001	0	0	0	0	0	0	-7905.392670254595	0.2524961460039495	1.0E-5
0	-0.8650000000000001	0	0	0	0	0	0	-5151.706055087928	0.28407265128547987	9.999999999999999E-6
0	-0.85	0	0	0	0	0	0	-5110.296817723355	0.2845875492167375	1.0E-5
0.014880952380952495	-0.85	0	0	0	0	0	0	-5111.91302999197	0.2845674350968238	1.0E-5
0	-0.8350000000000001	0	0	0	0	0	0	-5066.753990101718	0.28512997807739465	1.0E-5
0.014880952380952491	-0.8350000000000003	0	0	0	0	0	0	-5068.430313154424	0.28510907677585956	1.0000000000000003E-5
0.029761904761904844	-0.85	0	0	0	0	0	0	-5115.681328379485	0.2845205432877544	1.0E-5
0	-0.8200000000000001	0	0	0	0	0	0	-5021.077577215876	0.2857000649125297	1.0E-5
0.014880952380952488	-0.8200000000000001	0	0	0	0	0	0	-5022.815842877157	0.2856783497174104	1.0E-5
0.029761904761904844	-0.8350000000000002	0	0	0	0	0	0	-5072.338765716926	0.28506034986727774	1.0000000000000003E-5
0.0446428571428572	-0.85	0	0	0	0	0	0	-5121.810082022278	0.28444429500590324	1.0E-5
0	-0.805	0	0	0	0	0	0	-4973.266996306668	0.2862979436281661	1.0E-5
0.01488095238095248	-0.8050000000000003	0	0	0	0	0	0	-4975.069106964887	0.2862753868826421	1.0E-5
0.029761904761904837	-0.8199999999999998	0	0	0	0	0	0	-5026.868719244355	0.2856277254440362	9.999999999999999E-6
0.0446428571428572	-0.8350000000000002	0	0	0	0	0	0	-5078.695485545717	0.28498111760937905	1.0E-5
0.05952380952380955	-0.85	0	0	0	0	0	0	-5130.318603973009	0.2843384737675012	9.999999999999999E-6
0	-0.79	0	0	0	0	0	0	-4923.321045815439	0.286923754159622	1.0E-5
0.01488095238095248	-0.79	0	0	0	0	0	0	-4925.1889808077185	0.2869003272127945	1.000000000000001E-5
0.029761904761904844	-0.8049999999999999	0	0	0	0	0	0	-4979.270840938067	0.28622280077729234	1.0E-5
0.04464285714285718	-0.8200000000000001	0	0	0	0	0	0	-5033.460346799554	0.2855454079683854	9.999999999999999E-6
0.05952380952380956	-0.8349999999999996	0	0	0	0	0	0	-5087.520542595472	0.28487115490471293	1.0E-5
0.0744047619047619	-0.85	0	0	0	0	0	0	-5141.201243972046	0.28420318311956627	9.999999999999999E-6
0	-0.775	0	0	0	0	0	0	-4871.237865851605	0.2875776416047137	1.0E-5
0.014880952380952469	-0.7749999999999997	0	0	0	0	0	0	-4873.173688547217	0.2875533147596016	1.0E-5
0.029761904761904833	-0.7900000000000005	0	0	0	0	0	0	-4929.544185185922	0.28684571249171636	9.999999999999999E-6
0.04464285714285718	-0.8050000000000004	0	0	0	0	0	0	-4986.104583857606	0.2861372932624635	1.0E-5
0.05952380952380956	-0.8200000000000001	0	0	0	0	0	0	-5042.611571888617	0.2854311632836509	1.0E-5
0.07440476190476192	-0.835	0	0	0	0	0	0	-5098.808132465938	0.28473056914754274	9.999999999999999E-6
0.08928571428571433	-0.85	0	0	0	0	0	0	-5154.442312880255	0.28403866078477774	1.0000000000000003E-5
0	-0.7600000000000002	0	0	0	0	0	0	-4817.014889605051	0.2882597553117601	1.0000000000000003E-5
0.014880952380952469	-0.7600000000000002	0	0	0	0	0	0	-4819.020755270491	0.2882344977704102	1.0E-5
0.029761904761904833	-0.7750000000000001	0	0	0	0	0	0	-4877.687171573032	0.28749660220131323	1.0E-5
0.04464285714285719	-0.7900000000000005	0	0	0	0	0	0	-4936.6275411524075	0.2867569063501719	9.99999999999999E-6
0.05952380952380954	-0.8050000000000004	0	0	0	0	0	0	-4995.591977617315	0.28601862111563087	1.0E-5
0.07440476190476193	-0.8200000000000001	0	0	0	0	0	0	-5054.316426674252	0.28528510275631846	1.0E-5
0.08928571428571434	-0.8350000000000002	0	0	0	0	0	0	-5112.542055435529	0.2845596071183606	1.0000000000000008E-5
0.10416666666666669	-0.85	0	0	0	0	0	0	-5170.019546639156	0.2838452353848243	9.999999999999999E-6
0	-0.7450000000000001	0	0	0	0	0	0	-4760.648785110393	0.28897024791019105	1.0E-5
0.014880952380952469	-0.7450000000000002	0	0	0	0	0	0	-4762.726949650761	0.28894402771582006	9.999999999999999E-6
0.029761904761904823	-0.7600000000000002	0	0	0	0	0	0	-4823.697538887388	0.2881756155878124	1.0000000000000003E-5
0.04464285714285718	-0.7750000000000002	0	0	0	0	0	0	-4885.027954869757	0.28740438488242676	1.0E-5
0.05952380952380956	-0.79	0	0	0	0	0	0	-4946.461504826389	0.2866336560322729	9.999999999999999E-6
0.0744047619047619	-0.8049999999999999	0	0	0	0	0	0	-5007.726879832037	0.2858668998045357	1.000000000000001E-5
0.08928571428571433	-0.8200000000000001	0	0	0	0	0	0	-5068.558179816284	0.28510748252638457	9.999999999999992E-6
0.10416666666666669	-0.835	0	0	0	0	0	0	-5128.6993089569	0.284358610037983	1.0E-5
0.11904761904761904	-0.85	0	0	0	0	0	0	-5187.905285483558	0.28362331154498854	1.0E-5
0	-0.7300000000000001	0	0	0	0	0	0	-4702.135386735457	0.2897092742691207	9.999999999999999E-6
0.014880952380952463	-0.73	0	0	0	0	0	0	-4704.2882164210005	0.28968205824522497	1.0E-5
0.029761904761904833	-0.7450000000000002	0	0	0	0	0	0	-4767.572289790485	0.28888290142138645	1.0E-5
0.04464285714285719	-0.7600000000000002	0	0	0	0	0	0	-4831.303909870434	0.2880798703699163	9.999999999999999E-6
0.05952380952380955	-0.7750000000000001	0	0	0	0	0	0	-4895.219326808012	0.28727640018406464	1.0E-5
0.07440476190476192	-0.79	0	0	0	0	0	0	-4959.03974602784	0.2864760812402596	9.999999999999999E-6
0.08928571428571433	-0.8050000000000002	0	0	0	0	0	0	-5022.492003901711	0.28568239514077387	1.0000000000000003E-5
0.10416666666666669	-0.8200000000000001	0	0	0	0	0	0	-5085.313061630389	0.28489865683770904	9.999999999999999E-6
0.11904761904761904	-0.835	0	0	0	0	0	0	-5147.251310397733	0.2841279981164314	9.999999999999992E-6
0.1339285714285714	-0.85	0	0	0	0	0	0	-5208.066986599311	0.28337336323587586	1.0E-5
0	-0.7150000000000001	0	0	0	0	0	0	-4641.469615715544	0.2904769903664775	1.0000000000000003E-5
0.014880952380952463	-0.7150000000000001	0	0	0	0	0	0	-4643.699598019389	0.290448744052866	1.0E-5
0.029761904761904816	-0.7300000000000002	0	0	0	0	0	0	-4709.3076255716205	0.2896186105091279	1.0E-5
0.04464285714285718	-0.7450000000000001	0	0	0	0	0	0	-4775.452787625705	0.2887835071925361	9.999999999999992E-6
0.05952380952380954	-0.7600000000000002	0	0	0	0	0	0	-4841.864006012832	0.2879469892924528	1.0E-5
0.07440476190476192	-0.7750000000000001	0	0	0	0	0	0	-4908.254753660946	0.28711277218049003	9.999999999999999E-6
0.08928571428571433	-0.7900000000000005	0	0	0	0	0	0	-4974.344396220656	0.2862844577803121	1.0000000000000003E-5
0.10416666666666669	-0.8049999999999999	0	0	0	0	0	0	-5039.862781165308	0.2854654748302232	1.0E-5
0.11904761904761904	-0.8200000000000001	0	0	0	0	0	0	-5104.551531934402	0.2846590620146798	9.99999999999999E-6
0.1339285714285714	-0.8350000000000003	0	0	0	0	0	0	-5168.164428317732	0.28386826366408646	1.0000000000000003E-5
0.1488095238095239	-0.8499999999999999	0	0	0	0	0	0	-5230.467495774992	0.2830959300498668	1.0000000000000003E-5
0	-0.7000000000000002	0	0	0	0	0	0	-4578.645388983861	0.2912735520481384	1.0E-5
0.014880952380952456	-0.7000000000000001	0	0	0	0	0	0	-4580.955144678698	0.2912442396338566	1.0E-5
0.029761904761904823	-0.7150000000000002	0	0	0	0	0	0	-4648.898870364543	0.29038289455393856	1.0000000000000003E-5
0.04464285714285718	-0.7300000000000001	0	0	0	0	0	0	-4717.47120463618	0.2895154415363553	1.0E-5
0.05952380952380955	-0.7450000000000002	0	0	0	0	0	0	-4786.393446446746	0.28864556164352584	1.0E-5
0.07440476190476193	-0.7600000000000002	0	0	0	0	0	0	-4855.371071359121	0.28777710094349407	1.0E-5
0.08928571428571432	-0.7750000000000001	0	0	0	0	0	0	-4924.115754755185	0.286913787006747	1.0E-5
0.10416666666666667	-0.79	0	0	0	0	0	0	-4992.350052221791	0.28605916727512903	1.0E-5
0.11904761904761904	-0.8050000000000003	0	0	0	0	0	0	-5059.808675543522	0.28521659186066495	9.999999999999992E-6
0.1339285714285714	-0.8200000000000001	0	0	0	0	0	0	-5126.238830788747	0.28438920933748735	1.0E-5
0.14880952380952384	-0.8350000000000002	0	0	0	0	0	0	-5191.400263597694	0.2835799672546779	1.0E-5
0.16369047619047622	-0.85	0	0	0	0	0	0	-5255.065219840707	0.2827916146409502	1.0E-5
0	-0.685	0	0	0	0	0	0	-4513.655515451499	0.29209911365294383	1.0E-5
0.01488095238095245	-0.6850000000000002	0	0	0	0	0	0	-4516.047812139631	0.29206869790606294	9.999999999999994E-6
0.029761904761904816	-0.7000000000000001	0	0	0	0	0	0	-4586.34038414747	0.2911759049033276	1.0E-5
0.04464285714285718	-0.7149999999999999	0	0	0	0	0	0	-4657.354940774916	0.29027582024084747	1.0E-5
0.05952380952380955	-0.7300000000000003	0	0	0	0	0	0	-4728.804837090049	0.2893722570089173	1.0E-5
0.07440476190476193	-0.7450000000000003	0	0	0	0	0	0	-4800.387265965518	0.288469198022167	1.0E-5
0.08928571428571433	-0.7600000000000002	0	0	0	0	0	0	-4871.80597881063	0.2875705021328212	1.0E-5
0.10416666666666667	-0.7750000000000002	0	0	0	0	0	0	-4942.7760525505655	0.2866798406736576	1.0E-5
0.11904761904761904	-0.7899999999999999	0	0	0	0	0	0	-5013.025139460696	0.2858006799453743	9.999999999999992E-6
0.1339285714285714	-0.8050000000000003	0	0	0	0	0	0	-5082.2937546772655	0.28493627713597103	1.0E-5
0.14880952380952386	-0.8200000000000001	0	0	0	0	0	0	-5150.335269682286	0.28408968109042787	1.0E-5
0.16369047619047622	-0.8350000000000003	0	0	0	0	0	0	-5216.9158274358215	0.2832637350987709	9.999999999999999E-6
0.17857142857142855	-0.85	0	0	0	0	0	0	-5281.814255422257	0.2824610806303796	1.0E-5
0	-0.6700000000000002	0	0	0	0	0	0	-4446.491578759264	0.29295382647542834	1.0E-5
0.014880952380952448	-0.6700000000000002	0	0	0	0	0	0	-4448.969346044097	0.2929222686696659	1.0E-5
0.029761904761904812	-0.6850000000000002	0	0	0	0	0	0	-4521.62546376772	0.2919977911640239	1.0E-5
0.04464285714285718	-0.7000000000000002	0	0	0	0	0	0	-4595.0988569528245	0.29106478953595494	9.999999999999992E-6
0.05952380952380955	-0.7150000000000001	0	0	0	0	0	0	-4669.094585862117	0.2901272154767895	1.0000000000000003E-5
0.07440476190476189	-0.7300000000000004	0	0	0	0	0	0	-4743.301252212159	0.28918919498422146	1.000000000000001E-5
0.08928571428571432	-0.7450000000000002	0	0	0	0	0	0	-4817.4144336361705	0.2882547241706289	1.0000000000000008E-5
0.10416666666666667	-0.7600000000000005	0	0	0	0	0	0	-4891.1415316784105	0.2873276037477392	9.999999999999999E-6
0.11904761904761904	-0.7749999999999999	0	0	0	0	0	0	-4964.202986485126	0.2864114212256837	9.999999999999992E-6
0.1339285714285714	-0.7900000000000003	0	0	0	0	0	0	-5036.332504555374	0.285509546997708	1.0E-5
0.14880952380952384	-0.8050000000000003	0	0	0	0	0	0	-5107.2769918335425	0.28462513540874107	9.999999999999999E-6
0.16369047619047622	-0.8200000000000001	0	0	0	0	0	0	-5176.796415548748	0.2837611278694329	1.0E-5
0.1785714285714286	-0.835	0	0	0	0	0	0	-5244.663673758115	0.28292025690213296	1.0E-5
0.193452380952381	-0.85	0	0	0	0	0	0	-5310.664498544653	0.28210505066694874	9.999999999999999E-6
0.014880952380952446	-0.6550000000000002	0	0	0	0	0	0	-4379.71015189965	0.29380509687161965	1.0E-5
0.029761904761904812	-0.6699999999999999	0	0	0	0	0	0	-4454.746231123461	0.29284869965421745	9.999999999999999E-6
0.04464285714285717	-0.685	0	0	0	0	0	0	-4530.696801442934	0.29188249364494134	9.999999999999999E-6
0.059523809523809534	-0.7000000000000001	0	0	0	0	0	0	-4607.258243630698	0.2909105761725853	1.0E-5
0.07440476190476192	-0.7149999999999999	0	0	0	0	0	0	-4684.110233701426	0.2899372232822424	1.0E-5
0.0892857142857143	-0.7300000000000001	0	0	0	0	0	0	-4760.939907504214	0.28896657470631487	9.999999999999999E-6
0.10416666666666667	-0.7450000000000003	0	0	0	0	0	0	-4837.446783108228	0.2880025663585358	1.0E-5
0.11904761904761904	-0.7600000000000002	0	0	0	0	0	0	-4913.343930253416	0.28704891226968904	9.99999999999999E-6
0.1339285714285714	-0.7750000000000001	0	0	0	0	0	0	-4988.358128149585	0.2861091008779242	1.0E-5
0.1488095238095239	-0.7900000000000003	0	0	0	0	0	0	-5062.22972869849	0.2851863964410849	1.0E-5
0.16369047619047622	-0.8050000000000003	0	0	0	0	0	0	-5134.712456485205	0.2842838425225697	1.0E-5
0.17857142857142855	-0.8200000000000001	0	0	0	0	0	0	-5205.573227229705	0.28340426639411176	1.0E-5
0.19345238095238088	-0.8350000000000002	0	0	0	0	0	0	-5274.592011447463	0.2825502838848098	1.0E-5
0.20833333333333337	-0.85	0	0	0	0	0	0	-5341.561747039813	0.2817243044882474	1.0E-5
0.22321428571428575	-0.865	0	0	0	0	0	0	-5406.288293874175	0.28092853666794326	1.0E-5
0.02976190476190481	-0.6550000000000001	0	0	0	0	0	0	-4385.693507490439	0.29372877166058764	1.0E-5
0.04464285714285717	-0.6700000000000002	0	0	0	0	0	0	-4464.141504115439	0.2927290732248588	9.999999999999994E-6
0.05952380952380954	-0.685	0	0	0	0	0	0	-4543.290417727311	0.29172247584560507	1.0E-5
0.07440476190476192	-0.7000000000000002	0	0	0	0	0	0	-4622.810634814868	0.2907134129534766	1.0E-5
0.0892857142857143	-0.7150000000000001	0	0	0	0	0	0	-4702.380560979975	0.2897061746843899	1.0E-5
0.10416666666666667	-0.7300000000000002	0	0	0	0	0	0	-4781.691609839416	0.28870483835071353	1.0E-5
0.11904761904761904	-0.7450000000000002	0	0	0	0	0	0	-4860.4493158591795	0.28771325014043486	9.999999999999992E-6
0.1339285714285714	-0.7600000000000002	0	0	0	0	0	0	-4938.373410881592	0.2867350216555817	9.999999999999999E-6
0.14880952380952386	-0.7749999999999999	0	0	0	0	0	0	-5015.1976070269075	0.28577353171577025	1.0E-5
0.16369047619047622	-0.7899999999999999	0	0	0	0	0	0	-5090.669325437326	0.2848319302648122	9.999999999999999E-6
0.17857142857142855	-0.8050000000000003	0	0	0	0	0	0	-5164.549455300847	0.28391314317903005	1.0E-5
0.193452380952381	-0.8200000000000001	0	0	0	0	0	0	-5236.6121706754575	0.2830198774866321	1.0E-5
0.20833333333333337	-0.8350000000000003	0	0	0	0	0	0	-5306.644808754639	0.2821546268004704	1.0E-5
0.22321428571428575	-0.8499999999999999	0	0	0	0	0	0	-5374.447802116703	0.28131967690027637	1.0E-5
0.05952380952380954	-0.67	0	0	0	0	0	0	-4477.184674376212	0.2925630472932971	9.999999999999999E-6
0.07440476190476189	-0.6850000000000002	0	0	0	0	0	0	-4559.3980231585765	0.2915178911855941	1.000000000000001E-5
0.08928571428571427	-0.7000000000000001	0	0	0	0	0	0	-4641.7338681340625	0.29047364308179835	9.999999999999992E-6
0.10416666666666667	-0.7150000000000002	0	0	0	0	0	0	-4723.875283056923	0.28943452830603916	1.0E-5
0.11904761904761904	-0.7300000000000002	0	0	0	0	0	0	-4805.520094724512	0.2884045312046363	1.0E-5
0.1339285714285714	-0.7450000000000002	0	0	0	0	0	0	-4886.380865637536	0.28738739197715635	1.0E-5
0.1488095238095239	-0.7600000000000002	0	0	0	0	0	0	-4966.184585061604	0.2863866089209527	9.999999999999999E-6
0.16369047619047622	-0.7749999999999999	0	0	0	0	0	0	-5044.672316217632	0.2854054428102404	1.0000000000000003E-5
0.17857142857142855	-0.7900000000000003	0	0	0	0	0	0	-5121.598886754922	0.28444692216210266	9.999999999999999E-6
0.193452380952381	-0.8049999999999999	0	0	0	0	0	0	-5196.732650738258	0.2835138488776319	9.999999999999999E-6
0.20833333333333337	-0.8200000000000005	0	0	0	0	0	0	-5269.855325658519	0.2826088040498774	1.0000000000000003E-5
0.22321428571428567	-0.835	0	0	0	0	0	0	-5340.761896456879	0.2817341538694031	1.0000000000000003E-5
0.23809523809523808	-0.8499999999999999	0	0	0	0	0	0	-5409.260572782392	0.28089205562770514	1.0E-5
0.05952380952380954	-0.6550000000000001	0	0	0	0	0	0	-4408.933429369498	0.29343241759036137	9.999999999999999E-6
0.07440476190476192	-0.6699999999999999	0	0	0	0	0	0	-4493.867022135767	0.29235078072046045	1.0E-5
0.0892857142857143	-0.6850000000000002	0	0	0	0	0	0	-4578.9965494707985	0.29126909544824536	1.0E-5
0.10416666666666667	-0.7	0	0	0	0	0	0	-4663.996493882897	0.2901917421867856	1.0E-5
0.11904761904761904	-0.7150000000000001	0	0	0	0	0	0	-4748.556793691302	0.28912284985035414	9.999999999999994E-6
0.1339285714285714	-0.7300000000000002	0	0	0	0	0	0	-4832.382717772216	0.28806629302446995	1.0E-5
0.1488095238095239	-0.7450000000000002	0	0	0	0	0	0	-4915.1944520770985	0.2870256947031459	1.0E-5
0.16369047619047622	-0.7600000000000002	0	0	0	0	0	0	-4996.7266539864195	0.28600443119458435	1.0E-5
0.17857142857142855	-0.7750000000000004	0	0	0	0	0	0	-5076.728064280409	0.2850056379001696	1.0E-5
0.19345238095238088	-0.7900000000000005	0	0	0	0	0	0	-5154.96120556244	0.28403221543270757	1.0000000000000003E-5
0.20833333333333337	-0.8049999999999999	0	0	0	0	0	0	-5231.202170429286	0.283086835853724	1.0E-5
0.22321428571428575	-0.82	0	0	0	0	0	0	-5305.2404907701575	0.28217194895405173	1.0000000000000003E-5
0.23809523809523808	-0.835	0	0	0	0	0	0	-5376.879073568691	0.2812897885748668	1.0000000000000003E-5
0.25297619047619047	-0.85	0	0	0	0	0	0	-5445.9341854613485	0.28044237900569813	1.0E-5
0.2678571428571428	-0.865	0	0	0	0	0	0	-5512.235466808079	0.27963154151747616	1.0000000000000003E-5
0.07440476190476193	-0.6550000000000001	0	0	0	0	0	0	-4426.211213206828	0.2932121980631169	1.0E-5
0.0892857142857143	-0.6700000000000002	0	0	0	0	0	0	-4514.164496363211	0.292092642285105	9.999999999999999E-6
0.10416666666666667	-0.685	0	0	0	0	0	0	-4602.05329813455	0.29097658184584696	1.0E-5
0.11904761904761904	-0.7000000000000002	0	0	0	0	0	0	-4689.559478369162	0.28986829709454803	9.999999999999992E-6
0.1339285714285714	-0.7150000000000002	0	0	0	0	0	0	-4776.3808854343015	0.2887718031909716	9.999999999999999E-6
0.14880952380952386	-0.7300000000000002	0	0	0	0	0	0	-4862.230824170549	0.287690853388594	1.0E-5
0.16369047619047622	-0.7450000000000002	0	0	0	0	0	0	-4946.837505071623	0.2866289445230067	1.0E-5
0.17857142857142855	-0.7600000000000002	0	0	0	0	0	0	-5029.94356693092	0.28558932336192194	1.0000000000000003E-5
0.193452380952381	-0.7750000000000001	0	0	0	0	0	0	-5111.305702227529	0.28457499325950797	1.0000000000000003E-5
0.20833333333333334	-0.79	0	0	0	0	0	0	-5190.694388204077	0.283588720881752	9.999999999999994E-6
0.22321428571428575	-0.8049999999999999	0	0	0	0	0	0	-5267.893714327962	0.28263304291906155	1.0E-5
0.23809523809523808	-0.8200000000000001	0	0	0	0	0	0	-5342.701290616797	0.28171027277869853	1.0E-5
0.2529761904761906	-0.835	0	0	0	0	0	0	-5414.928218027915	0.2808225072919373	1.0E-5
0.26785714285714285	-0.85	0	0	0	0	0	0	-5484.3991004619	0.2799716334950909	1.0E-5
0.08928571428571432	-0.6550000000000002	0	0	0	0	0	0	-4447.2326868031805	0.2929443872303593	9.999999999999999E-6
0.10416666666666666	-0.67	0	0	0	0	0	0	-4538.043054087275	0.2917891433763154	1.0000000000000003E-5
0.11904761904761904	-0.6850000000000003	0	0	0	0	0	0	-4628.527710854776	0.29064095905793147	9.999999999999994E-6
0.1339285714285714	-0.7000000000000001	0	0	0	0	0	0	-4718.3769553889	0.289503996647927	1.0E-5
0.14880952380952386	-0.715	0	0	0	0	0	0	-4807.297136504401	0.28838214561238884	9.99999999999999E-6
0.16369047619047622	-0.7300000000000002	0	0	0	0	0	0	-4895.0099840773	0.28727902863922666	1.0E-5
0.17857142857142855	-0.7450000000000002	0	0	0	0	0	0	-4981.252030634638	0.2861980086193775	1.0E-5
0.193452380952381	-0.7600000000000002	0	0	0	0	0	0	-5065.7741534665265	0.28514219589951734	9.999999999999999E-6
0.20833333333333334	-0.7750000000000001	0	0	0	0	0	0	-5148.341239689304	0.2841144555585969	9.999999999999994E-6
0.22321428571428575	-0.79	0	0	0	0	0	0	-5228.731964143337	0.28311741461478196	1.0E-5
0.23809523809523808	-0.8050000000000003	0	0	0	0	0	0	-5306.738663645769	0.28215346914909617	1.0000000000000003E-5
0.2529761904761906	-0.8200000000000001	0	0	0	0	0	0	-5382.167287710786	0.2812247913773755	1.0E-5
0.2678571428571428	-0.8350000000000002	0	0	0	0	0	0	-5454.837404066223	0.2803333367293486	1.0000000000000003E-5
0.2827380952380953	-0.85	0	0	0	0	0	0	-5524.582236566983	0.2794808510096466	1.0E-5
0.10416666666666663	-0.6550000000000001	0	0	0	0	0	0	-4471.9623533062295	0.29262951526843106	1.0000000000000003E-5
0.11904761904761904	-0.67	0	0	0	0	0	0	-4565.460502027972	0.2914409152804801	9.999999999999994E-6
0.1339285714285714	-0.6850000000000003	0	0	0	0	0	0	-4658.37215461751	0.29026294177857925	9.999999999999999E-6
0.14880952380952386	-0.7	0	0	0	0	0	0	-4750.396632309238	0.28909962683739404	9.999999999999999E-6
0.16369047619047622	-0.7150000000000001	0	0	0	0	0	0	-4841.2491585865355	0.28795472470138855	1.0000000000000003E-5
0.17857142857142855	-0.7300000000000001	0	0	0	0	0	0	-4930.660167035362	0.2868317194587757	1.0000000000000003E-5
0.193452380952381	-0.7450000000000002	0	0	0	0	0	0	-5018.37474917633	0.2857338329575984	1.0E-5
0.20833333333333334	-0.7600000000000002	0	0	0	0	0	0	-5104.152243926954	0.2846640327006544	1.0E-5
0.22321428571428575	-0.7750000000000001	0	0	0	0	0	0	-5187.76595760719	0.28362503961442354	1.0E-5
0.23809523809523808	-0.7900000000000005	0	0	0	0	0	0	-5269.002996955399	0.28261933566997605	1.0E-5
0.25297619047619047	-0.8049999999999999	0	0	0	0	0	0	-5347.664194134882	0.28164917138220685	1.0E-5
0.26785714285714285	-0.8199999999999998	0	0	0	0	0	0	-5423.564100821169	0.2807165732441291	1.0E-5
0.28273809523809534	-0.835	0	0	0	0	0	0	-5496.5310275986285	0.2798233511721438	1.0000000000000003E-5
0.2976190476190476	-0.85	0	0	0	0	0	0	-5566.407104825166	0.27897110604904257	1.0E-5
0.11904761904761904	-0.6550000000000001	0	0	0	0	0	0	-4500.356258736763	0.29226823684620307	9.999999999999994E-6
0.13392857142857142	-0.6700000000000002	0	0	0	0	0	0	-4596.367318096661	0.2910486994544137	1.0E-5
0.14880952380952386	-0.6850000000000002	0	0	0	0	0	0	-4691.532349081028	0.28984334574179316	1.0000000000000003E-5
0.16369047619047622	-0.7000000000000002	0	0	0	0	0	0	-4785.5600518890815	0.2886560676473956	1.0E-5
0.17857142857142855	-0.7149999999999999	0	0	0	0	0	0	-4878.174781068443	0.28749047589681964	1.0E-5
0.19345238095238088	-0.7300000000000002	0	0	0	0	0	0	-4969.115887299427	0.28634990864854504	1.0E-5
0.20833333333333334	-0.7450000000000002	0	0	0	0	0	0	-5058.137221027761	0.28523744007809826	9.999999999999992E-6
0.2232142857142857	-0.7600000000000002	0	0	0	0	0	0	-5145.006785669061	0.28415588878181286	1.0E-5
0.23809523809523808	-0.7750000000000001	0	0	0	0	0	0	-5229.506521674693	0.2831078259674783	1.0E-5
0.25297619047619047	-0.7899999999999999	0	0	0	0	0	0	-5311.432199247401	0.2820955834505719	1.0E-5
0.26785714285714285	-0.8049999999999997	0	0	0	0	0	0	-5390.593395537534	0.2811212615085707	1.0E-5
0.28273809523809534	-0.8200000000000001	0	0	0	0	0	0	-5466.81353117417	0.28018673666861804	1.0E-5
0.29761904761904767	-0.835	0	0	0	0	0	0	-5539.929940770099	0.27929366951814993	1.0E-5
0.31250000000000006	-0.85	0	0	0	0	0	0	-5609.793952506905	0.27844351263505707	1.0E-5
0.1339285714285714	-0.6550000000000001	0	0	0	0	0	0	-4532.362853300895	0.2918613211230692	1.0E-5
0.14880952380952386	-0.6700000000000002	0	0	0	0	0	0	-4630.707102553827	0.2906133424503267	1.0E-5
0.16369047619047622	-0.685	0	0	0	0	0	0	-4727.947644307474	0.28938308452935935	1.0E-5
0.17857142857142855	-0.7000000000000004	0	0	0	0	0	0	-4823.80278781182	0.288174290585667	1.0000000000000003E-5
0.19345238095238088	-0.7150000000000002	0	0	0	0	0	0	-4918.006204568122	0.28699042024708254	1.0E-5
0.20833333333333334	-0.7300000000000004	0	0	0	0	0	0	-5010.306335304453	0.28583465889094184	1.0E-5
0.2232142857142857	-0.7450000000000002	0	0	0	0	0	0	-5100.465966932428	0.28470992676044027	1.0E-5
0.23809523809523808	-0.7600000000000002	0	0	0	0	0	0	-5188.261959434571	0.2836188878040187	1.0E-5
0.25297619047619047	-0.7750000000000001	0	0	0	0	0	0	-5273.485099202303	0.2825639582459394	1.0E-5
0.2678571428571428	-0.79	0	0	0	0	0	0	-5355.940053372223	0.281547314933672	1.0000000000000003E-5
0.28273809523809534	-0.8049999999999999	0	0	0	0	0	0	-5435.445398643054	0.2805709035345163	1.0E-5
0.2976190476190477	-0.82	0	0	0	0	0	0	-5511.83369770209	0.27963644667225757	1.0E-5
0.3125	-0.835	0	0	0	0	0	0	-5584.951596694488	0.2787454521053616	1.0E-5
0.3273809523809524	-0.85	0	0	0	0	0	0	-5654.659918125117	0.2778992210516425	1.0E-5
0.14880952380952386	-0.6550000000000001	0	0	0	0	0	0	-4567.923469203353	0.29140964657992435	1.0E-5
0.16369047619047622	-0.6700000000000002	0	0	0	0	0	0	-4668.416873862185	0.29013579269328754	1.0E-5
0.17857142857142855	-0.6850000000000003	0	0	0	0	0	0	-4767.551229309121	0.28888316708719736	1.0E-5
0.19345238095238088	-0.7000000000000001	0	0	0	0	0	0	-4865.054607748961	0.28765535642538226	1.0000000000000003E-5
0.20833333333333334	-0.7150000000000002	0	0	0	0	0	0	-4960.67013937517	0.28645566214603846	1.0000000000000003E-5
0.2232142857142857	-0.7300000000000004	0	0	0	0	0	0	-5054.155503163036	0.28528711037296517	9.999999999999999E-6
0.23809523809523808	-0.7450000000000001	0	0	0	0	0	0	-5145.282587889683	0.2841524614891974	1.0E-5
0.25297619047619047	-0.76	0	0	0	0	0	0	-5233.837298536939	0.28305421936728414	1.0E-5
0.2678571428571428	-0.7750000000000001	0	0	0	0	0	0	-5319.619481314919	0.2819946402916984	9.999999999999999E-6
0.28273809523809534	-0.7900000000000003	0	0	0	0	0	0	-5402.442939426262	0.280975741640206	1.0E-5
0.2976190476190476	-0.8049999999999999	0	0	0	0	0	0	-5482.135511210604	0.2799993104140715	1.0E-5
0.31250000000000006	-0.82	0	0	0	0	0	0	-5558.539182446455	0.27906691172209325	9.999999999999999E-6
0.3273809523809524	-0.8350000000000003	0	0	0	0	0	0	-5631.510205365443	0.27817989733074805	1.0E-5
0.3422619047619047	-0.85	0	0	0	0	0	0	-5700.919198372271	0.27733941439243914	1.0E-5
0.16369047619047622	-0.6550000000000002	0	0	0	0	0	0	-4606.972637212915	0.2909141977760536	1.0E-5
0.17857142857142855	-0.6699999999999999	0	0	0	0	0	0	-4709.427292242895	0.28961709799380436	1.0E-5
0.193452380952381	-0.6850000000000003	0	0	0	0	0	0	-4810.270306191222	0.28834469545948666	1.0000000000000003E-5
0.20833333333333334	-0.7000000000000004	0	0	0	0	0	0	-4909.2396199604045	0.28710041291969873	1.0E-5
0.2232142857142857	-0.7149999999999999	0	0	0	0	0	0	-5006.08793685087	0.2858873869184524	1.0000000000000003E-5
0.23809523809523808	-0.7300000000000002	0	0	0	0	0	0	-5100.582308647118	0.2847084781969184	1.0000000000000003E-5
0.25297619047619047	-0.7450000000000002	0	0	0	0	0	0	-5192.503887116219	0.28356628167711445	9.999999999999999E-6
0.26785714285714285	-0.7600000000000002	0	0	0	0	0	0	-5281.64781281997	0.2824631360508736	1.0000000000000003E-5
0.28273809523809523	-0.7750000000000001	0	0	0	0	0	0	-5367.82321201767	0.2814011330318873	1.0E-5
0.29761904761904767	-0.7899999999999999	0	0	0	0	0	0	-5450.853271846517	0.2803821263571011	1.0E-5
0.31250000000000006	-0.8049999999999999	0	0	0	0	0	0	-5530.575363933705	0.2794077406440698	9.999999999999999E-6
0.32738095238095244	-0.8200000000000001	0	0	0	0	0	0	-5606.841187177402	0.2784793802227908	1.0E-5
0.34226190476190477	-0.8350000000000004	0	0	0	0	0	0	-5679.5169016835525	0.27759823806405676	1.0000000000000003E-5
0.35714285714285715	-0.85	0	0	0	0	0	0	-5748.483227782458	0.2767653049219291	9.999999999999999E-6
0.17857142857142855	-0.6550000000000001	0	0	0	0	0	0	-4649.438327547026	0.29037606286921086	1.0E-5
0.19345238095238088	-0.6700000000000002	0	0	0	0	0	0	-4753.662846673113	0.28905840328303334	1.0E-5
0.20833333333333334	-0.6850000000000002	0	0	0	0	0	0	-4856.026246268702	0.2877688624881358	1.0E-5
0.2232142857142857	-0.7000000000000003	0	0	0	0	0	0	-4956.276411624089	0.2865106923525389	1.0E-5
0.23809523809523808	-0.7150000000000002	0	0	0	0	0	0	-5054.175718305908	0.28528685817626925	1.0000000000000003E-5
0.25297619047619047	-0.7300000000000002	0	0	0	0	0	0	-5149.50072045653	0.2841000495307867	1.0000000000000003E-5
0.2678571428571429	-0.7450000000000002	0	0	0	0	0	0	-5242.041996105974	0.2829526906163618	1.0E-5
0.28273809523809523	-0.7600000000000002	0	0	0	0	0	0	-5331.604118966405	0.2818469501818693	1.0E-5
0.29761904761904767	-0.7750000000000001	0	0	0	0	0	0	-5418.005725500995	0.28078475108628803	1.0E-5
0.3125	-0.7899999999999999	0	0	0	0	0	0	-5501.07964585312	0.2797677796077096	1.0E-5
0.3273809523809524	-0.8049999999999999	0	0	0	0	0	0	-5580.673067592428	0.2787974946231235	1.0000000000000003E-5
0.34226190476190477	-0.82	0	0	0	0	0	0	-5656.647702268693	0.27787513679039894	9.999999999999999E-6
0.3571428571428571	-0.8350000000000004	0	0	0	0	0	0	-5728.879926511273	0.2770017378630105	1.0000000000000003E-5
0.3720238095238095	-0.85	0	0	0	0	0	0	-5797.26087187499	0.27617813025893584	1.0E-5
0.193452380952381	-0.6550000000000001	0	0	0	0	0	0	-4695.242151758435	0.289796431363258	1.0E-5
0.20833333333333331	-0.6700000000000002	0	0	0	0	0	0	-4801.042022061247	0.2884609483052045	1.0000000000000003E-5
0.2232142857142857	-0.6850000000000003	0	0	0	0	0	0	-4904.734736488829	0.2871569493334484	1.0E-5
0.23809523809523808	-0.7000000000000002	0	0	0	0	0	0	-5006.078183472229	0.28588750884175496	1.0E-5
0.25297619047619047	-0.7150000000000001	0	0	0	0	0	0	-5104.844504190956	0.2846554148948148	1.0E-5
0.2678571428571429	-0.73	0	0	0	0	0	0	-5200.819886785759	0.28346318046696267	1.0E-5
0.28273809523809523	-0.7450000000000002	0	0	0	0	0	0	-5293.80450640688	0.28231305413908747	1.0E-5
0.2976190476190477	-0.7600000000000002	0	0	0	0	0	0	-5383.612578581402	0.28120703032174954	1.0000000000000003E-5
0.3125	-0.7749999999999999	0	0	0	0	0	0	-5470.072493000903	0.2801468591064081	1.0E-5
0.3273809523809524	-0.7899999999999999	0	0	0	0	0	0	-5553.026994968276	0.27913405587080004	9.999999999999999E-6
0.3422619047619047	-0.8050000000000002	0	0	0	0	0	0	-5632.333382530864	0.2781699107782923	1.0E-5
0.3571428571428571	-0.8200000000000001	0	0	0	0	0	0	-5707.863688848247	0.27725549831456037	1.0E-5
0.3720238095238094	-0.8350000000000004	0	0	0	0	0	0	-5779.504821626211	0.2763916869989511	1.0000000000000003E-5
0.386904761904762	-0.85	0	0	0	0	0	0	-5847.158634469109	0.27557914939356415	1.0E-5
0.20833333333333326	-0.6550000000000001	0	0	0	0	0	0	-4744.299542706481	0.289176591803834	9.999999999999999E-6
0.2232142857142857	-0.6700000000000003	0	0	0	0	0	0	-4851.477455065164	0.287826065114266	1.0E-5
0.23809523809523808	-0.685	0	0	0	0	0	0	-4956.305920792763	0.28651032272635385	1.0E-5
0.25297619047619047	-0.7000000000000002	0	0	0	0	0	0	-5058.552883601016	0.28523225534000646	1.0E-5
0.2678571428571429	-0.7150000000000001	0	0	0	0	0	0	-5158.0003456419745	0.2839944681752427	1.0E-5
0.28273809523809534	-0.73	0	0	0	0	0	0	-5254.444268846829	0.2827992925691566	1.0E-5
0.2976190476190477	-0.7450000000000002	0	0	0	0	0	0	-5347.6946085928175	0.28164879697630346	9.999999999999999E-6
0.3125	-0.7600000000000002	0	0	0	0	0	0	-5437.575445436648	0.28054479746654903	9.999999999999999E-6
0.32738095238095244	-0.7750000000000001	0	0	0	0	0	0	-5523.925180531466	0.2794888678466198	1.0E-5
0.34226190476190477	-0.79	0	0	0	0	0	0	-5606.596760850203	0.27848234955221796	1.0E-5
0.3571428571428571	-0.8050000000000004	0	0	0	0	0	0	-5685.457901592789	0.27752636146650134	1.0E-5
0.3720238095238094	-0.8200000000000003	0	0	0	0	0	0	-5760.391275215689	0.2766218098186619	9.999999999999999E-6
0.38690476190476203	-0.8350000000000004	0	0	0	0	0	0	-5831.2946393862685	0.2757693983045026	9.999999999999999E-6
0.4017857142857143	-0.85	0	0	0	0	0	0	-5898.080879771478	0.27496963855096596	1.0E-5
0.2232142857142857	-0.6550000000000001	0	0	0	0	0	0	-4796.519921209246	0.28851792925914305	1.0E-5
0.23809523809523808	-0.6699999999999999	0	0	0	0	0	0	-4904.876083244796	0.2871551752785667	1.0E-5
0.2529761904761905	-0.685	0	0	0	0	0	0	-5010.644539318941	0.2858304318932568	1.0E-5
0.2678571428571429	-0.7000000000000002	0	0	0	0	0	0	-5113.603342529633	0.28454640029700984	1.0E-5
0.28273809523809523	-0.7150000000000001	0	0	0	0	0	0	-5213.5444600795045	0.2833054976715655	1.0E-5
0.29761904761904756	-0.7300000000000002	0	0	0	0	0	0	-5310.273780881047	0.2821098690958418	9.999999999999999E-6
0.3125	-0.7450000000000002	0	0	0	0	0	0	-5403.6112398868845	0.2809613988105391	1.0E-5
0.32738095238095244	-0.7600000000000002	0	0	0	0	0	0	-5493.3910232793805	0.2798617209612138	1.0E-5
0.34226190476190477	-0.7750000000000001	0	0	0	0	0	0	-5579.46181883179	0.27881222997188215	1.0E-5
0.35714285714285704	-0.7900000000000003	0	0	0	0	0	0	-5661.687076692553	0.2778140907167851	1.0E-5
0.3720238095238094	-0.8049999999999999	0	0	0	0	0	0	-5739.945247634622	0.27686824866076487	1.0E-5
0.38690476190476203	-0.8200000000000003	0	0	0	0	0	0	-5814.129968472909	0.2759754401300818	1.0E-5
0.40178571428571436	-0.8350000000000002	0	0	0	0	0	0	-5884.150167840112	0.2751362028572372	1.0E-5
0.4166666666666667	-0.85	0	0	0	0	0	0	-5949.930069725124	0.2743508869175253	1.0000000000000003E-5
0.431547619047619	-0.865	0	0	0	0	0	0	-6011.409076972697	0.2736196661438081	1.0E-5
0.23809523809523808	-0.6550000000000001	0	0	0	0	0	0	-4851.80685413839	0.2878219224821558	1.0E-5
0.25297619047619047	-0.6699999999999999	0	0	0	0	0	0	-4961.139290500045	0.28644978672968596	1.0E-5
0.2678571428571429	-0.6849999999999998	0	0	0	0	0	0	-5067.650067567232	0.28511880511410603	1.0E-5
0.28273809523809523	-0.7000000000000001	0	0	0	0	0	0	-5171.127411255199	0.2838314839598196	1.0E-5
0.29761904761904767	-0.7149999999999999	0	0	0	0	0	0	-5271.373372452538	0.2825900476699116	1.0E-5
0.31249999999999994	-0.73	0	0	0	0	0	0	-5368.203938187844	0.2813964508956176	1.0E-5
0.3273809523809524	-0.7450000000000002	0	0	0	0	0	0	-5461.44924192905	0.28025239002323	1.0E-5
0.34226190476190477	-0.76	0	0	0	0	0	0	-5550.953835654585	0.27915931413324835	1.0E-5
0.3571428571428571	-0.7750000000000001	0	0	0	0	0	0	-5636.576986899491	0.2781184356102987	1.0E-5
0.3720238095238095	-0.7899999999999999	0	0	0	0	0	0	-5718.192965442217	0.2771307405912085	9.999999999999999E-6
0.386904761904762	-0.8050000000000004	0	0	0	0	0	0	-5795.691286702877	0.27619699943407855	1.0E-5
0.4017857142857143	-0.8200000000000001	0	0	0	0	0	0	-5868.976882243958	0.2753177773752085	1.0E-5
0.4166666666666667	-0.8350000000000002	0	0	0	0	0	0	-5937.970171909679	0.27449344551562355	1.0E-5
0.4315476190476192	-0.85	0	0	0	0	0	0	-6002.60701696792	0.27372419224715794	1.0E-5
0.2678571428571429	-0.6700000000000002	0	0	0	0	0	0	-5020.163050973923	0.2857114902124481	1.0E-5
0.28273809523809523	-0.6850000000000003	0	0	0	0	0	0	-5127.216857330098	0.28437704588842905	9.999999999999999E-6
0.29761904761904767	-0.7000000000000001	0	0	0	0	0	0	-5231.018103959326	0.2830891142980433	1.0E-5
0.3125	-0.7150000000000001	0	0	0	0	0	0	-5331.3790637309985	0.28184972281544385	1.0E-5
0.3273809523809524	-0.7300000000000002	0	0	0	0	0	0	-5428.126014754741	0.28066063197599184	1.0E-5
0.34226190476190477	-0.7450000000000001	0	0	0	0	0	0	-5521.09953024466	0.2795233471427343	1.0E-5
0.3571428571428571	-0.7600000000000002	0	0	0	0	0	0	-5610.154809237549	0.27843912965481	1.0000000000000003E-5
0.3720238095238094	-0.7749999999999999	0	0	0	0	0	0	-5695.1620105032	0.27740900766219295	1.0E-5
0.386904761904762	-0.7899999999999999	0	0	0	0	0	0	-5776.006554072298	0.2764337868517349	9.999999999999999E-6
0.4017857142857143	-0.8049999999999999	0	0	0	0	0	0	-5852.589357906021	0.2755140612564805	1.0E-5
0.4166666666666665	-0.8200000000000001	0	0	0	0	0	0	-5924.826981261925	0.2746502243162952	1.0E-5
0.4315476190476192	-0.8350000000000002	0	0	0	0	0	0	-5992.6516511340715	0.27384248032572506	1.0E-5
0.4464285714285715	-0.85	0	0	0	0	0	0	-6056.011153577394	0.2730908563674477	1.0E-5
0.2827380952380953	-0.67	0	0	0	0	0	0	-5081.838073307843	0.2849419553086279	1.0E-5
0.29761904761904756	-0.6850000000000002	0	0	0	0	0	0	-5189.234281123945	0.28360682869543113	9.999999999999999E-6
0.31249999999999994	-0.7000000000000001	0	0	0	0	0	0	-5293.163747052714	0.2823209625495845	1.0E-5
0.3273809523809524	-0.7150000000000002	0	0	0	0	0	0	-5393.449128325403	0.281086183489184	1.0E-5
0.34226190476190477	-0.7300000000000002	0	0	0	0	0	0	-5489.927212155682	0.27990405475252605	1.0000000000000003E-5
0.3571428571428571	-0.7450000000000003	0	0	0	0	0	0	-5582.449277039356	0.27877588800329317	1.0E-5
0.3720238095238094	-0.7600000000000002	0	0	0	0	0	0	-5670.881472214006	0.27770275464608135	1.0E-5
0.386904761904762	-0.7750000000000001	0	0	0	0	0	0	-5755.105177068207	0.2766854968805133	1.0E-5
0.40178571428571436	-0.79	0	0	0	0	0	0	-5835.017305104419	0.2757247387130334	1.0E-5
0.41666666666666663	-0.8050000000000002	0	0	0	0	0	0	-5910.53052092266	0.2748208971232444	1.0E-5
0.4315476190476192	-0.8200000000000001	0	0	0	0	0	0	-5981.573343468494	0.2739741935494705	1.0E-5
0.44642857142857134	-0.8350000000000002	0	0	0	0	0	0	-6048.090114292929	0.2731846658192084	1.0E-5
0.46130952380952384	-0.85	0	0	0	0	0	0	-6110.0408155767445	0.2724521806072536	1.0000000000000003E-5
0.2827380952380953	-0.6550000000000001	0	0	0	0	0	0	-5035.018021901862	0.28552595873260933	9.999999999999999E-6
0.29761904761904767	-0.6699999999999999	0	0	0	0	0	0	-5146.049947080382	0.28414292601953306	1.0E-5
0.31250000000000006	-0.6850000000000002	0	0	0	0	0	0	-5253.586881901116	0.2828098943440309	1.0E-5
0.32738095238095244	-0.7	0	0	0	0	0	0	-5357.44813633636	0.28152875839016295	1.0E-5
0.3422619047619047	-0.7150000000000001	0	0	0	0	0	0	-5457.4669422140605	0.2803011408430627	9.999999999999999E-6
0.3571428571428571	-0.7300000000000001	0	0	0	0	0	0	-5553.4908414738675	0.2791284049901554	1.0E-5
0.3720238095238094	-0.7450000000000002	0	0	0	0	0	0	-5645.382109006517	0.2780116666292232	1.0000000000000003E-5
0.38690476190476203	-0.7600000000000002	0	0	0	0	0	0	-5733.018169266398	0.27695180553606946	1.0E-5
0.40178571428571436	-0.7750000000000001	0	0	0	0	0	0	-5816.291968303909	0.2759494767402383	9.999999999999999E-6
0.4166666666666665	-0.79	0	0	0	0	0	0	-5895.112266499564	0.27500512183732534	1.0E-5
0.4315476190476192	-0.8050000000000002	0	0	0	0	0	0	-5969.403821963529	0.27411898053448736	1.0E-5
0.4464285714285715	-0.82	0	0	0	0	0	0	-6039.107440102927	0.27329110258537076	1.0000000000000003E-5
0.46130952380952384	-0.8350000000000002	0	0	0	0	0	0	-6104.179871021768	0.272521360225199	1.0E-5
0.47619047619047616	-0.85	0	0	0	0	0	0	-6164.593542943158	0.27180946116924637	1.0E-5
0.2976190476190477	-0.6550000000000002	0	0	0	0	0	0	-5101.495047323687	0.2846971139970161	1.0E-5
0.3125	-0.67	0	0	0	0	0	0	-5212.679293321046	0.2833162159037449	1.0E-5
0.32738095238095233	-0.685	0	0	0	0	0	0	-5320.1545299286	0.28198804491739216	1.0E-5
0.34226190476190477	-0.7000000000000002	0	0	0	0	0	0	-5423.750704175962	0.28071428473669163	1.0E-5
0.3571428571428571	-0.7150000000000001	0	0	0	0	0	0	-5523.311843666666	0.27949635150690283	1.0E-5
0.3720238095238094	-0.7300000000000003	0	0	0	0	0	0	-5618.6965200872455	0.2783354064528036	1.0000000000000003E-5
0.38690476190476203	-0.7450000000000003	0	0	0	0	0	0	-5709.778321875729	0.277232367862149	1.0000000000000003E-5
0.40178571428571436	-0.7600000000000002	0	0	0	0	0	0	-5796.446294718393	0.276187922699951	1.0E-5
0.41666666666666663	-0.7750000000000001	0	0	0	0	0	0	-5878.605311882211	0.2752025381170513	1.0E-5
0.4315476190476192	-0.79	0	0	0	0	0	0	-5956.176340922897	0.27427647308513303	1.0E-5
0.4464285714285715	-0.8050000000000004	0	0	0	0	0	0	-6029.096578841071	0.2734097903486386	1.0E-5
0.46130952380952384	-0.8200000000000001	0	0	0	0	0	0	-6097.319434049673	0.2726023688358783	1.0E-5
0.47619047619047616	-0.835	0	0	0	0	0	0	-6160.814340289639	0.271853916620403	1.0E-5
0.4910714285714285	-0.85	0	0	0	0	0	0	-6219.566394595555	0.27116398447253276	1.0000000000000003E-5
0.5059523809523809	-0.865	0	0	0	0	0	0	-6273.575818275774	0.2705319799923684	9.999999999999999E-6
0.3125	-0.6550000000000001	0	0	0	0	0	0	-5170.473919521647	0.28383959537598374	1.0E-5
0.3273809523809524	-0.6700000000000002	0	0	0	0	0	0	-5281.601921104986	0.2824637027762409	1.0E-5
0.34226190476190477	-0.6850000000000003	0	0	0	0	0	0	-5388.812588850741	0.28114313832426496	1.0E-5
0.3571428571428571	-0.7000000000000004	0	0	0	0	0	0	-5491.9466987120295	0.2798793722006193	1.0E-5
0.3720238095238094	-0.715	0	0	0	0	0	0	-5590.859328555667	0.2786736119857621	1.0E-5
0.38690476190476203	-0.7300000000000002	0	0	0	0	0	0	-5685.420385219265	0.277526815281167	1.0E-5
0.40178571428571436	-0.7450000000000002	0	0	0	0	0	0	-5775.515113446143	0.2764397017521699	1.0E-5
0.41666666666666663	-0.7600000000000002	0	0	0	0	0	0	-5861.044545349156	0.27541276489472283	1.0E-5
0.4315476190476192	-0.7750000000000001	0	0	0	0	0	0	-5941.925853376327	0.2744462837979103	1.0000000000000003E-5
0.4464285714285715	-0.7900000000000005	0	0	0	0	0	0	-6018.092575231851	0.27354033513118764	9.999999999999999E-6
0.46130952380952384	-0.8050000000000002	0	0	0	0	0	0	-6089.494685592786	0.2726948055342678	1.0E-5
0.47619047619047616	-0.8199999999999998	0	0	0	0	0	0	-6156.098496465227	0.27190940453237483	1.0E-5
0.49107142857142866	-0.835	0	0	0	0	0	0	-6217.886375332459	0.2711836780436847	1.0E-5
0.5059523809523809	-0.85	0	0	0	0	0	0	-6274.85627754668	0.27051702249211296	9.999999999999999E-6
0.3273809523809524	-0.6550000000000001	0	0	0	0	0	0	-5241.826241087133	0.28295535997496607	9.999999999999999E-6
0.3422619047619047	-0.67	0	0	0	0	0	0	-5352.688992371538	0.2815873229840284	1.0000000000000003E-5
0.3571428571428571	-0.6850000000000003	0	0	0	0	0	0	-5459.4320930918975	0.28027708247626476	9.999999999999999E-6
0.3720238095238094	-0.7000000000000003	0	0	0	0	0	0	-5561.907377249746	0.27902589321255367	1.0E-5
0.38690476190476186	-0.7150000000000001	0	0	0	0	0	0	-5659.981262333924	0.27783475277008324	9.999999999999999E-6
0.40178571428571436	-0.7300000000000002	0	0	0	0	0	0	-5753.535326196223	0.2767044141217451	1.0E-5
0.4166666666666665	-0.7450000000000002	0	0	0	0	0	0	-5842.466836829075	0.2756353977365157	1.0E-5
0.4315476190476192	-0.7600000000000002	0	0	0	0	0	0	-5926.689194306073	0.2746280035172519	1.0E-5
0.4464285714285715	-0.7750000000000001	0	0	0	0	0	0	-6006.132249523955	0.27368232284828103	1.0E-5
0.46130952380952384	-0.79	0	0	0	0	0	0	-6080.742470832794	0.2727982509710699	1.0E-5
0.47619047619047616	-0.8050000000000002	0	0	0	0	0	0	-6150.482936852239	0.27197549984669345	1.0E-5
0.4910714285714285	-0.8200000000000001	0	0	0	0	0	0	-6215.333141416079	0.2712136116027298	1.0E-5
0.5059523809523812	-0.835	0	0	0	0	0	0	-6275.2886043246635	0.2705119726029429	9.999999999999999E-6
0.5208333333333333	-0.85	0	0	0	0	0	0	-6330.36028908739	0.26986982812335475	1.0000000000000003E-5
0.35714285714285715	-0.67	0	0	0	0	0	0	-5425.80719725483	0.2806890652811989	1.0000000000000003E-5
0.3720238095238095	-0.6850000000000002	0	0	0	0	0	0	-5531.879938892251	0.2793918291160188	1.0E-5
0.38690476190476186	-0.7000000000000002	0	0	0	0	0	0	-5633.500216081475	0.2781557558438193	1.0000000000000003E-5
0.4017857142857142	-0.7149999999999999	0	0	0	0	0	0	-5730.5461108206155	0.27698163218442257	1.0E-5
0.41666666666666663	-0.7300000000000002	0	0	0	0	0	0	-5822.911237357398	0.27587000603285644	1.0E-5
0.4315476190476192	-0.7450000000000002	0	0	0	0	0	0	-5910.505275562462	0.27482119863152626	1.0E-5
0.4464285714285714	-0.7600000000000002	0	0	0	0	0	0	-5993.254387413971	0.2738353167108905	1.0E-5
0.46130952380952384	-0.7750000000000001	0	0	0	0	0	0	-6071.101483681949	0.27291226486277476	1.0E-5
0.47619047619047616	-0.79	0	0	0	0	0	0	-6144.006315297575	0.2720517583460592	1.0000000000000003E-5
0.4910714285714285	-0.8049999999999999	0	0	0	0	0	0	-6211.945371862408	0.2712533364576266	1.0E-5
0.5059523809523812	-0.82	0	0	0	0	0	0	-6274.911577931001	0.27051637653595595	1.0E-5
0.5208333333333333	-0.8350000000000003	0	0	0	0	0	0	-6332.9137857307005	0.26984010860366103	9.999999999999999E-6
0.5357142857142857	-0.85	0	0	0	0	0	0	-6385.9760705345125	0.2692236306009482	1.0000000000000003E-5
0.5505952380952379	-0.865	0	0	0	0	0	0	-6434.136841690427	0.26866592411606105	1.0E-5
0.3571428571428571	-0.6550000000000002	0	0	0	0	0	0	-5391.113895370387	0.28111486764747384	1.0E-5
0.3720238095238094	-0.6700000000000005	0	0	0	0	0	0	-5500.81894236146	0.27977096433285137	1.0E-5
0.38690476190476186	-0.685	0	0	0	0	0	0	-5606.019091398541	0.2784893673258323	1.0E-5
0.40178571428571436	-0.7000000000000003	0	0	0	0	0	0	-5706.589139084027	0.27727089735406	1.0E-5
0.41666666666666663	-0.7150000000000001	0	0	0	0	0	0	-5802.419191969524	0.2761161300031684	1.0E-5
0.431547619047619	-0.73	0	0	0	0	0	0	-5893.41529352724	0.27502540819555343	9.999999999999999E-6
0.4464285714285714	-0.7450000000000002	0	0	0	0	0	0	-5979.499942147951	0.2739988544657303	9.999999999999999E-6
0.46130952380952367	-0.7600000000000002	0	0	0	0	0	0	-6060.612462993128	0.27303638334867925	9.999999999999999E-6
0.47619047619047616	-0.7749999999999999	0	0	0	0	0	0	-6136.70920408747	0.2721377141277619	1.0000000000000003E-5
0.49107142857142866	-0.79	0	0	0	0	0	0	-6207.763535324668	0.27130238411547614	1.0E-5
0.5059523809523809	-0.8050000000000004	0	0	0	0	0	0	-6273.765637681231	0.2705297625678449	1.0E-5
0.5208333333333333	-0.8200000000000005	0	0	0	0	0	0	-6334.722078505916	0.26981906526506577	1.0E-5
0.5357142857142858	-0.8350000000000003	0	0	0	0	0	0	-6390.655176911497	0.26916936972988637	1.0E-5
0.550595238095238	-0.85	0	0	0	0	0	0	-6441.60217072337	0.26857963100289334	1.0E-5
0.3720238095238094	-0.6550000000000002	0	0	0	0	0	0	-5468.769217187432	0.28016280555606005	1.0E-5
0.38690476190476186	-0.67	0	0	0	0	0	0	-5577.582554574485	0.2788350938825206	9.999999999999999E-6
0.40178571428571436	-0.6850000000000003	0	0	0	0	0	0	-5681.708810345926	0.27757171675012415	1.0E-5
0.4166666666666665	-0.7000000000000002	0	0	0	0	0	0	-5781.034767494288	0.27637327749657836	9.999999999999999E-6
0.4315476190476192	-0.7150000000000001	0	0	0	0	0	0	-5875.462950785304	0.27524014086367216	1.0E-5
0.4464285714285714	-0.7300000000000002	0	0	0	0	0	0	-5964.912249870641	0.2741724454590963	9.999999999999999E-6
0.46130952380952384	-0.7450000000000002	0	0	0	0	0	0	-6049.318401391854	0.2731701161834756	1.0E-5
0.47619047619047616	-0.7600000000000002	0	0	0	0	0	0	-6128.634296052437	0.27223287692285997	1.0000000000000003E-5
0.49107142857142866	-0.7750000000000001	0	0	0	0	0	0	-6202.830085229764	0.27136026372627037	1.0E-5
0.5059523809523809	-0.7900000000000003	0	0	0	0	0	0	-6271.893070770168	0.27055163860753667	1.0E-5
0.5208333333333333	-0.8049999999999999	0	0	0	0	0	0	-6335.8273707405515	0.26980620403454186	9.999999999999999E-6
0.5357142857142858	-0.82	0	0	0	0	0	0	-6394.653362702487	0.2691230181001381	1.0E-5
0.5505952380952381	-0.835	0	0	0	0	0	0	-6448.406914175594	0.26850101030960444	1.0E-5
0.5654761904761905	-0.85	0	0	0	0	0	0	-6497.138417070824	0.2679389978709343	1.0E-5
0.38690476190476186	-0.6550000000000001	0	0	0	0	0	0	-5548.238351739095	0.2791924022948396	1.0000000000000003E-5
0.4017857142857142	-0.6700000000000002	0	0	0	0	0	0	-5655.952503101278	0.27788355962150973	1.0E-5
0.41666666666666663	-0.685	0	0	0	0	0	0	-5758.804896960349	0.2766409205673782	1.0E-5
0.4315476190476192	-0.7000000000000002	0	0	0	0	0	0	-5856.694693291574	0.2754648716148884	1.0000000000000003E-5
0.4464285714285714	-0.7150000000000002	0	0	0	0	0	0	-5949.537259494989	0.2743555675086809	1.0E-5
0.46130952380952384	-0.73	0	0	0	0	0	0	-6037.26476780491	0.27331294375205617	1.0E-5
0.47619047619047616	-0.7450000000000002	0	0	0	0	0	0	-6119.826619696529	0.2723367292500562	1.0E-5
0.49107142857142866	-0.7600000000000002	0	0	0	0	0	0	-6197.189667413026	0.2714264593720257	1.0000000000000003E-5
0.5059523809523809	-0.7749999999999999	0	0	0	0	0	0	-6269.338212265173	0.2705814896171614	9.999999999999999E-6
0.5208333333333333	-0.79	0	0	0	0	0	0	-6336.273769062778	0.2698010099814092	1.0E-5
0.5357142857142858	-0.8049999999999999	0	0	0	0	0	0	-6398.014595491503	0.26908406004655405	1.0E-5
0.5505952380952381	-0.8200000000000001	0	0	0	0	0	0	-6454.594994058979	0.26842954474493375	1.0E-5
0.5654761904761905	-0.8350000000000004	0	0	0	0	0	0	-6506.064402068686	0.2678362506974739	1.0000000000000003E-5
0.5803571428571429	-0.85	0	0	0	0	0	0	-6552.486291682652	0.2673028629794532	1.0E-5
0.5952380952380951	-0.865	0	0	0	0	0	0	-6593.9369073297585	0.26682798213765446	1.0E-5
0.4017857142857142	-0.6550000000000001	0	0	0	0	0	0	-5629.370846632754	0.2782058534992591	9.999999999999999E-6
0.41666666666666663	-0.67	0	0	0	0	0	0	-5735.779642608473	0.27691849180089156	1.0E-5
0.4315476190476192	-0.6850000000000003	0	0	0	0	0	0	-5837.159964772963	0.2756990382488221	1.0E-5
0.4464285714285714	-0.7000000000000003	0	0	0	0	0	0	-5933.423778592155	0.2745476635650428	9.999999999999999E-6
0.46130952380952384	-0.7149999999999999	0	0	0	0	0	0	-6024.499744962554	0.27346431389100717	1.0E-5
0.47619047619047616	-0.7300000000000002	0	0	0	0	0	0	-6110.333768424786	0.27244872339130854	1.0000000000000003E-5
0.49107142857142866	-0.7450000000000001	0	0	0	0	0	0	-6190.889341142757	0.2715004271906693	1.0E-5
0.5059523809523809	-0.7600000000000002	0	0	0	0	0	0	-6266.14765793792	0.27061877487880026	1.0E-5
0.5208333333333333	-0.7750000000000001	0	0	0	0	0	0	-6336.107487976627	0.2698029447222209	1.0E-5
0.5357142857142858	-0.7900000000000005	0	0	0	0	0	0	-6400.7847988578105	0.269051958634776	9.999999999999999E-6
0.5505952380952381	-0.8049999999999999	0	0	0	0	0	0	-6460.212138408095	0.2683646978821069	1.0E-5
0.5654761904761905	-0.8200000000000001	0	0	0	0	0	0	-6514.437788092536	0.2677399194315411	9.999999999999999E-6
0.580357142857143	-0.8350000000000002	0	0	0	0	0	0	-6563.524709298444	0.2671762728086385	1.0E-5
0.5952380952380952	-0.85	0	0	0	0	0	0	-6607.5493096414475	0.26667231728512236	1.0000000000000003E-5
0.4315476190476192	-0.67	0	0	0	0	0	0	-5816.911480391771	0.2759420376279893	9.999999999999999E-6
0.4464285714285714	-0.6850000000000002	0	0	0	0	0	0	-5916.623737057567	0.27474813814162463	1.0E-5
0.46130952380952384	-0.7000000000000002	0	0	0	0	0	0	-6011.074483378198	0.2736236384988384	1.0E-5
0.47619047619047616	-0.7150000000000002	0	0	0	0	0	0	-6100.206145142726	0.27256827817412865	1.0E-5
0.4910714285714285	-0.7300000000000002	0	0	0	0	0	0	-6183.978814602418	0.2715815923222481	1.0E-5
0.5059523809523809	-0.7450000000000002	0	0	0	0	0	0	-6262.370490820441	0.27066292509691137	1.0E-5
0.5208333333333333	-0.7600000000000002	0	0	0	0	0	0	-6335.37706759398	0.26981144367251714	1.0000000000000003E-5
0.5357142857142858	-0.7750000000000001	0	0	0	0	0	0	-6403.012061289084	0.2690261530564475	1.0E-5
0.5505952380952381	-0.79	0	0	0	0	0	0	-6465.306081284073	0.26830591169274065	1.0E-5
0.5654761904761905	-0.8050000000000002	0	0	0	0	0	0	-6522.306055135159	0.2676494477850101	1.0E-5
0.5803571428571428	-0.82	0	0	0	0	0	0	-6574.074228726307	0.2670553762084492	9.999999999999999E-6
0.5952380952380952	-0.8350000000000002	0	0	0	0	0	0	-6620.686968305381	0.26652221583777924	1.0000000000000003E-5
0.6101190476190476	-0.85	0	0	0	0	0	0	-6662.233396298783	0.2660484070895428	1.0E-5
0.431547619047619	-0.6550000000000001	0	0	0	0	0	0	-5796.005522021489	0.27619322163834675	1.0E-5
0.4464285714285714	-0.67	0	0	0	0	0	0	-5899.192470597811	0.2749563534890616	9.999999999999999E-6
0.46130952380952367	-0.685	0	0	0	0	0	0	-5997.043373564542	0.2737902899142816	1.0E-5
0.47619047619047616	-0.7000000000000002	0	0	0	0	0	0	-6089.497223726274	0.27269477554319105	1.0E-5
0.49107142857142866	-0.7150000000000001	0	0	0	0	0	0	-6176.510696095117	0.27166934566304396	1.0E-5
0.5059523809523809	-0.73	0	0	0	0	0	0	-6258.058522543932	0.27071333932463953	1.0E-5
0.5208333333333333	-0.7450000000000001	0	0	0	0	0	0	-6334.13360540203	0.2698259131359491	1.0E-5
0.5357142857142857	-0.7600000000000002	0	0	0	0	0	0	-6404.74685855448	0.26900605587298193	1.0E-5
0.5505952380952381	-0.7750000000000001	0	0	0	0	0	0	-6469.926775811204	0.2682526039384303	1.0E-5
0.5654761904761905	-0.79	0	0	0	0	0	0	-6529.71873660307	0.2675642576153596	1.0000000000000003E-5
0.5803571428571428	-0.8050000000000002	0	0	0	0	0	0	-6584.184068067993	0.2669395979963299	1.0E-5
0.5952380952380952	-0.8200000000000001	0	0	0	0	0	0	-6633.3988900351	0.2663771044180768	1.0E-5
0.6101190476190477	-0.835	0	0	0	0	0	0	-6677.45277512768	0.265875172197661	1.0E-5
0.6250000000000001	-0.85	0	0	0	0	0	0	-6716.447260119871	0.265432130446625	1.0E-5
0.6398809523809523	-0.865	0	0	0	0	0	0	-6750.49424682657	0.26504625973353874	1.0E-5
0.4464285714285714	-0.6550000000000002	0	0	0	0	0	0	-5881.189026411311	0.27517162548594615	1.0E-5
0.46130952380952384	-0.67	0	0	0	0	0	0	-5982.46433853369	0.27396359703893036	1.0E-5
0.47619047619047616	-0.685	0	0	0	0	0	0	-6078.263829112437	0.27282755690128424	1.0000000000000003E-5
0.4910714285714286	-0.7000000000000001	0	0	0	0	0	0	-6168.540762454709	0.27176304041099525	1.0E-5
0.5059523809523809	-0.7150000000000001	0	0	0	0	0	0	-6253.266550710377	0.2707693817003709	1.0000000000000003E-5
0.5208333333333333	-0.7300000000000002	0	0	0	0	0	0	-6332.4310031129235	0.26984572721970856	1.0E-5
0.5357142857142858	-0.7450000000000002	0	0	0	0	0	0	-6406.042290409363	0.2689910500990418	9.999999999999999E-6
0.5505952380952381	-0.7600000000000002	0	0	0	0	0	0	-6474.126620968619	0.26820416541307307	9.999999999999999E-6
0.5654761904761907	-0.7750000000000002	0	0	0	0	0	0	-6536.727636287807	0.26748374631928984	9.999999999999999E-6
0.5803571428571428	-0.79	0	0	0	0	0	0	-6593.905543544088	0.26682834096235764	1.0E-5
0.5952380952380952	-0.8050000000000004	0	0	0	0	0	0	-6645.736011152482	0.26623638997939814	1.0E-5
0.6101190476190477	-0.82	0	0	0	0	0	0	-6692.308859783834	0.26570624440006596	1.0000000000000003E-5
0.6250000000000001	-0.835	0	0	0	0	0	0	-6733.726585881308	0.2652361837111093	1.0E-5
0.6398809523809524	-0.85	0	0	0	0	0	0	-6770.102757402811	0.2648244338455343	1.0E-5
0.4613095238095237	-0.6550000000000001	0	0	0	0	0	0	-5967.399148956752	0.27414284117702464	1.0E-5
0.47619047619047616	-0.6699999999999999	0	0	0	0	0	0	-6066.566438046084	0.2729659191967204	1.0000000000000003E-5
0.49107142857142866	-0.6850000000000002	0	0	0	0	0	0	-6160.12824639479	0.27186198838338443	1.0E-5
0.5059523809523809	-0.7000000000000003	0	0	0	0	0	0	-6248.052633760997	0.270830377978867	1.0E-5
0.5208333333333333	-0.715	0	0	0	0	0	0	-6330.326229828158	0.2698702245635052	1.0E-5
0.5357142857142858	-0.7300000000000002	0	0	0	0	0	0	-6406.954332666163	0.26898048611545866	1.0E-5
0.5505952380952381	-0.7450000000000002	0	0	0	0	0	0	-6477.960703003276	0.2681599570277671	9.999999999999999E-6
0.5654761904761905	-0.7600000000000002	0	0	0	0	0	0	-6543.3870593861775	0.2674072840796389	1.0000000000000003E-5
0.580357142857143	-0.7750000000000002	0	0	0	0	0	0	-6603.292290230607	0.26672098327014027	1.0E-5
0.5952380952380952	-0.79	0	0	0	0	0	0	-6657.7514080154015	0.2660994573546596	9.999999999999999E-6
0.6101190476190477	-0.8049999999999999	0	0	0	0	0	0	-6706.854278211608	0.2655410138765293	1.0E-5
0.625	-0.8200000000000005	0	0	0	0	0	0	-6750.704160848739	0.26504388345651847	1.0E-5
0.6398809523809523	-0.8350000000000002	0	0	0	0	0	0	-6789.416105901209	0.2646062380895533	1.0000000000000003E-5
0.6547619047619048	-0.85	0	0	0	0	0	0	-6823.115245028582	0.2642262091986084	1.0E-5
0.47619047619047616	-0.6550000000000002	0	0	0	0	0	0	-6054.469502841271	0.27310911073103394	1.0E-5
0.49107142857142866	-0.67	0	0	0	0	0	0	-6151.336144804771	0.2719654560850443	1.0E-5
0.505952380952381	-0.6850000000000003	0	0	0	0	0	0	-6242.478385044976	0.2708956118390739	1.0E-5
0.5208333333333333	-0.7000000000000003	0	0	0	0	0	0	-6327.8796029572195	0.26989870486749123	9.999999999999999E-6
0.5357142857142858	-0.7150000000000001	0	0	0	0	0	0	-6407.54210584586	0.2689736783997869	1.0E-5
0.5505952380952381	-0.7300000000000002	0	0	0	0	0	0	-6481.487052488518	0.26811930672883105	1.0E-5
0.5654761904761905	-0.7450000000000002	0	0	0	0	0	0	-6549.754058433629	0.26733421095811505	1.0000000000000003E-5
0.5803571428571428	-0.7600000000000002	0	0	0	0	0	0	-6612.4004971432805	0.266616875713843	9.999999999999999E-6
0.5952380952380952	-0.7750000000000001	0	0	0	0	0	0	-6669.5005213610075	0.2659656666693541	9.999999999999999E-6
0.6101190476190477	-0.7900000000000003	0	0	0	0	0	0	-6721.143837338625	0.26537884867313455	1.0E-5
0.625	-0.8050000000000004	0	0	0	0	0	0	-6767.434270654492	0.2648546042359092	1.0E-5
0.6398809523809524	-0.82	0	0	0	0	0	0	-6808.48816627817	0.26439105211473163	1.0E-5
0.6547619047619048	-0.835	0	0	0	0	0	0	-6844.432667377095	0.2639862657299608	1.0000000000000003E-5
0.6696428571428571	-0.85	0	0	0	0	0	0	-6875.403917303081	0.2636382911617106	1.0E-5
0.4910714285714285	-0.6550000000000002	0	0	0	0	0	0	-6142.231550317081	0.2720726605022871	1.0E-5
0.5059523809523809	-0.67	0	0	0	0	0	0	-6236.609288060411	0.2709643209482337	1.0E-5
0.5208333333333334	-0.685	0	0	0	0	0	0	-6325.155088560183	0.2699304252025183	1.0E-5
0.5357142857142858	-0.7000000000000004	0	0	0	0	0	0	-6407.868161823461	0.2689699020610399	1.0E-5
0.5505952380952381	-0.7150000000000002	0	0	0	0	0	0	-6484.7669182262325	0.2680815062381243	9.999999999999999E-6
0.5654761904761905	-0.7300000000000001	0	0	0	0	0	0	-6555.888695168608	0.26726383382520946	1.0000000000000003E-5
0.580357142857143	-0.7450000000000003	0	0	0	0	0	0	-6621.289157536523	0.2665153388245203	1.0E-5
0.5952380952380952	-0.7600000000000002	0	0	0	0	0	0	-6681.041395304851	0.2658343506137217	9.999999999999999E-6
0.6101190476190477	-0.7749999999999999	0	0	0	0	0	0	-6735.234750866986	0.2652190921319883	1.0E-5
0.6250000000000001	-0.79	0	0	0	0	0	0	-6783.973415628943	0.2646676985353258	1.0E-5
0.6398809523809523	-0.8049999999999999	0	0	0	0	0	0	-6827.374840025091	0.26417823604672236	1.0E-5
0.6547619047619049	-0.82	0	0	0	0	0	0	-6865.568003483929	0.26374872072181893	1.0E-5
0.6696428571428572	-0.8350000000000002	0	0	0	0	0	0	-6898.6915911821425	0.2633771368601036	1.0000000000000003E-5
0.6845238095238094	-0.85	0	0	0	0	0	0	-6926.8921229380185	0.2630614548119957	9.999999999999999E-6
0.5059523809523809	-0.6550000000000002	0	0	0	0	0	0	-6230.5150351428	0.2710356927591733	1.0E-5
0.5208333333333333	-0.6700000000000004	0	0	0	0	0	0	-6322.220623041705	0.2699645960839131	1.0000000000000003E-5
0.5357142857142858	-0.6850000000000002	0	0	0	0	0	0	-6407.998790101655	0.26896838916338167	9.999999999999999E-6
0.5505952380952381	-0.7000000000000003	0	0	0	0	0	0	-6487.865059381925	0.2680458076034012	1.0000000000000003E-5
0.5654761904761907	-0.7150000000000001	0	0	0	0	0	0	-6561.854319514122	0.2671954231174435	1.0000000000000003E-5
0.5803571428571428	-0.7300000000000001	0	0	0	0	0	0	-6630.0203354346895	0.26641565981789217	9.999999999999999E-6
0.5952380952380952	-0.7450000000000001	0	0	0	0	0	0	-6692.434931872482	0.26570481156782905	1.0E-5
0.6101190476190474	-0.7600000000000002	0	0	0	0	0	0	-6749.186882041045	0.2650610601831396	1.0E-5
0.6250000000000001	-0.7750000000000001	0	0	0	0	0	0	-6800.380541868218	0.26448249422443126	9.999999999999999E-6
0.6398809523809524	-0.79	0	0	0	0	0	0	-6846.134275469661	0.26396712809081785	1.0E-5
0.6547619047619049	-0.8050000000000002	0	0	0	0	0	0	-6886.578720518522	0.2635129211196081	1.0E-5
0.6696428571428571	-0.8200000000000005	0	0	0	0	0	0	-6921.854942870178	0.26311779640381605	1.0000000000000003E-5
0.6845238095238095	-0.8350000000000003	0	0	0	0	0	0	-6952.112528545347	0.26277965905961254	1.0000000000000003E-5
0.6994047619047618	-0.85	0	0	0	0	0	0	-6977.507658289696	0.26249641370503335	9.999999999999999E-6
0.5208333333333334	-0.6550000000000002	0	0	0	0	0	0	-6319.1484584124055	0.270000377287543	1.0E-5
0.5357142857142858	-0.67	0	0	0	0	0	0	-6408.004345591717	0.268968324821641	1.0E-5
0.550595238095238	-0.6850000000000002	0	0	0	0	0	0	-6490.85005745282	0.26801141954489943	1.0E-5
0.5654761904761902	-0.7000000000000002	0	0	0	0	0	0	-6567.717867046858	0.26712820941085536	1.0000000000000003E-5
0.580357142857143	-0.7150000000000002	0	0	0	0	0	0	-6638.659449577094	0.2663170893746531	1.0E-5
0.5952380952380951	-0.7300000000000003	0	0	0	0	0	0	-6703.745162088431	0.26557631857241687	9.999999999999999E-6
0.6101190476190478	-0.7450000000000002	0	0	0	0	0	0	-6763.063002285509	0.2649040384930237	1.0000000000000003E-5
0.6250000000000001	-0.7600000000000002	0	0	0	0	0	0	-6816.71728761259	0.2642982918724382	1.0E-5
0.6398809523809524	-0.7750000000000001	0	0	0	0	0	0	-6864.827101922453	0.2637570420075616	1.0E-5
0.6547619047619049	-0.7900000000000005	0	0	0	0	0	0	-6907.524560626539	0.2632781921751692	1.0E-5
0.6696428571428571	-0.8050000000000004	0	0	0	0	0	0	-6944.952946351525	0.2628596048479002	1.0E-5
0.6845238095238095	-0.8200000000000005	0	0	0	0	0	0	-6977.264766118886	0.2624991204194359	1.0E-5
0.6994047619047618	-0.8350000000000002	0	0	0	0	0	0	-7004.619778267071	0.2621945751811912	1.0E-5
0.7142857142857141	-0.85	0	0	0	0	0	0	-7027.183033138377	0.261943818329673	1.0E-5
0.5357142857142859	-0.6550000000000001	0	0	0	0	0	0	-6407.959600054344	0.2689688430494457	1.0E-5
0.5505952380952381	-0.6700000000000002	0	0	0	0	0	0	-6493.794649902029	0.2679775035827475	9.999999999999999E-6
0.5654761904761905	-0.6850000000000002	0	0	0	0	0	0	-6573.550176526292	0.2670613797983291	1.0E-5
0.5803571428571428	-0.7000000000000002	0	0	0	0	0	0	-6647.275576136906	0.266218838243321	1.0E-5
0.5952380952380952	-0.7150000000000003	0	0	0	0	0	0	-6715.039534809026	0.2654481041374438	1.0000000000000003E-5
0.6101190476190477	-0.7300000000000002	0	0	0	0	0	0	-6776.929066755574	0.2647472794629184	1.0E-5
0.6250000000000001	-0.7450000000000001	0	0	0	0	0	0	-6833.048245854568	0.26411436192411025	1.0E-5
0.6398809523809524	-0.7600000000000002	0	0	0	0	0	0	-6883.516679479959	0.2635472644567184	1.0E-5
0.6547619047619048	-0.7750000000000001	0	0	0	0	0	0	-6928.4677779178555	0.26304383495130923	1.0E-5
0.6696428571428572	-0.79	0	0	0	0	0	0	-6968.046874237454	0.2626018758609185	1.0E-5
0.6845238095238094	-0.8050000000000003	0	0	0	0	0	0	-7002.4092487360895	0.2622191633827549	1.0000000000000003E-5
0.6994047619047619	-0.8200000000000001	0	0	0	0	0	0	-7031.718109369862	0.26189346593551344	1.0E-5
0.7142857142857142	-0.835	0	0	0	0	0	0	-7056.142575329213	0.26162256169265735	1.0E-5
0.7291666666666665	-0.8499999999999999	0	0	0	0	0	0	-7075.855705547296	0.2614042549749703	1.0E-5
0.7440476190476191	-0.865	0	0	0	0	0	0	-7091.032607844104	0.2612363913499765	1.0000000000000003E-5
0.5505952380952382	-0.6550000000000002	0	0	0	0	0	0	-6496.776087548783	0.2679431699280705	1.0E-5
0.5654761904761904	-0.6700000000000003	0	0	0	0	0	0	-6579.426329277248	0.26699407405703707	1.0000000000000003E-5
0.5803571428571428	-0.685	0	0	0	0	0	0	-6655.941771768778	0.26612007365455115	1.0E-5
0.5952380952380953	-0.7000000000000004	0	0	0	0	0	0	-6726.38922466059	0.2653193608793353	1.0E-5
0.6101190476190477	-0.7150000000000001	0	0	0	0	0	0	-6790.85450800204	0.2645899990700695	1.0E-5
0.6250000000000001	-0.73	0	0	0	0	0	0	-6849.44124424559	0.2639299417298407	1.0E-5
0.6398809523809524	-0.7450000000000001	0	0	0	0	0	0	-6902.269365436384	0.26333705220473874	1.0E-5
0.6547619047619048	-0.7600000000000002	0	0	0	0	0	0	-6949.473391463401	0.262809123697722	1.0E-5
0.6696428571428571	-0.7750000000000001	0	0	0	0	0	0	-6991.200537304554	0.26234389926238255	1.0E-5
0.6845238095238095	-0.7899999999999999	0	0	0	0	0	0	-7027.608706715565	0.2619390914419692	9.999999999999999E-6
0.6994047619047618	-0.8050000000000002	0	0	0	0	0	0	-7058.864427186368	0.26159240125215993	1.0E-5
0.7142857142857141	-0.8200000000000005	0	0	0	0	0	0	-7085.140776667478	0.2613015362473726	1.0E-5
0.7291666666666667	-0.835	0	0	0	0	0	0	-7106.615347008212	0.2610642274562132	1.0E-5
0.7440476190476188	-0.8499999999999999	0	0	0	0	0	0	-7123.468282687634	0.2608782450189889	9.999999999999999E-6
0.580357142857143	-0.67	0	0	0	0	0	0	-6664.735418751824	0.2660199155347617	1.0E-5
0.5952380952380953	-0.685	0	0	0	0	0	0	-6737.869460634524	0.2651892379770433	1.0E-5
0.6101190476190474	-0.7000000000000002	0	0	0	0	0	0	-6804.912549128462	0.2644313735433511	9.999999999999999E-6
0.6250000000000001	-0.7150000000000001	0	0	0	0	0	0	-6865.967643533429	0.26374423242306194	1.0000000000000003E-5
0.6398809523809523	-0.7300000000000002	0	0	0	0	0	0	-6921.154798411172	0.26312562919012367	1.0000000000000003E-5
0.6547619047619047	-0.7450000000000002	0	0	0	0	0	0	-6970.609455294769	0.2625733030936806	1.0E-5
0.6696428571428572	-0.7600000000000002	0	0	0	0	0	0	-7014.480540393746	0.26208493843453207	1.0E-5
0.6845238095238095	-0.7750000000000001	0	0	0	0	0	0	-7052.928429349485	0.2616581846649386	1.0E-5
0.6994047619047618	-0.79	0	0	0	0	0	0	-7086.122837537649	0.2612906758846018	1.0E-5
0.7142857142857141	-0.8049999999999999	0	0	0	0	0	0	-7114.240689998849	0.2609800494499259	1.0E-5
0.7291666666666667	-0.8200000000000001	0	0	0	0	0	0	-7137.464019299956	0.2607239634628756	1.0E-5
0.7440476190476188	-0.8350000000000003	0	0	0	0	0	0	-7155.977932959935	0.26052011295655275	1.0000000000000003E-5
0.7589285714285716	-0.8499999999999999	0	0	0	0	0	0	-7169.968684947754	0.26036624464442376	1.0E-5
0.5952380952380952	-0.67	0	0	0	0	0	0	-6749.559877096418	0.2650568374361617	1.0E-5
0.6101190476190477	-0.685	0	0	0	0	0	0	-6819.1805380061705	0.2642705358645586	1.0E-5
0.6250000000000001	-0.7000000000000001	0	0	0	0	0	0	-6882.702655939061	0.2635563956375288	1.0E-5
0.6398809523809524	-0.7150000000000002	0	0	0	0	0	0	-6940.246201466659	0.26291218344039136	1.0E-5
0.6547619047619049	-0.7300000000000002	0	0	0	0	0	0	-6991.947346561233	0.26233558535219254	9.999999999999999E-6
0.6696428571428571	-0.7450000000000002	0	0	0	0	0	0	-7037.956555712083	0.261824227604035	1.0E-5
0.6845238095238095	-0.7600000000000002	0	0	0	0	0	0	-7078.436523337439	0.2613756971466368	9.999999999999999E-6
0.6994047619047619	-0.7750000000000001	0	0	0	0	0	0	-7113.560019972224	0.26098756167104764	1.0E-5
0.7142857142857142	-0.7900000000000005	0	0	0	0	0	0	-7143.507705166524	0.26065738877443295	9.999999999999999E-6
0.7291666666666665	-0.8049999999999999	0	0	0	0	0	0	-7168.465958991214	0.2603827640161023	9.999999999999999E-6
0.7440476190476188	-0.8200000000000001	0	0	0	0	0	0	-7188.624777029811	0.26016130766383044	1.0000000000000003E-5
0.7589285714285716	-0.835	0	0	0	0	0	0	-7204.175766205679	0.2599906899841756	1.0000000000000003E-5
0.773809523809524	-0.8499999999999999	0	0	0	0	0	0	-7215.310271153819	0.25986864498084283	1.0E-5
0.7886904761904764	-0.8649999999999997	0	0	0	0	0	0	-7222.217653429844	0.25979298253072985	1.0E-5
0.6101190476190477	-0.6700000000000003	0	0	0	0	0	0	-6833.740304316471	0.2641065720857465	1.0E-5
0.6250000000000001	-0.685	0	0	0	0	0	0	-6899.725685072951	0.2633655500563514	1.0E-5
0.6398809523809524	-0.7000000000000002	0	0	0	0	0	0	-6959.620705673052	0.2626958638336766	1.0E-5
0.6547619047619049	-0.7150000000000003	0	0	0	0	0	0	-7013.562073174036	0.26209514717961063	1.0E-5
0.6696428571428572	-0.73	0	0	0	0	0	0	-7061.701614748442	0.26156096898846803	1.0E-5
0.6845238095238095	-0.7450000000000001	0	0	0	0	0	0	-7104.2041890171295	0.26109085433379076	9.999999999999999E-6
0.6994047619047619	-0.7600000000000002	0	0	0	0	0	0	-7141.245488279681	0.2606823050301862	1.0E-5
0.7142857142857141	-0.7750000000000001	0	0	0	0	0	0	-7173.009793754525	0.2603328193738773	1.0E-5
0.7291666666666667	-0.79	0	0	0	0	0	0	-7199.6877395875745	0.26003991078381605	1.0E-5
0.7440476190476188	-0.8050000000000002	0	0	0	0	0	0	-7221.474133967437	0.2598011251248865	1.0E-5
0.7589285714285716	-0.82	0	0	0	0	0	0	-7238.56587770179	0.25961405655281694	1.0E-5
0.7738095238095235	-0.8350000000000002	0	0	0	0	0	0	-7251.160012497518	0.2594763617747048	1.0000000000000003E-5
0.7886904761904763	-0.8499999999999994	0	0	0	0	0	0	-7259.451923301976	0.2593857726680358	1.0E-5
0.6101190476190476	-0.6550000000000001	0	0	0	0	0	0	-6848.678541408128	0.263938517452427	1.0E-5
0.6250000000000001	-0.67	0	0	0	0	0	0	-6917.120689197011	0.26317076778407716	9.999999999999999E-6
0.6398809523809524	-0.685	0	0	0	0	0	0	-6979.359695775947	0.2624757766973769	1.0E-5
0.6547619047619047	-0.7	0	0	0	0	0	0	-7035.532602459874	0.2618511265840267	1.0E-5
0.6696428571428572	-0.7150000000000003	0	0	0	0	0	0	-7085.792420199819	0.26129432980171896	1.0E-5
0.6845238095238095	-0.7300000000000002	0	0	0	0	0	0	-7130.3060156660285	0.26080285021743616	1.0E-5
0.6994047619047619	-0.7450000000000002	0	0	0	0	0	0	-7169.2518691740315	0.2603741243329713	1.0E-5
0.7142857142857142	-0.7600000000000002	0	0	0	0	0	0	-7202.817771129379	0.2600055816244221	1.0E-5
0.7291666666666669	-0.7750000000000001	0	0	0	0	0	0	-7231.198516924686	0.25969466379157646	1.0E-5
0.7440476190476188	-0.79	0	0	0	0	0	0	-7254.593652326769	0.25943884267852124	1.0E-5
0.7589285714285712	-0.8050000000000002	0	0	0	0	0	0	-7273.205312891621	0.25923563669007754	1.0000000000000003E-5
0.773809523809524	-0.8200000000000003	0	0	0	0	0	0	-7287.236192307055	0.2590826255874471	1.0E-5
0.7886904761904763	-0.8350000000000003	0	0	0	0	0	0	-7296.887666167508	0.25897746359920315	1.0E-5
0.8035714285714286	-0.85	0	0	0	0	0	0	-7302.358089824307	0.2589178908296157	1.0E-5
0.8184523809523809	-0.865	0	0	0	0	0	0	-7303.841281838011	0.2589017429848839	1.0E-5
0.6398809523809524	-0.67	0	0	0	0	0	0	-6999.54917983599	0.262250982235729	1.0E-5
0.6547619047619049	-0.685	0	0	0	0	0	0	-7057.942212554596	0.26160261952515634	1.0E-5
0.6696428571428572	-0.7000000000000002	0	0	0	0	0	0	-7110.309679509335	0.26102343911174963	1.0E-5
0.6845238095238094	-0.7150000000000003	0	0	0	0	0	0	-7156.820297346364	0.2605108443875478	9.999999999999999E-6
0.6994047619047619	-0.7300000000000002	0	0	0	0	0	0	-7197.655200487829	0.26006220714536754	1.0E-5
0.7142857142857142	-0.7450000000000002	0	0	0	0	0	0	-7233.005576986114	0.25967488854890514	1.0E-5
0.7291666666666667	-0.7600000000000002	0	0	0	0	0	0	-7263.070292085673	0.25934625902023845	1.0E-5
0.7440476190476188	-0.7750000000000001	0	0	0	0	0	0	-7288.053555505775	0.259073716783902	9.999999999999999E-6
0.7589285714285716	-0.79	0	0	0	0	0	0	-7308.162679359138	0.2588547048760999	1.0E-5
0.773809523809524	-0.8049999999999999	0	0	0	0	0	0	-7323.60596439109	0.25868672649158747	1.0E-5
0.7886904761904763	-0.8200000000000001	0	0	0	0	0	0	-7334.590743266021	0.25856735859774815	1.0E-5
0.8035714285714287	-0.8350000000000002	0	0	0	0	0	0	-7341.321601250859	0.2584942637946124	1.0E-5
0.8184523809523809	-0.85	0	0	0	0	0	0	-7343.998787065858	0.2584652004407577	1.0E-5
0.8333333333333334	-0.865	0	0	0	0	0	0	-7342.81682003064	0.2584780310983398	9.999999999999999E-6
0.6398809523809524	-0.6550000000000002	0	0	0	0	0	0	-7020.280184942052	0.262020490777781	1.0000000000000003E-5
0.6547619047619049	-0.6700000000000003	0	0	0	0	0	0	-7080.87886849672	0.2613486763978739	1.0000000000000003E-5
0.6696428571428571	-0.685	0	0	0	0	0	0	-7135.338461841942	0.2607473845434899	1.0000000000000003E-5
0.6845238095238095	-0.7000000000000002	0	0	0	0	0	0	-7183.829370985429	0.2602139589431398	1.0E-5
0.6994047619047619	-0.7150000000000001	0	0	0	0	0	0	-7226.535250430211	0.2597457073361388	1.0E-5
0.7142857142857142	-0.7300000000000002	0	0	0	0	0	0	-7263.650575806418	0.259339923114375	1.0E-5
0.7291666666666665	-0.7450000000000001	0	0	0	0	0	0	-7295.3781931000085	0.2589939058861299	1.0E-5
0.7440476190476191	-0.7600000000000002	0	0	0	0	0	0	-7321.926904787236	0.2587049806766398	1.0E-5
0.7589285714285716	-0.7750000000000001	0	0	0	0	0	0	-7343.509143382749	0.25847051555678086	1.0E-5
0.7738095238095235	-0.7899999999999999	0	0	0	0	0	0	-7360.3387730020795	0.2582879375612721	1.0E-5
0.7886904761904763	-0.8050000000000002	0	0	0	0	0	0	-7372.629049955108	0.258154746819611	1.0E-5
0.8035714285714284	-0.8200000000000001	0	0	0	0	0	0	-7380.5907644479885	0.25806852887589166	1.0000000000000003E-5
0.818452380952381	-0.8350000000000003	0	0	0	0	0	0	-7384.430577400056	0.2580269652176194	1.0000000000000003E-5
0.8333333333333333	-0.85	0	0	0	0	0	0	-7384.349559318016	0.2580278420689362	1.0000000000000003E-5
0.6547619047619049	-0.6550000000000002	0	0	0	0	0	0	-7104.435625228668	0.2610882983411079	1.0E-5
0.669642857142857	-0.6700000000000004	0	0	0	0	0	0	-7160.968580571352	0.2604652088190029	1.0E-5
0.6845238095238095	-0.6849999999999998	0	0	0	0	0	0	-7211.419978627406	0.2599112752504571	1.0E-5
0.6994047619047619	-0.7000000000000001	0	0	0	0	0	0	-7255.97585969931	0.2594237420428969	1.0E-5
0.7142857142857141	-0.7150000000000001	0	0	0	0	0	0	-7294.833878863922	0.25899983539760985	1.0E-5
0.7291666666666665	-0.7300000000000002	0	0	0	0	0	0	-7328.200776894575	0.25863678459853257	1.0000000000000003E-5
0.7440476190476192	-0.7450000000000002	0	0	0	0	0	0	-7356.289881361217	0.2583318419110355	1.0E-5
0.7589285714285716	-0.7600000000000002	0	0	0	0	0	0	-7379.3186922532395	0.2580823008635908	1.0E-5
0.773809523809524	-0.7750000000000001	0	0	0	0	0	0	-7397.506595778378	0.25788551276236393	1.0E-5
0.7886904761904763	-0.79	0	0	0	0	0	0	-7411.072739701329	0.2577389013561229	9.999999999999999E-6
0.8035714285714284	-0.8050000000000004	0	0	0	0	0	0	-7420.234094029062	0.25763997562593727	1.0E-5
0.818452380952381	-0.8200000000000001	0	0	0	0	0	0	-7425.203712252859	0.25758634072105496	1.0E-5
0.8333333333333337	-0.8350000000000002	0	0	0	0	0	0	-7426.189200852599	0.2575757070996721	1.0E-5
0.848214285714286	-0.85	0	0	0	0	0	0	-7423.391398416459	0.25760589796184546	1.0E-5
0.669642857142857	-0.6550000000000001	0	0	0	0	0	0	-7187.2950036239345	0.2601759061265099	1.0000000000000003E-5
0.6845238095238094	-0.67	0	0	0	0	0	0	-7239.683656064308	0.25960183054112584	9.999999999999999E-6
0.6994047619047616	-0.685	0	0	0	0	0	0	-7286.06530850553	0.25909538848872704	1.0E-5
0.7142857142857142	-0.7000000000000002	0	0	0	0	0	0	-7326.640689667705	0.25865373961157	1.0E-5
0.7291666666666665	-0.7150000000000001	0	0	0	0	0	0	-7361.620353209848	0.2582740433882316	1.0E-5
0.7440476190476188	-0.7300000000000002	0	0	0	0	0	0	-7391.222088854718	0.25795347978321687	1.0E-5
0.7589285714285716	-0.7450000000000002	0	0	0	0	0	0	-7415.668415677699	0.25768926822364085	1.0E-5
0.773809523809524	-0.7600000000000002	0	0	0	0	0	0	-7435.184204410484	0.25747868474150365	1.0E-5
0.7886904761904763	-0.7750000000000001	0	0	0	0	0	0	-7449.994464514317	0.2573190771938784	1.0E-5
0.8035714285714287	-0.7900000000000003	0	0	0	0	0	0	-7460.3223215366	0.257207878535052	1.0E-5
0.8184523809523809	-0.8050000000000002	0	0	0	0	0	0	-7466.387201100632	0.257142618164755	1.0E-5
0.8333333333333334	-0.8200000000000005	0	0	0	0	0	0	-7468.4032279135345	0.2571209314159836	1.0E-5
0.8482142857142857	-0.8350000000000002	0	0	0	0	0	0	-7466.577841458567	0.2571405672756418	9.999999999999999E-6
0.8630952380952384	-0.85	0	0	0	0	0	0	-7461.110624549648	0.25719939445249634	1.0E-5
0.8779761904761907	-0.865	0	0	0	0	0	0	-7452.192336608636	0.2572954059209277	1.0E-5
0.6845238095238095	-0.6550000000000001	0	0	0	0	0	0	-7268.717150355589	0.25928461434140004	9.999999999999999E-6
0.6994047619047618	-0.6700000000000003	0	0	0	0	0	0	-7316.896710861252	0.25875968064077465	1.0000000000000003E-5
0.7142857142857142	-0.685	0	0	0	0	0	0	-7359.160675024471	0.2583007109846918	1.0E-5
0.7291666666666665	-0.7000000000000001	0	0	0	0	0	0	-7395.7233324687295	0.2579047955997964	1.0000000000000003E-5
0.7440476190476188	-0.7150000000000002	0	0	0	0	0	0	-7426.806878149924	0.25756904262877944	1.0E-5
0.7589285714285716	-0.7300000000000003	0	0	0	0	0	0	-7452.638807837302	0.2572905978547033	1.0E-5
0.773809523809524	-0.7450000000000002	0	0	0	0	0	0	-7473.449444384563	0.25706666251002575	1.0E-5
0.7886904761904763	-0.7600000000000002	0	0	0	0	0	0	-7489.469632966388	0.25689450907860245	1.0E-5
0.8035714285714287	-0.7750000000000001	0	0	0	0	0	0	-7500.928632447419	0.2567714950659399	9.999999999999999E-6
0.8184523809523809	-0.79	0	0	0	0	0	0	-7508.0522202707025	0.25669507476651376	1.0000000000000003E-5
0.8333333333333333	-0.8050000000000004	0	0	0	0	0	0	-7511.061019806283	0.2566628090983705	1.0E-5
0.8482142857142858	-0.82	0	0	0	0	0	0	-7510.169052011971	0.2566723736059824	1.0E-5
0.863095238095238	-0.835	0	0	0	0	0	0	-7505.582507492171	0.2567215647539303	1.0E-5
0.8779761904761907	-0.85	0	0	0	0	0	0	-7497.498730518706	0.25680830464787097	1.0000000000000003E-5
0.6994047619047619	-0.6550000000000001	0	0	0	0	0	0	-7348.568438829027	0.25841560570122224	1.0E-5
0.7142857142857141	-0.6699999999999999	0	0	0	0	0	0	-7392.4883642289	0.2579397824837865	9.999999999999999E-6
0.7291666666666665	-0.685	0	0	0	0	0	0	-7430.600599898916	0.2575281166390359	1.0E-5
0.7440476190476188	-0.7000000000000001	0	0	0	0	0	0	-7463.131696564686	0.257177644987317	1.0E-5
0.7589285714285712	-0.7150000000000002	0	0	0	0	0	0	-7490.3140919342295	0.25688544013870535	1.0E-5
0.7738095238095235	-0.7300000000000003	0	0	0	0	0	0	-7512.383535396777	0.25664862901750013	1.0E-5
0.7886904761904764	-0.7450000000000002	0	0	0	0	0	0	-7529.576687153136	0.2564644092790881	1.0E-5
0.8035714285714287	-0.7600000000000002	0	0	0	0	0	0	-7542.128920505456	0.2563300635978652	1.0E-5
0.8184523809523809	-0.7750000000000001	0	0	0	0	0	0	-7550.272345580629	0.2562429718621988	1.0000000000000003E-5
0.8333333333333334	-0.7899999999999999	0	0	0	0	0	0	-7554.234063809401	0.2562006213558339	1.0E-5
0.8482142857142858	-0.8050000000000002	0	0	0	0	0	0	-7554.234655024433	0.25620061503671243	1.0000000000000003E-5
0.863095238095238	-0.8200000000000001	0	0	0	0	0	0	-7550.486893011408	0.2562406780457782	9.999999999999999E-6
0.8779761904761907	-0.8350000000000002	0	0	0	0	0	0	-7543.194680643427	0.25631866259175073	1.0000000000000003E-5
0.892857142857143	-0.85	0	0	0	0	0	0	-7532.552192224717	0.25643255136458637	1.0E-5
0.7142857142857142	-0.6550000000000001	0	0	0	0	0	0	-7426.7235792654365	0.2575699413700897	1.0E-5
0.7291666666666665	-0.67	0	0	0	0	0	0	-7466.347918568562	0.25714304076572086	1.0E-5
0.7440476190476188	-0.6850000000000003	0	0	0	0	0	0	-7500.288463804651	0.25677836462484743	1.0E-5
0.7589285714285716	-0.7000000000000003	0	0	0	0	0	0	-7528.782569370495	0.25647291286587603	1.0000000000000003E-5
0.7738095238095235	-0.7150000000000001	0	0	0	0	0	0	-7552.0713943083665	0.25622373860841846	1.0000000000000003E-5
0.7886904761904763	-0.73	0	0	0	0	0	0	-7570.397400194534	0.2560279652461446	1.0E-5
0.8035714285714287	-0.7450000000000002	0	0	0	0	0	0	-7584.0020607211	0.255882801276762	1.0E-5
0.818452380952381	-0.7600000000000002	0	0	0	0	0	0	-7593.123801923127	0.25578555293545463	1.0E-5
0.8333333333333334	-0.7750000000000001	0	0	0	0	0	0	-7597.99618251745	0.2557336347235241	1.0E-5
0.8482142857142858	-0.79	0	0	0	0	0	0	-7598.846315994694	0.25572457795604703	1.0000000000000003E-5
0.8630952380952381	-0.8050000000000002	0	0	0	0	0	0	-7595.893529835324	0.25575603747354336	9.999999999999999E-6
0.8779761904761907	-0.82	0	0	0	0	0	0	-7589.348252367282	0.25582579667510696	1.0000000000000003E-5
0.892857142857143	-0.8350000000000004	0	0	0	0	0	0	-7579.411114192436	0.25593177103599285	9.999999999999999E-6
0.9077380952380953	-0.85	0	0	0	0	0	0	-7566.27224862174	0.2560720102728165	9.999999999999999E-6
0.7291666666666664	-0.6550000000000001	0	0	0	0	0	0	-7503.066364407318	0.2567485577201536	1.0E-5
0.7440476190476188	-0.6700000000000003	0	0	0	0	0	0	-7538.373977483447	0.25637023940357767	1.0000000000000003E-5
0.7589285714285716	-0.6850000000000003	0	0	0	0	0	0	-7568.1369960562215	0.2560520983402051	1.0E-5
0.7738095238095235	-0.7000000000000003	0	0	0	0	0	0	-7592.601982829826	0.25579111435412394	1.0E-5
0.7886904761904763	-0.715	0	0	0	0	0	0	-7612.017196156813	0.2555843371602096	1.0E-5
0.8035714285714287	-0.7300000000000004	0	0	0	0	0	0	-7626.630202619604	0.25542890176652794	9.999999999999999E-6
0.818452380952381	-0.7450000000000002	0	0	0	0	0	0	-7636.6857310984105	0.2553220415599211	1.0E-5
0.8333333333333334	-0.7600000000000002	0	0	0	0	0	0	-7642.423777622452	0.2552610991828396	1.0E-5
0.8482142857142857	-0.7750000000000001	0	0	0	0	0	0	-7644.077962118062	0.25524353534166483	1.0E-5
0.8630952380952381	-0.79	0	0	0	0	0	0	-7641.874131686958	0.2552669357069774	9.999999999999999E-6
0.8779761904761904	-0.8049999999999999	0	0	0	0	0	0	-7636.029200088002	0.25532901607711345	1.0E-5
0.892857142857143	-0.8200000000000001	0	0	0	0	0	0	-7626.75020946677	0.2554276259801176	1.0E-5
0.907738095238095	-0.8350000000000002	0	0	0	0	0	0	-7614.233597893182	0.2555607508875876	1.0000000000000003E-5
0.9226190476190474	-0.85	0	0	0	0	0	0	-7598.664654751236	0.2557265132083117	9.999999999999999E-6
0.7440476190476191	-0.6550000000000002	0	0	0	0	0	0	-7577.490351456362	0.25595226398665977	1.0E-5
0.7589285714285712	-0.6699999999999999	0	0	0	0	0	0	-7608.474988757103	0.25562204033511476	1.0E-5
0.773809523809524	-0.685	0	0	0	0	0	0	-7634.068682492219	0.25534984525044274	1.0E-5
0.7886904761904763	-0.7	0	0	0	0	0	0	-7654.52549460086	0.25513265535979807	1.0E-5
0.8035714285714284	-0.7150000000000002	0	0	0	0	0	0	-7670.099085602637	0.254967532895439	1.0E-5
0.8184523809523809	-0.73	0	0	0	0	0	0	-7681.040479435705	0.25485163924962856	9.999999999999999E-6
0.8333333333333333	-0.7450000000000001	0	0	0	0	0	0	-7687.596091378149	0.2547822462012728	1.0E-5
0.8482142857142858	-0.7600000000000002	0	0	0	0	0	0	-7690.00601924225	0.25475674497547857	1.0E-5
0.863095238095238	-0.7750000000000001	0	0	0	0	0	0	-7688.502591384681	0.2547726533157261	9.999999999999999E-6
0.8779761904761907	-0.79	0	0	0	0	0	0	-7683.309160067257	0.2548276207569063	9.999999999999999E-6
0.892857142857143	-0.8050000000000002	0	0	0	0	0	0	-7674.639125095876	0.2549194322887121	1.0E-5
0.9077380952380953	-0.8200000000000001	0	0	0	0	0	0	-7662.695170243145	0.255046010594838	1.0E-5
0.9226190476190474	-0.8350000000000002	0	0	0	0	0	0	-7647.668693523467	0.2552054170456606	1.0000000000000003E-5
0.9375	-0.8499999999999999	0	0	0	0	0	0	-7629.739411759686	0.25539585161172823	1.0E-5
0.7589285714285712	-0.6550000000000001	0	0	0	0	0	0	-7649.899464871274	0.25518174088620754	9.999999999999999E-6
0.7738095238095235	-0.67	0	0	0	0	0	0	-7676.569699895058	0.25489898326956456	1.0E-5
0.7886904761904763	-0.6849999999999998	0	0	0	0	0	0	-7698.016082341066	0.25467201764124736	1.0E-5
0.8035714285714287	-0.7	0	0	0	0	0	0	-7714.498378612848	0.2544978341901291	1.0E-5
0.8184523809523809	-0.7149999999999999	0	0	0	0	0	0	-7726.27390702199	0.25437352321196066	1.0E-5
0.8333333333333334	-0.7300000000000002	0	0	0	0	0	0	-7733.595487222828	0.2542962866882343	1.0000000000000003E-5
0.8482142857142857	-0.7450000000000001	0	0	0	0	0	0	-7736.709665799628	0.2542634475860064	1.0E-5
0.8630952380952381	-0.7600000000000002	0	0	0	0	0	0	-7735.8552100106635	0.25427245708232055	9.999999999999999E-6
0.8779761904761907	-0.7750000000000001	0	0	0	0	0	0	-7731.261856711941	0.25432089992211804	1.0E-5
0.892857142857143	-0.7900000000000005	0	0	0	0	0	0	-7723.149299979146	0.2544064981163011	1.0E-5
0.907738095238095	-0.8050000000000002	0	0	0	0	0	0	-7711.7263986603475	0.2545271131793285	1.0000000000000003E-5
0.9226190476190474	-0.8200000000000001	0	0	0	0	0	0	-7697.190583800006	0.25468074709508637	1.0E-5
0.9374999999999998	-0.8350000000000002	0	0	0	0	0	0	-7679.727445383227	0.2548655421870327	1.0000000000000003E-5
0.9523809523809523	-0.8499999999999999	0	0	0	0	0	0	-7659.510477991224	0.2550797800546416	1.0E-5
0.9672619047619047	-0.865	0	0	0	0	0	0	-7636.7009655912525	0.25532187972358944	1.0E-5
0.773809523809524	-0.6550000000000001	0	0	0	0	0	0	-7720.208505725297	0.2544375402524805	1.0000000000000003E-5
0.7886904761904763	-0.6700000000000002	0	0	0	0	0	0	-7742.587515441682	0.25420148641820794	1.0E-5
0.8035714285714287	-0.685	0	0	0	0	0	0	-7759.922046671945	0.25401891428783213	9.999999999999999E-6
0.818452380952381	-0.7000000000000002	0	0	0	0	0	0	-7772.475720677373	0.2538868439961032	1.0E-5
0.8333333333333333	-0.7150000000000003	0	0	0	0	0	0	-7780.50775130329	0.25380240886186906	1.0E-5
0.8482142857142858	-0.7300000000000002	0	0	0	0	0	0	-7784.2711051016395	0.2537628649152734	1.0E-5
0.8630952380952381	-0.7450000000000002	0	0	0	0	0	0	-7784.010942217051	0.2537655982511552	1.0000000000000003E-5
0.8779761904761907	-0.7600000000000002	0	0	0	0	0	0	-7779.963323079767	0.253808130442766	1.0E-5
0.8928571428571427	-0.7750000000000001	0	0	0	0	0	0	-7772.3541626496635	0.25388812224307516	1.0E-5
0.907738095238095	-0.79	0	0	0	0	0	0	-7761.398411901868	0.25400337578936477	9.999999999999999E-6
0.9226190476190474	-0.8050000000000002	0	0	0	0	0	0	-7747.299445179343	0.2541518355124872	1.0E-5
0.9374999999999998	-0.8200000000000005	0	0	0	0	0	0	-7730.2486317521	0.2543315879363472	1.0E-5
0.9523809523809521	-0.835	0	0	0	0	0	0	-7710.425070240678	0.254540860536777	1.0E-5
0.9672619047619047	-0.8499999999999999	0	0	0	0	0	0	-7687.995465341133	0.2547780198125186	1.0E-5
0.9821428571428573	-0.8649999999999997	0	0	0	0	0	0	-7663.114127407334	0.2550415687049048	1.0000000000000003E-5
0.8035714285714284	-0.6700000000000004	0	0	0	0	0	0	-7806.468747308403	0.2535298482155339	1.0000000000000003E-5
0.818452380952381	-0.685	0	0	0	0	0	0	-7819.739833190517	0.25339072302818166	1.0000000000000003E-5
0.8333333333333333	-0.7000000000000001	0	0	0	0	0	0	-7828.422416952237	0.25329977602047454	1.0E-5
0.8482142857142858	-0.7150000000000002	0	0	0	0	0	0	-7832.775857633211	0.2532541977060456	1.0E-5
0.8630952380952381	-0.7300000000000002	0	0	0	0	0	0	-7833.051658942851	0.2532513107112018	1.0E-5
0.8779761904761907	-0.7450000000000002	0	0	0	0	0	0	-7829.492136565413	0.25328857520993453	1.0E-5
0.892857142857143	-0.7600000000000002	0	0	0	0	0	0	-7822.329342350584	0.25336359259136737	1.0E-5
0.9077380952380953	-0.7750000000000002	0	0	0	0	0	0	-7811.784223207045	0.2534741075945834	1.0E-5
0.9226190476190474	-0.79	0	0	0	0	0	0	-7798.065991783099	0.2536180091266889	1.0000000000000003E-5
0.9374999999999998	-0.8050000000000002	0	0	0	0	0	0	-7781.37168602173	0.25379332996030785	9.999999999999999E-6
0.9523809523809526	-0.8200000000000001	0	0	0	0	0	0	-7761.885895237239	0.25399824548727007	1.0E-5
0.9672619047619049	-0.835	0	0	0	0	0	0	-7739.7806313336905	0.25423107168652426	1.0E-5
0.982142857142857	-0.8499999999999999	0	0	0	0	0	0	-7715.215325056669	0.2544902624465142	1.0E-5
0.8035714285714284	-0.6550000000000002	0	0	0	0	0	0	-7854.24226041679	0.2530296745222428	1.0E-5
0.8184523809523809	-0.6699999999999999	0	0	0	0	0	0	-7868.164751767345	0.25288425002225884	1.0E-5
0.8333333333333333	-0.6849999999999999	0	0	0	0	0	0	-7877.433114531911	0.25278752421048895	1.0000000000000003E-5
0.8482142857142858	-0.7000000000000002	0	0	0	0	0	0	-7882.313075277042	0.2527366236038995	9.999999999999999E-6
0.8630952380952381	-0.7150000000000002	0	0	0	0	0	0	-7883.062429047562	0.2527288091091968	1.0E-5
0.8779761904761907	-0.7300000000000003	0	0	0	0	0	0	-7879.929670907454	0.2527614814379172	1.0E-5
0.8928571428571427	-0.7450000000000001	0	0	0	0	0	0	-7873.152894234	0.2528321846960172	1.0E-5
0.9077380952380953	-0.7600000000000002	0	0	0	0	0	0	-7862.958931305722	0.25293860840564875	1.0E-5
0.9226190476190474	-0.7750000000000001	0	0	0	0	0	0	-7849.56271145371	0.2530785881916926	1.0E-5
0.9374999999999998	-0.7900000000000005	0	0	0	0	0	0	-7833.166812442944	0.25325010534110604	1.0000000000000003E-5
0.9523809523809521	-0.8050000000000003	0	0	0	0	0	0	-7813.961181631152	0.2534512854199604	1.0000000000000003E-5
0.9672619047619049	-0.8200000000000001	0	0	0	0	0	0	-7792.123004677372	0.25368039611152643	1.0E-5
0.9821428571428572	-0.8349999999999996	0	0	0	0	0	0	-7767.816701035372	0.25393584441897643	1.0E-5
0.9970238095238093	-0.8499999999999999	0	0	0	0	0	0	-7741.19402708497	0.25421617335815794	9.999999999999999E-6
0.818452380952381	-0.6550000000000002	0	0	0	0	0	0	-7917.853999164277	0.2523664802539527	1.0E-5
0.8333333333333333	-0.67	0	0	0	0	0	0	-7927.63794947998	0.2522647597810837	1.0E-5
0.8482142857142858	-0.6849999999999999	0	0	0	0	0	0	-7932.975879737157	0.2522092949671182	1.0E-5
0.8630952380952381	-0.7000000000000001	0	0	0	0	0	0	-7934.131821636583	0.2521972868888779	1.0E-5
0.8779761904761907	-0.7150000000000001	0	0	0	0	0	0	-7931.360365866874	0.2522260789076103	1.0E-5
0.892857142857143	-0.7300000000000001	0	0	0	0	0	0	-7924.905539674198	0.25229316012827024	1.0E-5
0.9077380952380953	-0.7450000000000002	0	0	0	0	0	0	-7914.999934412008	0.2523961672570545	1.0E-5
0.9226190476190474	-0.7600000000000002	0	0	0	0	0	0	-7901.864056197927	0.2525328851091143	9.999999999999999E-6
0.9374999999999997	-0.7750000000000001	0	0	0	0	0	0	-7885.7058737264	0.25270124598779076	1.0E-5
0.9523809523809526	-0.79	0	0	0	0	0	0	-7866.720538584449	0.252899328128922	1.0E-5
0.9672619047619044	-0.8049999999999999	0	0	0	0	0	0	-7845.090254964522	0.2531253533788659	1.0E-5
0.9821428571428572	-0.8200000000000001	0	0	0	0	0	0	-7820.984277369583	0.2533776842527214	9.999999999999999E-6
0.9970238095238096	-0.8350000000000002	0	0	0	0	0	0	-7794.559016695504	0.25365482049953164	9.999999999999999E-6
1.0119047619047616	-0.8499999999999999	0	0	0	0	0	0	-7765.958236902349	0.25395539528370653	1.0E-5
0.8333333333333334	-0.6550000000000001	0	0	0	0	0	0	-7979.139911892735	0.2517305568130847	1.0E-5
0.8482142857142858	-0.6700000000000003	0	0	0	0	0	0	-7984.861727828526	0.2516713365756214	1.0E-5
0.863095238095238	-0.685	0	0	0	0	0	0	-7986.3522311648785	0.25165591425050865	1.0E-5
0.8779761904761904	-0.7000000000000003	0	0	0	0	0	0	-7983.8720161688225	0.2516815781479575	1.0E-5
0.892857142857143	-0.7150000000000003	0	0	0	0	0	0	-7977.670922871194	0.25174576487214745	1.0E-5
0.907738095238095	-0.7300000000000004	0	0	0	0	0	0	-7967.987158034451	0.2518460609537071	1.0E-5
0.9226190476190474	-0.7450000000000002	0	0	0	0	0	0	-7955.046644422904	0.251980203122911	1.0E-5
0.9374999999999998	-0.7600000000000005	0	0	0	0	0	0	-7939.062570575594	0.25214607745986345	1.0E-5
0.9523809523809521	-0.7750000000000001	0	0	0	0	0	0	-7920.235115118801	0.25234171762447083	9.999999999999999E-6
0.9672619047619049	-0.79	0	0	0	0	0	0	-7898.751321606537	0.2525653023400177	1.0E-5
0.9821428571428572	-0.8049999999999999	0	0	0	0	0	0	-7874.785101873212	0.2528151522791805	1.0E-5
0.9970238095238096	-0.8200000000000001	0	0	0	0	0	0	-7848.49734787771	0.25308972647978295	1.0E-5
1.0119047619047619	-0.8350000000000004	0	0	0	0	0	0	-7820.036133982718	0.253387618398952	9.999999999999999E-6
1.026785714285714	-0.8499999999999999	0	0	0	0	0	0	-7789.536993525037	0.25370755169807757	1.0E-5
0.8482142857142857	-0.6550000000000001	0	0	0	0	0	0	-8038.072806767148	0.25112184322802134	1.0E-5
0.8630952380952381	-0.6700000000000002	0	0	0	0	0	0	-8039.820227768554	0.25110383602335395	1.0000000000000003E-5
0.8779761904761907	-0.685	0	0	0	0	0	0	-8037.556081577287	0.25112716855111133	1.0E-5
0.892857142857143	-0.7000000000000004	0	0	0	0	0	0	-8031.535885130251	0.25118922765141466	1.0E-5
0.9077380952380953	-0.7150000000000001	0	0	0	0	0	0	-8022.003297589895	0.25128755258141533	1.0E-5
0.9226190476190474	-0.7300000000000002	0	0	0	0	0	0	-8009.189475627481	0.2514198349881081	9.999999999999999E-6
0.9374999999999998	-0.7450000000000001	0	0	0	0	0	0	-7993.312631788536	0.2515839177721389	1.0E-5
0.9523809523809521	-0.7600000000000002	0	0	0	0	0	0	-7974.5777685475105	0.25177779305524506	1.0E-5
0.9672619047619044	-0.7750000000000001	0	0	0	0	0	0	-7953.176563115384	0.2519995994300634	1.0E-5
0.9821428571428572	-0.79	0	0	0	0	0	0	-7929.287380419022	0.25224761864274026	1.0E-5
0.9970238095238096	-0.8050000000000002	0	0	0	0	0	0	-7903.07539391015	0.25252027183514597	1.0E-5
1.0119047619047619	-0.8200000000000001	0	0	0	0	0	0	-7874.692795983212	0.2528161154536397	1.0E-5
1.0267857142857144	-0.835	0	0	0	0	0	0	-7844.279081787444	0.25313383691450203	1.0E-5
1.0416666666666665	-0.8499999999999999	0	0	0	0	0	0	-7811.961392110373	0.25347225010171837	1.0E-5
0.863095238095238	-0.6550000000000001	0	0	0	0	0	0	-8094.63693569954	0.2505401694419121	1.0E-5
0.8779761904761907	-0.67	0	0	0	0	0	0	-8092.508020293837	0.250562016415659	1.0000000000000003E-5
0.8928571428571427	-0.685	0	0	0	0	0	0	-8086.590758442853	0.25062275820437835	1.0E-5
0.9077380952380953	-0.7000000000000002	0	0	0	0	0	0	-8077.134076984361	0.2507198899808082	1.0E-5
0.9226190476190474	-0.715	0	0	0	0	0	0	-8064.374158338944	0.2508510616148527	9.999999999999999E-6
0.9374999999999998	-0.7300000000000002	0	0	0	0	0	0	-8048.534015419445	0.25101407618360255	9.999999999999999E-6
0.9523809523809521	-0.7450000000000002	0	0	0	0	0	0	-8029.823242245495	0.25120688762017385	1.0E-5
0.9672619047619049	-0.7600000000000002	0	0	0	0	0	0	-8008.4379143973665	0.2514275976845758	1.0E-5
0.982142857142857	-0.7750000000000001	0	0	0	0	0	0	-7984.560616232722	0.2516744524076285	9.999999999999999E-6
0.9970238095238096	-0.7900000000000003	0	0	0	0	0	0	-7958.360574315468	0.25194583813292665	1.0E-5
1.0119047619047616	-0.8050000000000004	0	0	0	0	0	0	-7929.993878804565	0.2522402772606827	1.0E-5
1.026785714285714	-0.8200000000000001	0	0	0	0	0	0	-7899.603776654721	0.25255642377989757	1.0E-5
1.0416666666666665	-0.8350000000000003	0	0	0	0	0	0	-7867.321022417628	0.2528930586608241	1.0E-5
1.0565476190476193	-0.8499999999999999	0	0	0	0	0	0	-7833.264274223358	0.25324908516740835	1.0000000000000003E-5
0.8779761904761907	-0.6550000000000001	0	0	0	0	0	0	-8148.827648246787	0.24998526291071202	9.999999999999999E-6
0.892857142857143	-0.6700000000000003	0	0	0	0	0	0	-8142.92968026968	0.25004554550269553	1.0E-5
0.9077380952380953	-0.6850000000000002	0	0	0	0	0	0	-8133.468524522972	0.2501423041835388	1.0000000000000003E-5
0.9226190476190474	-0.7000000000000001	0	0	0	0	0	0	-8120.685152226609	0.25027315068871936	1.0E-5
0.9375000000000002	-0.7150000000000001	0	0	0	0	0	0	-8104.807121591001	0.2504358519727655	9.999999999999999E-6
0.9523809523809521	-0.7300000000000003	0	0	0	0	0	0	-8086.048353079493	0.2506283274740284	1.0E-5
0.9672619047619049	-0.7450000000000002	0	0	0	0	0	0	-8064.6090521715405	0.25084864575451266	1.0E-5
0.9821428571428572	-0.7600000000000002	0	0	0	0	0	0	-8040.675756158774	0.2510950206650098	1.0E-5
0.9970238095238096	-0.7750000000000001	0	0	0	0	0	0	-8014.42148436615	0.25136580715705104	1.0E-5
1.0119047619047616	-0.79	0	0	0	0	0	0	-7986.005973684659	0.2516594968406557	1.0000000000000003E-5
1.0267857142857144	-0.8049999999999999	0	0	0	0	0	0	-7955.575983506297	0.25197471336897304	1.0E-5
1.0416666666666665	-0.8200000000000005	0	0	0	0	0	0	-7923.265656123754	0.25231020771651896	1.0000000000000003E-5
1.0565476190476195	-0.8350000000000002	0	0	0	0	0	0	-7889.1969204422685	0.25266485340586875	9.999999999999999E-6
1.0714285714285716	-0.8499999999999999	0	0	0	0	0	0	-7853.479928472008	0.2530376417277867	1.0000000000000003E-5
0.8928571428571428	-0.6550000000000001	0	0	0	0	0	0	-8200.650931743996	0.24945675590919072	1.0E-5
0.9077380952380953	-0.6699999999999998	0	0	0	0	0	0	-8191.099267736483	0.24955400780889353	1.0E-5
0.9226190476190477	-0.6850000000000003	0	0	0	0	0	0	-8178.210025480399	0.24968535526777091	1.0E-5
0.9374999999999998	-0.7000000000000002	0	0	0	0	0	0	-8162.215017654093	0.2498485332018099	1.0E-5
0.9523809523809521	-0.7150000000000003	0	0	0	0	0	0	-8143.33218889203	0.2500414306301686	1.0E-5
0.9672619047619049	-0.7300000000000001	0	0	0	0	0	0	-8121.765568671785	0.2502620869236979	1.0E-5
0.982142857142857	-0.7450000000000001	0	0	0	0	0	0	-8097.705343876614	0.2505086876455798	1.0E-5
0.9970238095238096	-0.7600000000000002	0	0	0	0	0	0	-8071.3280305696735	0.25077956009998226	1.0E-5
1.0119047619047616	-0.7750000000000001	0	0	0	0	0	0	-8042.796727224089	0.2510731686806662	1.0E-5
1.0267857142857144	-0.79	0	0	0	0	0	0	-8012.261433953603	0.2513881100932309	1.0000000000000003E-5
1.0416666666666665	-0.8050000000000004	0	0	0	0	0	0	-7979.859424279778	0.2517231085105796	1.0E-5
1.0565476190476193	-0.82	0	0	0	0	0	0	-7945.715657729114	0.2520770107100214	1.0E-5
1.0714285714285716	-0.8350000000000002	0	0	0	0	0	0	-7909.943223120821	0.25244878123141196	1.0000000000000003E-5
1.086309523809524	-0.8499999999999999	0	0	0	0	0	0	-7872.643803847238	0.2528374975879693	1.0000000000000003E-5
1.1011904761904763	-0.865	0	0	0	0	0	0	-7833.908157677109	0.25324234555558917	1.0E-5
0.9077380952380949	-0.6550000000000001	0	0	0	0	0	0	-8250.122848968897	0.24895419341809225	1.0E-5
0.9226190476190474	-0.6699999999999999	0	0	0	0	0	0	-8237.039728717264	0.24908691235643624	1.0000000000000003E-5
0.9374999999999998	-0.6850000000000002	0	0	0	0	0	0	-8220.843676507711	0.2492513954716269	1.0E-5
0.9523809523809521	-0.7	0	0	0	0	0	0	-8201.756316506084	0.2494455058640665	1.0E-5
0.9672619047619047	-0.7150000000000001	0	0	0	0	0	0	-8179.985153836895	0.24966725813352364	1.0E-5
0.9821428571428572	-0.73	0	0	0	0	0	0	-8155.723680072755	0.2499148138430285	1.0E-5
0.9970238095238096	-0.7450000000000002	0	0	0	0	0	0	-8129.151571988309	0.25018647676689765	1.0E-5
1.0119047619047619	-0.7600000000000002	0	0	0	0	0	0	-8100.434966461264	0.2504806880050507	9.999999999999999E-6
1.0267857142857144	-0.7750000000000001	0	0	0	0	0	0	-8069.726796788976	0.2507960210273628	1.0E-5
1.0416666666666665	-0.79	0	0	0	0	0	0	-8037.1671776758585	0.251131176698273	1.0E-5
1.056547619047619	-0.8050000000000002	0	0	0	0	0	0	-8002.8838278466355	0.25148497832168903	1.0E-5
1.0714285714285716	-0.8200000000000001	0	0	0	0	0	0	-7966.992520722361	0.25185636673840206	1.0E-5
1.086309523809524	-0.835	0	0	0	0	0	0	-7929.59755494143	0.2522443955016728	1.0E-5
1.1011904761904763	-0.8499999999999999	0	0	0	0	0	0	-7890.792237641119	0.2526482261520065	1.0E-5
1.1160714285714286	-0.865	0	0	0	0	0	0	-7850.659374767163	0.25306712360479583	1.0E-5
0.9226190476190474	-0.6550000000000002	0	0	0	0	0	0	-8297.268886873031	0.24847704145579455	9.999999999999999E-6
0.9374999999999998	-0.6699999999999999	0	0	0	0	0	0	-8280.782229015775	0.24864370066969277	1.0000000000000003E-5
0.9523809523809521	-0.685	0	0	0	0	0	0	-8261.40500079358	0.24883985162121275	1.0E-5
0.9672619047619044	-0.7000000000000001	0	0	0	0	0	0	-8239.347786236207	0.24906348901962758	1.0E-5
0.982142857142857	-0.7150000000000001	0	0	0	0	0	0	-8214.806989596296	0.24931275515390608	1.0E-5
0.9970238095238096	-0.7300000000000004	0	0	0	0	0	0	-8187.96506725807	0.24958593479817592	1.0000000000000003E-5
1.0119047619047619	-0.7450000000000001	0	0	0	0	0	0	-8158.990828740867	0.24988145006429052	9.999999999999999E-6
1.0267857142857144	-0.7600000000000002	0	0	0	0	0	0	-8128.039793127941	0.25019785525218374	1.0E-5
1.0416666666666665	-0.7750000000000001	0	0	0	0	0	0	-8095.254589197331	0.25053383173615407	1.0000000000000003E-5
1.0565476190476193	-0.79	0	0	0	0	0	0	-8060.76538913258	0.25088818291645154	1.0E-5
1.0714285714285716	-0.8050000000000002	0	0	0	0	0	0	-8024.690367046163	0.2512598292592883	1.0E-5
1.0863095238095237	-0.82	0	0	0	0	0	0	-7987.13617475905	0.25164780344342336	1.0E-5
1.1011904761904763	-0.8350000000000002	0	0	0	0	0	0	-7948.198428282522	0.2520512456283098	1.0E-5
1.1160714285714288	-0.8500000000000003	0	0	0	0	0	0	-7907.962199683035	0.2524693988527837	1.0E-5
0.9374999999999998	-0.6550000000000002	0	0	0	0	0	0	-8342.123231592186	0.24802469571259783	1.0E-5
0.9523809523809521	-0.6699999999999999	0	0	0	0	0	0	-8322.36543542776	0.24822375493310728	1.0E-5
0.9672619047619047	-0.6850000000000002	0	0	0	0	0	0	-8299.935933017794	0.2484501009655119	1.0E-5
0.9821428571428572	-0.7000000000000002	0	0	0	0	0	0	-8275.033595641396	0.24870186203967443	1.0E-5
0.9970238095238096	-0.7150000000000002	0	0	0	0	0	0	-8247.843227173591	0.24897730891648856	1.0000000000000003E-5
1.0119047619047619	-0.7300000000000003	0	0	0	0	0	0	-8218.535896114594	0.24927484944875006	1.0E-5
1.0267857142857144	-0.7450000000000001	0	0	0	0	0	0	-8187.269315391153	0.24959302322089122	9.999999999999999E-6
1.0416666666666665	-0.7600000000000006	0	0	0	0	0	0	-8154.188259600027	0.24993049629034997	1.0E-5
1.056547619047619	-0.7750000000000002	0	0	0	0	0	0	-8119.4250108103715	0.2502860560465365	1.0E-5
1.0714285714285716	-0.79	0	0	0	0	0	0	-8083.099825215788	0.25065860619919694	1.0000000000000003E-5
1.0863095238095237	-0.8050000000000002	0	0	0	0	0	0	-8045.321413953605	0.25104716190502896	1.0000000000000003E-5
1.1011904761904763	-0.8200000000000001	0	0	0	0	0	0	-8006.187432238009	0.2514508450401034	1.0E-5
1.1160714285714284	-0.835	0	0	0	0	0	0	-7965.784972033337	0.2518688796212958	1.0E-5
1.1309523809523807	-0.8500000000000003	0	0	0	0	0	0	-7924.1910532909	0.25230058738831573	1.0E-5
0.9523809523809521	-0.6550000000000001	0	0	0	0	0	0	-8384.727986017071	0.2475964903452156	1.0E-5
0.9672619047619049	-0.67	0	0	0	0	0	0	-8361.834759200578	0.24782640617838314	1.0E-5
0.9821428571428572	-0.685	0	0	0	0	0	0	-8336.48410100759	0.24808147871709305	9.999999999999999E-6
0.9970238095238096	-0.7000000000000003	0	0	0	0	0	0	-8308.862672697815	0.24835997020514572	1.0E-5
1.0119047619047619	-0.7150000000000002	0	0	0	0	0	0	-8279.143333998158	0.2486602794341479	1.0E-5
1.026785714285714	-0.7300000000000002	0	0	0	0	0	0	-8247.485549755553	0.24898093615567995	1.0000000000000003E-5
1.0416666666666665	-0.7450000000000001	0	0	0	0	0	0	-8214.035826268228	0.2493205956724005	1.0E-5
1.0565476190476193	-0.7600000000000005	0	0	0	0	0	0	-8178.928170032997	0.24967803360737129	1.0E-5
1.0714285714285716	-0.7750000000000001	0	0	0	0	0	0	-8142.284562569657	0.25005214084945243	1.0E-5
1.0863095238095235	-0.79	0	0	0	0	0	0	-8104.215445764155	0.25044191867226134	1.0E-5
1.1011904761904763	-0.8050000000000002	0	0	0	0	0	0	-8064.82021277442	0.25084647402521476	1.0000000000000003E-5
1.1160714285714284	-0.8200000000000001	0	0	0	0	0	0	-8024.187700422544	0.2512650149928641	1.0E-5
1.130952380952381	-0.835	0	0	0	0	0	0	-7982.396678621466	0.25169684642881984	1.0E-5
1.1458333333333335	-0.8500000000000003	0	0	0	0	0	0	-7939.516336605023	0.252141365732664	1.0000000000000003E-5
0.982142857142857	-0.6700000000000003	0	0	0	0	0	0	-8399.241576485572	0.2474509423835782	9.999999999999999E-6
0.9970238095238096	-0.685	0	0	0	0	0	0	-8371.102098236217	0.2477332854248232	1.0E-5
1.0119047619047619	-0.7000000000000002	0	0	0	0	0	0	-8340.888033781934	0.24803713136609992	1.0E-5
1.0267857142857144	-0.7150000000000001	0	0	0	0	0	0	-8308.760101676316	0.2483610054820895	1.0E-5
1.0416666666666665	-0.7300000000000002	0	0	0	0	0	0	-8274.86607449279	0.24870355730998786	1.0000000000000003E-5
1.056547619047619	-0.7450000000000002	0	0	0	0	0	0	-8239.34125115468	0.24906355533505575	1.0E-5
1.0714285714285716	-0.7600000000000002	0	0	0	0	0	0	-8202.308939659124	0.24943988190527513	1.0E-5
1.0863095238095237	-0.7750000000000001	0	0	0	0	0	0	-8163.880946053376	0.24983152835885075	1.0E-5
1.1011904761904763	-0.7899999999999999	0	0	0	0	0	0	-8124.1580658317	0.25023759035221876	1.0E-5
1.1160714285714284	-0.8050000000000002	0	0	0	0	0	0	-8083.230574547042	0.2506572633764125	9.999999999999999E-6
1.130952380952381	-0.82	0	0	0	0	0	0	-8041.178713840202	0.25108983846177957	1.0E-5
1.1458333333333335	-0.8350000000000002	0	0	0	0	0	0	-7998.073173139668	0.2515346980349682	1.0000000000000003E-5
1.1607142857142858	-0.8500000000000003	0	0	0	0	0	0	-7953.9755539698945	0.2519913120344997	1.0000000000000003E-5
0.9821428571428572	-0.6550000000000001	0	0	0	0	0	0	-8463.391756397552	0.2468095824848316	9.999999999999999E-6
0.9970238095238096	-0.6699999999999999	0	0	0	0	0	0	-8434.642439979789	0.2470966163764265	1.0000000000000003E-5
1.0119047619047616	-0.685	0	0	0	0	0	0	-8403.846759051114	0.24740479409162605	1.0E-5
1.0267857142857142	-0.7000000000000001	0	0	0	0	0	0	-8371.166124039604	0.2477326423089288	1.0E-5
1.0416666666666665	-0.7150000000000003	0	0	0	0	0	0	-8336.74905076936	0.24807881026025033	1.0000000000000003E-5
1.0565476190476193	-0.73	0	0	0	0	0	0	-8300.731646693555	0.24844206434226612	1.0E-5
1.0714285714285716	-0.7450000000000002	0	0	0	0	0	0	-8263.23810082448	0.24882128301691542	1.0E-5
1.086309523809524	-0.7600000000000002	0	0	0	0	0	0	-8224.381174977407	0.24921545196829334	1.0E-5
1.1011904761904763	-0.7750000000000001	0	0	0	0	0	0	-8184.262693881869	0.24962365949066154	9.999999999999999E-6
1.1160714285714284	-0.79	0	0	0	0	0	0	-8142.974032020196	0.2500450920855495	1.0000000000000003E-5
1.1309523809523807	-0.8050000000000004	0	0	0	0	0	0	-8100.596594195666	0.25047903026052754	1.0E-5
1.145833333333333	-0.8200000000000001	0	0	0	0	0	0	-8057.202290668052	0.2509248444883511	1.0E-5
1.1607142857142851	-0.8350000000000002	0	0	0	0	0	0	-8012.853994184812	0.25138199142878154	1.0E-5
1.175595238095238	-0.85	0	0	0	0	0	0	-7967.606018212844	0.25185000998431983	1.0E-5
1.0119047619047619	-0.6699999999999999	0	0	0	0	0	0	-8468.09829501099	0.2467626534462342	1.0E-5
1.0267857142857144	-0.685	0	0	0	0	0	0	-8434.778447447929	0.24709525696222281	1.0000000000000003E-5
1.0416666666666665	-0.7000000000000001	0	0	0	0	0	0	-8399.756177564326	0.24744578477385518	1.0000000000000003E-5
1.056547619047619	-0.7150000000000003	0	0	0	0	0	0	-8363.167859404188	0.24781300670046322	1.0E-5
1.0714285714285716	-0.7300000000000002	0	0	0	0	0	0	-8325.138065754312	0.24819580238180827	1.0000000000000003E-5
1.0863095238095237	-0.7450000000000002	0	0	0	0	0	0	-8285.780059687868	0.2485931564908129	1.0E-5
1.1011904761904763	-0.7600000000000002	0	0	0	0	0	0	-8245.196281002705	0.2490041542101514	1.0000000000000003E-5
1.1160714285714284	-0.7750000000000002	0	0	0	0	0	0	-8203.47882669862	0.2494279769391116	1.0E-5
1.1309523809523812	-0.79	0	0	0	0	0	0	-8160.709923455428	0.24986389821469016	9.999999999999999E-6
1.145833333333333	-0.8049999999999999	0	0	0	0	0	0	-8116.962393642236	0.25031127979962653	1.0E-5
1.1607142857142858	-0.8200000000000001	0	0	0	0	0	0	-8072.300102664121	0.2507695680350046	1.0E-5
1.1755952380952381	-0.835	0	0	0	0	0	0	-8026.778427329338	0.25123829002726084	1.0000000000000003E-5
1.1904761904761902	-0.85	0	0	0	0	0	0	-7980.444590472138	0.25171705124421656	1.0E-5
1.0119047619047619	-0.6550000000000002	0	0	0	0	0	0	-8533.723600629686	0.2461100918060979	1.0E-5
1.0267857142857144	-0.6700000000000003	0	0	0	0	0	0	-8499.673712061167	0.24644825858239147	9.999999999999999E-6
1.0416666666666665	-0.6849999999999999	0	0	0	0	0	0	-8463.960368926464	0.24680391191861856	1.0000000000000003E-5
1.056547619047619	-0.7000000000000001	0	0	0	0	0	0	-8426.719604820008	0.2471758310767446	1.0E-5
1.0714285714285716	-0.7150000000000001	0	0	0	0	0	0	-8388.075821386086	0.24756290238566747	9.999999999999999E-6
1.0863095238095237	-0.73	0	0	0	0	0	0	-8348.142277429683	0.24796411454303396	1.0E-5
1.1011904761904763	-0.7450000000000001	0	0	0	0	0	0	-8307.021568538712	0.24837855421558483	9.999999999999999E-6
1.1160714285714284	-0.7600000000000002	0	0	0	0	0	0	-8264.806097890632	0.24880540189102127	9.999999999999999E-6
1.1309523809523807	-0.7750000000000001	0	0	0	0	0	0	-8221.578537336934	0.24924392795546338	1.0000000000000003E-5
1.145833333333333	-0.79	0	0	0	0	0	0	-8177.412281104231	0.24969348894238555	9.999999999999999E-6
1.1607142857142858	-0.8050000000000002	0	0	0	0	0	0	-8132.371880484613	0.25015352404533975	1.0000000000000003E-5
1.175595238095238	-0.8200000000000001	0	0	0	0	0	0	-8086.513499583052	0.2506235514630457	1.0E-5
1.1904761904761907	-0.8350000000000004	0	0	0	0	0	0	-8039.885237390249	0.2511031661444432	1.0E-5
1.2053571428571426	-0.85	0	0	0	0	0	0	-7992.527894422719	0.25159203296980537	1.0E-5
1.0267857142857144	-0.6550000000000002	0	0	0	0	0	0	-8565.930500312694	0.24579105479481886	1.0E-5
1.0416666666666665	-0.6700000000000003	0	0	0	0	0	0	-8529.43614623106	0.24615262327223256	1.0E-5
1.056547619047619	-0.685	0	0	0	0	0	0	-8491.457913548886	0.2465299884342812	9.999999999999999E-6
1.0714285714285716	-0.7000000000000003	0	0	0	0	0	0	-8452.1194134438	0.2469220493008771	1.0E-5
1.0863095238095237	-0.7150000000000001	0	0	0	0	0	0	-8411.533338350057	0.2473278040582189	1.0E-5
1.1011904761904763	-0.73	0	0	0	0	0	0	-8369.801930685817	0.24774634582594948	9.999999999999999E-6
1.1160714285714284	-0.7450000000000002	0	0	0	0	0	0	-8327.017439802492	0.2481768586965971	1.0E-5
1.1309523809523805	-0.7600000000000002	0	0	0	0	0	0	-8283.262567566446	0.24861861401012048	1.0E-5
1.145833333333333	-0.7750000000000001	0	0	0	0	0	0	-8238.610905838661	0.24907096680180923	1.0E-5
1.1607142857142851	-0.7900000000000005	0	0	0	0	0	0	-8193.127354880487	0.24953335250989253	1.0000000000000003E-5
1.1755952380952381	-0.8049999999999999	0	0	0	0	0	0	-8146.8685631387125	0.2500052835103791	1.0E-5
1.1904761904761907	-0.8200000000000005	0	0	0	0	0	0	-8099.883233891427	0.25048634703790645	1.0E-5
1.2053571428571426	-0.8350000000000004	0	0	0	0	0	0	-8052.212877701012	0.25097619854937037	1.0E-5
1.220238095238095	-0.8499999999999996	0	0	0	0	0	0	-8003.890830391576	0.2514745729253995	1.0E-5
1.0416666666666665	-0.6550000000000001	0	0	0	0	0	0	-8596.259753226648	0.24549135069460767	1.0000000000000003E-5
1.056547619047619	-0.6700000000000002	0	0	0	0	0	0	-8557.455232507687	0.24587493180601802	1.0E-5
1.0714285714285718	-0.685	0	0	0	0	0	0	-8517.33803682907	0.24627271305109716	1.0000000000000003E-5
1.086309523809524	-0.7000000000000001	0	0	0	0	0	0	-8476.019667271828	0.2466837080353147	1.0E-5
1.1011904761904763	-0.7150000000000001	0	0	0	0	0	0	-8433.60144928929	0.24710702170439833	1.0E-5
1.1160714285714284	-0.7300000000000002	0	0	0	0	0	0	-8390.174970544726	0.2475418466225706	1.0E-5
1.1309523809523805	-0.7450000000000001	0	0	0	0	0	0	-8345.822505914985	0.24798745949269735	1.0000000000000003E-5
1.145833333333333	-0.7600000000000002	0	0	0	0	0	0	-8300.617433971536	0.24844321784816206	1.0E-5
1.1607142857142856	-0.7750000000000001	0	0	0	0	0	0	-8254.624634706724	0.24890855699628417	9.999999999999999E-6
1.175595238095238	-0.7899999999999999	0	0	0	0	0	0	-8207.900909336691	0.24938298678002374	1.0E-5
1.1904761904761902	-0.8050000000000003	0	0	0	0	0	0	-8160.4952680500655	0.24986608970620014	1.0E-5
1.2053571428571426	-0.8200000000000001	0	0	0	0	0	0	-8112.449664753483	0.2503575145241435	1.0E-5
1.220238095238095	-0.835	0	0	0	0	0	0	-8063.797996771653	0.2508569875647443	1.0E-5
1.2351190476190474	-0.85	0	0	0	0	0	0	-8014.571576829727	0.2513642575601204	1.0E-5
1.25	-0.8650000000000001	0	0	0	0	0	0	-7964.780215991529	0.25187929199944187	9.999999999999999E-6
1.056547619047619	-0.6550000000000001	0	0	0	0	0	0	-8624.785524158264	0.2452101161522314	1.0E-5
1.0714285714285716	-0.6699999999999999	0	0	0	0	0	0	-8583.802123982641	0.245614367051687	1.0E-5
1.0863095238095237	-0.685	0	0	0	0	0	0	-8541.668683605778	0.24603131435555625	9.999999999999999E-6
1.1011904761904763	-0.7	0	0	0	0	0	0	-8498.48498708474	0.24646008064761865	9.999999999999999E-6
1.1160714285714286	-0.7150000000000002	0	0	0	0	0	0	-8454.341399976884	0.2468998722082654	1.0E-5
1.130952380952381	-0.7300000000000002	0	0	0	0	0	0	-8409.319267530242	0.2473499758378755	1.0E-5
1.1458333333333335	-0.7450000000000001	0	0	0	0	0	0	-8363.491304365494	0.2478097558456877	1.0E-5
1.1607142857142851	-0.7600000000000002	0	0	0	0	0	0	-8316.921966231092	0.24827865127697046	1.0E-5
1.175595238095238	-0.7749999999999999	0	0	0	0	0	0	-8269.667845020766	0.24875617294483995	1.0E-5
1.1904761904761902	-0.7899999999999999	0	0	0	0	0	0	-8221.777933475954	0.24924190180275768	1.0E-5
1.2053571428571428	-0.8049999999999996	0	0	0	0	0	0	-8173.294338102824	0.2497354827754312	1.0E-5
1.220238095238095	-0.8199999999999998	0	0	0	0	0	0	-8124.251258716046	0.2502366362493641	1.0E-5
1.2351190476190474	-0.835	0	0	0	0	0	0	-8074.680446832845	0.2507451032845299	1.0E-5
1.25	-0.85	0	0	0	0	0	0	-8024.592237990192	0.25126084158685286	9.999999999999999E-6
1.086309523809524	-0.67	0	0	0	0	0	0	-8608.548878479636	0.24537011567598072	1.0E-5
1.1011904761904765	-0.685	0	0	0	0	0	0	-8564.518258537248	0.245805027442949	1.0000000000000003E-5
1.1160714285714288	-0.7000000000000001	0	0	0	0	0	0	-8519.58009561361	0.2462504490856594	1.0E-5
1.1309523809523805	-0.7150000000000002	0	0	0	0	0	0	-8473.814252843942	0.24670568258521988	1.0E-5
1.145833333333333	-0.7300000000000002	0	0	0	0	0	0	-8427.292287136312	0.24717010360365133	1.0000000000000003E-5
1.1607142857142856	-0.7450000000000001	0	0	0	0	0	0	-8380.077788613347	0.2476431590507715	1.0000000000000003E-5
1.1755952380952381	-0.7600000000000002	0	0	0	0	0	0	-8332.226745133672	0.2481243644363001	1.0E-5
1.1904761904761902	-0.7749999999999997	0	0	0	0	0	0	-8283.78777901996	0.24861330252951047	9.999999999999999E-6
1.2053571428571428	-0.7900000000000005	0	0	0	0	0	0	-8234.802833345682	0.24910961748481253	1.0E-5
1.220238095238095	-0.8049999999999999	0	0	0	0	0	0	-8185.306128895132	0.24961302650204686	1.0E-5
1.2351190476190474	-0.8200000000000001	0	0	0	0	0	0	-8135.329600450071	0.25012326551411346	1.0E-5
1.25	-0.8350000000000001	0	0	0	0	0	0	-8084.883894816025	0.25064028459424464	1.0000000000000003E-5
1.0863095238095233	-0.6550000000000001	0	0	0	0	0	0	-8676.729888042079	0.24469960940995714	1.0E-5
1.1011904761904765	-0.67	0	0	0	0	0	0	-8631.767897342144	0.24514137280222156	1.0E-5
1.1160714285714284	-0.6849999999999998	0	0	0	0	0	0	-8585.955145746557	0.24559309786639422	1.0E-5
1.1309523809523805	-0.7000000000000002	0	0	0	0	0	0	-8539.36940728479	0.24605410722112142	1.0E-5
1.145833333333333	-0.7150000000000001	0	0	0	0	0	0	-8492.080540581459	0.24652379277634498	1.0E-5
1.1607142857142858	-0.7300000000000002	0	0	0	0	0	0	-8444.150788409575	0.24700161370505241	1.0E-5
1.1755952380952381	-0.7450000000000002	0	0	0	0	0	0	-8395.635104952482	0.2474870941736881	1.0E-5
1.1904761904761907	-0.7600000000000002	0	0	0	0	0	0	-8346.581358735304	0.24797982233851062	1.0E-5
1.2053571428571428	-0.7749999999999997	0	0	0	0	0	0	-8297.030986706404	0.2484794448140522	1.0E-5
1.2202380952380953	-0.79	0	0	0	0	0	0	-8247.017925565358	0.24898567852614928	1.0000000000000003E-5
1.2351190476190474	-0.8050000000000004	0	0	0	0	0	0	-8196.57401675276	0.249498256964262	1.0E-5
1.25	-0.8200000000000001	0	0	0	0	0	0	-8145.709986441986	0.25001712484330535	1.0E-5
1.1160714285714284	-0.67	0	0	0	0	0	0	-8653.531418852719	0.24492734610422537	1.0000000000000003E-5
1.1309523809523805	-0.685	0	0	0	0	0	0	-8606.047277965938	0.24539478508605803	1.0E-5
1.1458333333333333	-0.7000000000000001	0	0	0	0	0	0	-8557.916665769128	0.24587036371899482	1.0000000000000003E-5
1.1607142857142851	-0.7150000000000002	0	0	0	0	0	0	-8509.199952411753	0.246353558125007	9.999999999999999E-6
1.175595238095238	-0.7300000000000003	0	0	0	0	0	0	-8459.950591320532	0.24684390533210596	1.0E-5
1.1904761904761907	-0.7450000000000001	0	0	0	0	0	0	-8410.215281483848	0.24734100266445486	1.0000000000000003E-5
1.2053571428571428	-0.7600000000000002	0	0	0	0	0	0	-8360.034582874856	0.24784450260828034	1.0E-5
1.2202380952380953	-0.7749999999999999	0	0	0	0	0	0	-8309.441818395564	0.24835412488586647	1.0E-5
1.2351190476190474	-0.79	0	0	0	0	0	0	-8258.468437641992	0.2488696033664411	1.0E-5
1.25	-0.805	0	0	0	0	0	0	-8207.124995005377	0.24939087980423746	1.0E-5
1.1160714285714286	-0.6550000000000001	0	0	0	0	0	0	-8722.374618259542	0.24425272834191866	1.0E-5
1.1309523809523807	-0.6700000000000003	0	0	0	0	0	0	-8673.911066442119	0.24472725935510867	9.999999999999999E-6
1.145833333333333	-0.685	0	0	0	0	0	0	-8624.861757983219	0.24520936540668686	1.0E-5
1.1607142857142858	-0.7000000000000001	0	0	0	0	0	0	-8575.284618097407	0.2456985445565495	1.0000000000000003E-5
1.1755952380952381	-0.715	0	0	0	0	0	0	-8525.23109221085	0.24619435115536717	1.0E-5
1.1904761904761907	-0.7300000000000004	0	0	0	0	0	0	-8474.74625956661	0.24669639569391794	1.0E-5
1.2053571428571428	-0.7450000000000003	0	0	0	0	0	0	-8423.869402537986	0.24720434012810916	1.0E-5
1.2202380952380953	-0.7600000000000002	0	0	0	0	0	0	-8372.632874639548	0.24771791020794315	1.0E-5
1.2351190476190474	-0.7749999999999997	0	0	0	0	0	0	-8321.067412327313	0.24823684314635483	1.0E-5
1.25	-0.79	0	0	0	0	0	0	-8269.183127192284	0.248761080257441	1.0E-5
1.145833333333333	-0.6699999999999998	0	0	0	0	0	0	-8692.97745415685	0.2445403554236506	1.0E-5
1.1607142857142856	-0.6850000000000002	0	0	0	0	0	0	-8642.4645209207	0.24503613452941128	9.999999999999999E-6
1.1755952380952381	-0.7000000000000004	0	0	0	0	0	0	-8591.534763928768	0.24553799481983696	9.999999999999999E-6
1.1904761904761907	-0.7150000000000002	0	0	0	0	0	0	-8540.231155742711	0.24604556417699677	1.0E-5
1.2053571428571428	-0.7300000000000001	0	0	0	0	0	0	-8488.591269009197	0.2465585178161834	1.0E-5
1.2202380952380953	-0.7450000000000001	0	0	0	0	0	0	-8436.646105085525	0.24707659091024278	1.0E-5
1.2351190476190474	-0.76	0	0	0	0	0	0	-8384.425342240054	0.24759952712165365	1.0E-5
1.25	-0.775	0	0	0	0	0	0	-8331.938357700825	0.24812726996756482	1.0E-5
1.145833333333333	-0.6550000000000001	0	0	0	0	0	0	-8762.325975351405	0.2438629000305185	1.0E-5
1.1607142857142854	-0.67	0	0	0	0	0	0	-8710.79983762396	0.244365898847171	9.999999999999999E-6
1.1755952380952381	-0.6850000000000003	0	0	0	0	0	0	-8658.92007522663	0.2448744093552981	1.0E-5
1.1904761904761907	-0.7000000000000003	0	0	0	0	0	0	-8606.72702798048	0.2453880812869951	1.0E-5
1.2053571428571428	-0.7150000000000003	0	0	0	0	0	0	-8554.256093350969	0.24590660710350726	1.0E-5
1.2202380952380953	-0.7300000000000002	0	0	0	0	0	0	-8501.536509213027	0.2464297349623753	1.0000000000000003E-5
1.2351190476190474	-0.7450000000000002	0	0	0	0	0	0	-8448.596525833536	0.24695721822436414	1.0E-5
1.25	-0.7600000000000002	0	0	0	0	0	0	-8395.444473246778	0.2474890053751807	1.0000000000000003E-5
1.1607142857142851	-0.6550000000000002	0	0	0	0	0	0	-8780.351224686567	0.24368741765111349	9.999999999999999E-6
1.1755952380952381	-0.6700000000000002	0	0	0	0	0	0	-8727.445847562109	0.24420317762896465	9.999999999999999E-6
1.1904761904761907	-0.685	0	0	0	0	0	0	-8674.291171259212	0.24472353053371843	1.0000000000000003E-5
1.2053571428571428	-0.7000000000000002	0	0	0	0	0	0	-8620.919917372958	0.24524819026075773	1.0E-5
1.2202380952380953	-0.7150000000000001	0	0	0	0	0	0	-8567.359118984763	0.24577692168338408	9.999999999999999E-6
1.2351190476190474	-0.73	0	0	0	0	0	0	-8513.63520272737	0.24630949125296475	1.0E-5
1.25	-0.7450000000000001	0	0	0	0	0	0	-8459.755116585788	0.2468458553110357	1.0E-5
1.1904761904761907	-0.6699999999999999	0	0	0	0	0	0	-8742.981155708425	0.24405150573591955	1.0E-5
1.2053571428571428	-0.6849999999999999	0	0	0	0	0	0	-8688.638953870524	0.24458286029967666	1.0E-5
1.2202380952380953	-0.7	0	0	0	0	0	0	-8634.169040694294	0.2451177415813132	1.0E-5
1.2351190476190474	-0.7150000000000002	0	0	0	0	0	0	-8579.595596655001	0.24565593265879426	1.0E-5
1.25	-0.7300000000000001	0	0	0	0	0	0	-8524.92383003494	0.24619740073755703	9.999999999999999E-6
1.1904761904761907	-0.6550000000000002	0	0	0	0	0	0	-8812.85486033498	0.24337161105840674	1.0E-5
1.2053571428571428	-0.67	0	0	0	0	0	0	-8757.469623446848	0.24391022092953388	1.0E-5
1.2202380952380953	-0.685	0	0	0	0	0	0	-8702.021494280723	0.2444517962393046	1.0E-5
1.2351190476190474	-0.7000000000000001	0	0	0	0	0	0	-8646.531956673156	0.24499614037125686	1.0E-5
1.25	-0.7150000000000001	0	0	0	0	0	0	-8591.004097983481	0.2455432345220111	1.0000000000000003E-5
1.2053571428571426	-0.6550000000000001	0	0	0	0	0	0	-8827.46858723615	0.24322988657355038	1.0000000000000003E-5
1.2202380952380953	-0.6700000000000002	0	0	0	0	0	0	-8770.971849508423	0.243778698252715	1.0E-5
1.2351190476190474	-0.6850000000000002	0	0	0	0	0	0	-8714.498596088666	0.24432972366607558	9.999999999999999E-6
1.25	-0.7000000000000002	0	0	0	0	0	0	-8658.049387886787	0.24488296124546607	1.0E-5
1.2202380952380953	-0.6550000000000001	0	0	0	0	0	0	-8841.075658394051	0.24309807122157703	1.0000000000000003E-5
1.2351190476190474	-0.6700000000000002	0	0	0	0	0	0	-8783.549928552919	0.2436563030806311	1.0000000000000003E-5
1.25	-0.685	0	0	0	0	0	0	-8726.11318924102	0.24421619705145067	9.999999999999999E-6
1.2351190476190474	-0.6550000000000002	0	0	0	0	0	0	-8853.740500766635	0.24297551038021387	1.0E-5
1.25	-0.6700000000000002	0	0	0	0	0	0	-8795.249050036431	0.24354256953795753	1.0E-5
0	-0.655	0	0	0	0	0	0	-4377.1438053500115	0.29383783703351185	1.0E-5
0	-0.6400000000000001	0	0	0	0	0	0	-4305.600916480279	0.2947512851032206	1.0E-5
0.014880952380952439	-0.64	0	0	0	0	0	0	-4308.25914928786	0.2947173206370082	1.0E-5
0	-0.6250000000000002	0	0	0	0	0	0	-4231.849962487696	0.2956943014766579	1.0E-5
0.014880952380952439	-0.6250000000000002	0	0	0	0	0	0	-4234.603608702659	0.2956590690233995	1.0E-5
0.02976190476190481	-0.6400000000000002	0	0	0	0	0	0	-4314.456672789199	0.29463814146198747	1.0E-5
0.04464285714285717	-0.655	0	0	0	0	0	0	-4395.4244577213085	0.29360466361173376	1.000000000000001E-5
0	-0.6100000000000001	0	0	0	0	0	0	-4155.876137233231	0.29666700539287905	1.0E-5
0.014880952380952432	-0.6100000000000001	0	0	0	0	0	0	-4158.728969027382	0.29663045944764793	1.0000000000000003E-5
0.029761904761904802	-0.6250000000000002	0	0	0	0	0	0	-4241.023508336208	0.29557693407562574	1.0E-5
0.04464285714285718	-0.6400000000000001	0	0	0	0	0	0	-4324.535785210348	0.2945093928321732	1.0E-5
0	-0.5950000000000002	0	0	0	0	0	0	-4077.662570113963	0.2976695015839816	1.0E-5
0.014880952380952432	-0.5950000000000002	0	0	0	0	0	0	-4080.6186331632634	0.29763159472712936	1.0E-5
0.02976190476190481	-0.61	0	0	0	0	0	0	-4165.380021290559	0.2965452626747682	1.0E-5
0.04464285714285718	-0.6250000000000002	0	0	0	0	0	0	-4251.464091869848	0.29544337933690634	9.999999999999992E-6
0.05952380952380954	-0.6399999999999999	0	0	0	0	0	0	-4338.527826220069	0.29433070608424305	1.0E-5
0	-0.5800000000000002	0	0	0	0	0	0	-3997.1900923514168	0.2987018768705682	1.0E-5
0.014880952380952425	-0.5800000000000003	0	0	0	0	0	0	-4000.2537386681283	0.29866255966906263	9.999999999999992E-6
0.02976190476190479	-0.5950000000000002	0	0	0	0	0	0	-4087.510248573229	0.29754322561924146	1.0E-5
0.04464285714285715	-0.6100000000000002	0	0	0	0	0	0	-4176.1963008080975	0.29640672940469315	9.999999999999999E-6
0.05952380952380954	-0.6250000000000002	0	0	0	0	0	0	-4265.957600891012	0.2952580221122219	1.0E-5
0.07440476190476189	-0.6399999999999999	0	0	0	0	0	0	-4356.423027354558	0.294102251457544	9.999999999999999E-6
0	-0.5650000000000002	0	0	0	0	0	0	-3914.4369733450553	0.2997641962317704	1.0E-5
0.014880952380952418	-0.5650000000000003	0	0	0	0	0	0	-3917.6128993985885	0.2997234171323385	1.0E-5
0.02976190476190479	-0.5800000000000003	0	0	0	0	0	0	-4007.3960374640965	0.2985709030313036	9.999999999999999E-6
0.044642857142857165	-0.5950000000000002	0	0	0	0	0	0	-4098.717469965015	0.29739953415691517	9.999999999999992E-6
0.059523809523809534	-0.6100000000000002	0	0	0	0	0	0	-4191.210932025774	0.29621446238793014	1.0E-5
0.07440476190476189	-0.6250000000000002	0	0	0	0	0	0	-4284.4936252139805	0.29502103858424333	1.0E-5
0.0892857142857143	-0.6400000000000002	0	0	0	0	0	0	-4378.195092292636	0.29382442501134487	1.0E-5
0	-0.5500000000000002	0	0	0	0	0	0	-3829.3786216610833	0.3008564982652733	1.0E-5
0.014880952380952415	-0.5500000000000003	0	0	0	0	0	0	-3832.6719129979447	0.3008142034761544	9.999999999999992E-6
0.029761904761904795	-0.5650000000000002	0	0	0	0	0	0	-3925.016799328306	0.2996283528396402	1.0E-5
0.044642857142857165	-0.5800000000000003	0	0	0	0	0	0	-4019.010588384933	0.2984218661138801	1.0E-5
0.05952380952380952	-0.5950000000000001	0	0	0	0	0	0	-4114.274275377555	0.2972001079965842	1.0000000000000003E-5
0.07440476190476189	-0.61	0	0	0	0	0	0	-4210.412765250045	0.29596864392703653	1.0E-5
0.0892857142857143	-0.6250000000000001	0	0	0	0	0	0	-4307.0445757212765	0.2947328391204342	1.0E-5
0.10416666666666666	-0.6400000000000002	0	0	0	0	0	0	-4403.806944685632	0.2934977763361559	1.0000000000000003E-5
0	-0.5350000000000001	0	0	0	0	0	0	-3741.9872435945385	0.3019787899423483	1.0E-5
0.014880952380952417	-0.5350000000000001	0	0	0	0	0	0	-3745.403427534089	0.30193492329877714	1.0000000000000003E-5
0.02976190476190479	-0.5500000000000003	0	0	0	0	0	0	-3840.3492319250213	0.30071560620329846	1.0E-5
0.04464285714285716	-0.5650000000000002	0	0	0	0	0	0	-3937.056348901255	0.29947377521324503	1.0E-5
0.059523809523809534	-0.5800000000000003	0	0	0	0	0	0	-4035.1321808443845	0.2982150209282831	1.0E-5
0.07440476190476192	-0.5950000000000001	0	0	0	0	0	0	-4134.168659270003	0.29694513574751746	1.0E-5
0.08928571428571432	-0.6100000000000001	0	0	0	0	0	0	-4233.772780100783	0.2956696991609487	1.000000000000001E-5
0.10416666666666666	-0.6250000000000002	0	0	0	0	0	0	-4333.571651929323	0.29439399336895117	1.0E-5
0.11904761904761904	-0.6400000000000001	0	0	0	0	0	0	-4433.2127263132015	0.2931229842802187	9.999999999999992E-6
0	-0.5200000000000001	0	0	0	0	0	0	-3652.2314500387356	0.3031310405520511	1.0E-5
0.014880952380952408	-0.5200000000000002	0	0	0	0	0	0	-3655.776558518949	0.3030855433581286	1.0000000000000011E-5
0.02976190476190478	-0.535	0	0	0	0	0	0	-3753.367004423878	0.30183266221520905	1.0E-5
0.04464285714285715	-0.5500000000000003	0	0	0	0	0	0	-3852.8328936136063	0.30055528419882155	1.0000000000000003E-5
0.059523809523809534	-0.5650000000000001	0	0	0	0	0	0	-3953.7670901394167	0.2992592400671574	1.0000000000000003E-5
0.07440476190476192	-0.5800000000000003	0	0	0	0	0	0	-4055.7478144358392	0.2979505625950527	1.0E-5
0.0892857142857143	-0.5950000000000002	0	0	0	0	0	0	-4158.370008059528	0.2966350578013378	1.0E-5
0.10416666666666663	-0.61	0	0	0	0	0	0	-4261.250284825701	0.29531821845644696	1.0E-5
0.11904761904761904	-0.6250000000000002	0	0	0	0	0	0	-4364.026927022717	0.2940052051746047	9.999999999999992E-6
0.1339285714285714	-0.6400000000000001	0	0	0	0	0	0	-4466.358702150371	0.29270084667206675	1.0E-5
0	-0.5050000000000001	0	0	0	0	0	0	-3560.0757994260002	0.3043131747175158	1.0E-5
0.014880952380952406	-0.5050000000000001	0	0	0	0	0	0	-3563.756444753154	0.30426598555357004	1.0E-5
0.02976190476190478	-0.5200000000000001	0	0	0	0	0	0	-3664.0403974734095	0.3029794817716109	9.999999999999992E-6
0.04464285714285715	-0.535	0	0	0	0	0	0	-3766.315527524841	0.3016663832741495	1.0E-5
0.05952380952380954	-0.5500000000000003	0	0	0	0	0	0	-3870.1591126397147	0.30033277654063195	1.0E-5
0.07440476190476189	-0.5650000000000002	0	0	0	0	0	0	-3975.1348607940213	0.2989849492677346	1.0E-5
0.08928571428571429	-0.5800000000000001	0	0	0	0	0	0	-4080.8250920524847	0.29762894726463107	9.999999999999992E-6
0.10416666666666666	-0.5950000000000002	0	0	0	0	0	0	-4186.835544826343	0.2962704859242938	1.0E-5
0.11904761904761904	-0.6100000000000002	0	0	0	0	0	0	-4292.795095252278	0.2949149314916994	9.999999999999992E-6
0.1339285714285714	-0.6250000000000002	0	0	0	0	0	0	-4398.35430133906	0.2935673020261788	1.0E-5
0.14880952380952386	-0.6399999999999999	0	0	0	0	0	0	-4503.18376824686	0.2922322750653392	1.0E-5
0	-0.4900000000000002	0	0	0	0	0	0	-3465.4802603783714	0.3055250643572475	1.0E-5
0.014880952380952401	-0.4900000000000002	0	0	0	0	0	0	-3469.3037275738766	0.30547611883664455	1.000000000000001E-5
0.02976190476190478	-0.5050000000000001	0	0	0	0	0	0	-3572.335888283078	0.30415598047898035	1.0E-5
0.04464285714285716	-0.5200000000000001	0	0	0	0	0	0	-3677.4763943594066	0.30280702389942543	1.000000000000001E-5
0.05952380952380952	-0.5350000000000001	0	0	0	0	0	0	-3784.2857763288143	0.3014356083172105	1.0000000000000003E-5
0.0744047619047619	-0.5500000000000003	0	0	0	0	0	0	-3892.3123631600256	0.30004829212484374	1.000000000000001E-5
0.08928571428571432	-0.5650000000000002	0	0	0	0	0	0	-4001.1252553189292	0.2986513752669676	1.0E-5
0.10416666666666663	-0.5800000000000002	0	0	0	0	0	0	-4110.318925646209	0.2972508088082155	1.0E-5
0.11904761904761904	-0.5950000000000002	0	0	0	0	0	0	-4219.512610504002	0.29585217648421136	1.0E-5
0.13392857142857145	-0.6100000000000001	0	0	0	0	0	0	-4328.348542248946	0.29446069642874106	1.0E-5
0.14880952380952386	-0.6250000000000002	0	0	0	0	0	0	-4436.490044361052	0.29308122972440653	1.0E-5
0.16369047619047622	-0.6400000000000001	0	0	0	0	0	0	-4543.619792047661	0.29171829148695766	1.0E-5
0	-0.4750000000000002	0	0	0	0	0	0	-3368.3995723296366	0.3067665194518193	1.0E-5
0.014880952380952401	-0.4750000000000002	0	0	0	0	0	0	-3372.373933058877	0.3067157499040054	1.0E-5
0.029761904761904774	-0.49000000000000044	0	0	0	0	0	0	-3478.2156673906316	0.30536202045496186	1.0000000000000003E-5
0.044642857142857144	-0.5050000000000001	0	0	0	0	0	0	-3586.2841068051885	0.30397711159217294	1.0E-5
0.05952380952380954	-0.5200000000000002	0	0	0	0	0	0	-3696.121749933186	0.30256767392253264	1.0E-5
0.07440476190476192	-0.535	0	0	0	0	0	0	-3807.2606159824836	0.3011405536335847	9.999999999999999E-6
0.08928571428571432	-0.5500000000000002	0	0	0	0	0	0	-3919.255963741919	0.29970232030308563	1.0E-5
0.10416666666666666	-0.5650000000000002	0	0	0	0	0	0	-4031.6906098861136	0.2982591747796925	1.0000000000000003E-5
0.11904761904761904	-0.5800000000000003	0	0	0	0	0	0	-4144.173929601389	0.29681693116029917	9.999999999999994E-6
0.13392857142857142	-0.5950000000000002	0	0	0	0	0	0	-4256.339731997975	0.2953810193482234	1.0E-5
0.14880952380952386	-0.61	0	0	0	0	0	0	-4367.844052656922	0.2939564945154692	1.0E-5
0.1636904761904762	-0.6250000000000002	0	0	0	0	0	0	-4478.363162373955	0.29254804913566357	9.999999999999999E-6
0.17857142857142855	-0.6400000000000003	0	0	0	0	0	0	-4587.591873296225	0.29116002597848784	1.0000000000000003E-5
0	-0.46000000000000024	0	0	0	0	0	0	-3268.7824738264885	0.30803727747896975	1.0E-5
0.014880952380952397	-0.46000000000000013	0	0	0	0	0	0	-3272.9167287358246	0.30798461252489095	9.999999999999999E-6
0.029761904761904774	-0.4750000000000002	0	0	0	0	0	0	-3381.637069545396	0.30659740086075354	1.0E-5
0.044642857142857144	-0.49000000000000016	0	0	0	0	0	0	-3492.7033209849124	0.3051764975718909	1.0000000000000003E-5
0.059523809523809534	-0.5050000000000001	0	0	0	0	0	0	-3605.638531304665	0.3037288651212293	1.0E-5
0.07440476190476192	-0.5200000000000001	0	0	0	0	0	0	-3719.957419562997	0.30226165601142907	1.0E-5
0.08928571428571432	-0.535	0	0	0	0	0	0	-3835.2007689528805	0.3007817261573114	1.000000000000001E-5
0.10416666666666666	-0.5500000000000002	0	0	0	0	0	0	-3950.939363066901	0.29929554142017584	1.0E-5
0.11904761904761901	-0.5650000000000002	0	0	0	0	0	0	-4066.7725199659176	0.2978091602082213	1.0E-5
0.13392857142857145	-0.5800000000000003	0	0	0	0	0	0	-4182.325557609155	0.2963282369405816	1.0E-5
0.14880952380952386	-0.5950000000000002	0	0	0	0	0	0	-4297.247247847333	0.29485803243109676	9.999999999999992E-6
0.16369047619047628	-0.6100000000000001	0	0	0	0	0	0	-4411.207548511769	0.2934034268618144	1.0000000000000003E-5
0.17857142857142855	-0.6250000000000002	0	0	0	0	0	0	-4523.89568250623	0.2919689337714778	1.0000000000000003E-5
0.193452380952381	-0.6399999999999999	0	0	0	0	0	0	-4635.01856313052	0.2905587143703895	1.0E-5
0	-0.4450000000000002	0	0	0	0	0	0	-3166.57076089991	0.30933699133099923	1.0000000000000003E-5
0.014880952380952387	-0.4450000000000003	0	0	0	0	0	0	-3170.8750195420057	0.3092823553051143	1.0E-5
0.029761904761904774	-0.4600000000000002	0	0	0	0	0	0	-3282.551894344763	0.3078618469940116	1.0E-5
0.04464285714285714	-0.4750000000000002	0	0	0	0	0	0	-3396.694241885799	0.30640496906326076	1.000000000000001E-5
0.05952380952380952	-0.4900000000000002	0	0	0	0	0	0	-3512.8040956958193	0.3049190183860789	1.0E-5
0.0744047619047619	-0.5050000000000001	0	0	0	0	0	0	-3630.377835734637	0.30341147379923106	1.0E-5
0.0892857142857143	-0.5200000000000001	0	0	0	0	0	0	-3748.9411433177024	0.3018894954949067	1.0E-5
0.10416666666666666	-0.535	0	0	0	0	0	0	-3868.0524270053747	0.30035983072049244	1.0E-5
0.11904761904761904	-0.5500000000000002	0	0	0	0	0	0	-3987.3007964235508	0.2988287972786277	9.99999999999999E-6
0.1339285714285714	-0.5650000000000002	0	0	0	0	0	0	-4106.303055858857	0.29730228798486147	9.999999999999999E-6
0.14880952380952386	-0.5800000000000003	0	0	0	0	0	0	-4224.700780044683	0.2957857819621704	1.0E-5
0.16369047619047628	-0.5950000000000002	0	0	0	0	0	0	-4342.157744012334	0.2942843585139944	1.0E-5
0.17857142857142855	-0.6100000000000002	0	0	0	0	0	0	-4458.357757833244	0.292802712078049	1.0000000000000003E-5
0.193452380952381	-0.6250000000000002	0	0	0	0	0	0	-4573.002891667414	0.2913451676071577	1.0E-5
0.20833333333333331	-0.6399999999999999	0	0	0	0	0	0	-4685.812058788924	0.28991569599413997	1.0E-5
0.02976190476190476	-0.4450000000000002	0	0	0	0	0	0	-3180.905586739353	0.30915499771620897	1.0E-5
0.044642857142857144	-0.4600000000000003	0	0	0	0	0	0	-3298.212041482638	0.3076622380529727	1.0E-5
0.05952380952380954	-0.4750000000000002	0	0	0	0	0	0	-3417.58249589987	0.30613790494261056	1.0E-5
0.0744047619047619	-0.4900000000000003	0	0	0	0	0	0	-3538.4939207799057	0.30458982516853084	9.999999999999999E-6
0.08928571428571427	-0.5050000000000001	0	0	0	0	0	0	-3660.4563078997508	0.30302548235928506	9.999999999999992E-6
0.10416666666666667	-0.5200000000000001	0	0	0	0	0	0	-3783.0154152186956	0.3014519226570926	1.0E-5
0.11904761904761901	-0.535	0	0	0	0	0	0	-3905.750064812271	0.299875739502261	1.0E-5
0.1339285714285714	-0.5500000000000002	0	0	0	0	0	0	-4028.268592109812	0.29830307919364696	1.0E-5
0.14880952380952384	-0.5650000000000002	0	0	0	0	0	0	-4150.205500265845	0.29673965305431405	1.0E-5
0.16369047619047622	-0.5800000000000003	0	0	0	0	0	0	-4271.218562254691	0.2951907521166641	1.0000000000000003E-5
0.17857142857142855	-0.5950000000000001	0	0	0	0	0	0	-4390.986395589848	0.2936612629669011	1.0E-5
0.19345238095238088	-0.6100000000000001	0	0	0	0	0	0	-4509.206476372313	0.29215568416012627	1.0E-5
0.20833333333333331	-0.6250000000000002	0	0	0	0	0	0	-4625.593548126414	0.2906781428273892	1.0E-5
0.22321428571428567	-0.6400000000000003	0	0	0	0	0	0	-4739.878382658966	0.2892324111580959	1.0E-5
0.04464285714285712	-0.4450000000000001	0	0	0	0	0	0	-3197.20616769044	0.3089479282328169	1.0E-5
0.05952380952380954	-0.46000000000000013	0	0	0	0	0	0	-3319.933403390003	0.307385219144715	1.0E-5
0.0744047619047619	-0.4750000000000004	0	0	0	0	0	0	-3444.2744331576555	0.3057964617255636	1.0E-5
0.08928571428571427	-0.4900000000000003	0	0	0	0	0	0	-3569.7230551813245	0.3041894833642175	1.0E-5
0.10416666666666666	-0.5050000000000001	0	0	0	0	0	0	-3695.8122141163267	0.30257164766558875	1.0000000000000003E-5
0.119047619047619	-0.52	0	0	0	0	0	0	-3822.11047676489	0.30094984109570566	1.000000000000001E-5
0.1339285714285714	-0.5350000000000001	0	0	0	0	0	0	-3948.2178524207957	0.29933047978049654	9.999999999999999E-6
0.1488095238095238	-0.5500000000000002	0	0	0	0	0	0	-4073.7619795433015	0.29771952246405203	1.0000000000000003E-5
0.1636904761904762	-0.5650000000000002	0	0	0	0	0	0	-4198.39487613157	0.2961224858529559	1.0E-5
0.17857142857142855	-0.5800000000000003	0	0	0	0	0	0	-4321.790242016603	0.2945444612118222	1.0E-5
0.193452380952381	-0.5950000000000001	0	0	0	0	0	0	-4443.641254686871	0.29299013172886085	1.0E-5
0.20833333333333326	-0.61	0	0	0	0	0	0	-4563.658798384244	0.29146379029075137	1.0E-5
0.22321428571428567	-0.6250000000000002	0	0	0	0	0	0	-4681.570074618372	0.2899693573117968	9.999999999999999E-6
0.23809523809523808	-0.6400000000000001	0	0	0	0	0	0	-4797.117550525572	0.2885103982746179	1.0000000000000003E-5
0.25297619047619047	-0.655	0	0	0	0	0	0	-4910.058206978351	0.2870901406845377	1.0E-5
0.05952380952380952	-0.4450000000000002	0	0	0	0	0	0	-3219.8115783723083	0.30866056486494775	1.0E-5
0.07440476190476192	-0.4600000000000003	0	0	0	0	0	0	-3347.6845130039737	0.307031056529024	1.0E-5
0.08928571428571427	-0.4750000000000004	0	0	0	0	0	0	-3476.7155694615008	0.30538122732320416	1.0E-5
0.10416666666666667	-0.49000000000000016	0	0	0	0	0	0	-3606.424895251217	0.30371877779290246	1.0E-5
0.11904761904761908	-0.5050000000000001	0	0	0	0	0	0	-3736.3710015545057	0.30205090587644395	1.000000000000001E-5
0.13392857142857142	-0.52	0	0	0	0	0	0	-3866.145854536237	0.3003843151425508	1.0E-5
0.14880952380952384	-0.535	0	0	0	0	0	0	-3995.370546603541	0.29872522840435245	1.0E-5
0.16369047619047622	-0.5500000000000002	0	0	0	0	0	0	-4123.69167506576	0.29707940347841466	1.0E-5
0.17857142857142855	-0.5650000000000002	0	0	0	0	0	0	-4250.778365386221	0.29545215030017785	1.0000000000000003E-5
0.193452380952381	-0.5800000000000003	0	0	0	0	0	0	-4376.319847206491	0.2938483490824485	1.0E-5
0.20833333333333331	-0.5950000000000002	0	0	0	0	0	0	-4500.023502860625	0.29227246919307087	1.0E-5
0.22321428571428575	-0.6099999999999999	0	0	0	0	0	0	-4621.613325509109	0.2907285883542199	1.0E-5
0.23809523809523808	-0.6250000000000002	0	0	0	0	0	0	-4740.828737975815	0.2892204117376265	1.0000000000000003E-5
0.25297619047619047	-0.64	0	0	0	0	0	0	-4857.4237321512055	0.2877512905618704	1.0E-5
0.2678571428571429	-0.655	0	0	0	0	0	0	-4971.166293121732	0.28632423987510214	9.999999999999999E-6
0.07440476190476192	-0.4450000000000002	0	0	0	0	0	0	-3248.685331616837	0.308293189957503	1.0E-5
0.08928571428571425	-0.4600000000000003	0	0	0	0	0	0	-3381.4052492632895	0.3066003630022598	9.999999999999999E-6
0.10416666666666667	-0.4750000000000003	0	0	0	0	0	0	-3514.83364611626	0.3048930162589918	1.0E-5
0.11904761904761901	-0.49000000000000016	0	0	0	0	0	0	-3648.519422971877	0.3031786784690593	1.0E-5
0.13392857142857142	-0.5050000000000001	0	0	0	0	0	0	-3782.046985114179	0.3014643594867572	1.0E-5
0.14880952380952384	-0.5200000000000001	0	0	0	0	0	0	-3915.031350454345	0.2997565643476159	1.0E-5
0.16369047619047616	-0.535	0	0	0	0	0	0	-4047.114144646141	0.29806130906547634	9.999999999999999E-6
0.17857142857142855	-0.5500000000000002	0	0	0	0	0	0	-4177.960348299955	0.29638413790776663	1.0000000000000003E-5
0.19345238095238088	-0.5650000000000002	0	0	0	0	0	0	-4307.255660401596	0.2947301420855127	1.0E-5
0.20833333333333326	-0.5800000000000003	0	0	0	0	0	0	-4434.704372462974	0.2931039795967144	1.0000000000000003E-5
0.2232142857142857	-0.5950000000000002	0	0	0	0	0	0	-4560.027677468596	0.2915098957772227	1.0E-5
0.23809523809523808	-0.6100000000000001	0	0	0	0	0	0	-4682.9623589676885	0.28995174402973606	1.0000000000000003E-5
0.25297619047619047	-0.6250000000000002	0	0	0	0	0	0	-4803.259818590722	0.2884330062146029	1.0E-5
0.2678571428571429	-0.6399999999999999	0	0	0	0	0	0	-4920.685406600223	0.28695681226795366	1.0E-5
0.07440476190476192	-0.43000000000000027	0	0	0	0	0	0	-3147.233703810032	0.3095823330501045	1.0E-5
0.08928571428571425	-0.4450000000000002	0	0	0	0	0	0	-3283.760539537981	0.30784644459435745	1.0E-5
0.10416666666666666	-0.4600000000000003	0	0	0	0	0	0	-3421.0167299641485	0.30609398509692304	9.999999999999999E-6
0.11904761904761907	-0.4750000000000004	0	0	0	0	0	0	-3558.5423721245807	0.304332833934048	1.0E-5
0.13392857142857142	-0.4900000000000003	0	0	0	0	0	0	-3695.915072912189	0.30257032719106036	9.999999999999992E-6
0.1488095238095238	-0.5050000000000001	0	0	0	0	0	0	-3832.744456024273	0.30081327182775414	1.0E-5
0.16369047619047622	-0.5200000000000001	0	0	0	0	0	0	-3968.6677754997045	0.2990679609601967	1.0E-5
0.17857142857142855	-0.5350000000000001	0	0	0	0	0	0	-4103.346405497346	0.29734019075177864	1.0E-5
0.193452380952381	-0.5500000000000002	0	0	0	0	0	0	-4236.463011645151	0.2956352792275383	1.0E-5
0.20833333333333331	-0.5650000000000002	0	0	0	0	0	0	-4367.7192674079515	0.29395808684490377	9.999999999999999E-6
0.22321428571428575	-0.5800000000000003	0	0	0	0	0	0	-4496.834024567379	0.29231303831716804	1.0E-5
0.23809523809523808	-0.5950000000000002	0	0	0	0	0	0	-4623.541877463853	0.29070414502862624	1.0E-5
0.25297619047619047	-0.61	0	0	0	0	0	0	-4747.592078651523	0.2891350273679757	1.0000000000000003E-5
0.2678571428571429	-0.6250000000000002	0	0	0	0	0	0	-4868.747772334837	0.28760893639327667	1.0000000000000003E-5
0.2827380952380953	-0.6400000000000002	0	0	0	0	0	0	-4986.785514473674	0.28612877438389495	1.0E-5
0.08928571428571427	-0.43000000000000027	0	0	0	0	0	0	-3183.7467816575136	0.3091189144610848	1.0000000000000003E-5
0.10416666666666669	-0.4450000000000002	0	0	0	0	0	0	-3324.950490232005	0.30732121044978855	1.0E-5
0.11904761904761901	-0.46000000000000013	0	0	0	0	0	0	-3466.425411030341	0.30551296548748186	1.0E-5
0.1339285714285714	-0.4750000000000004	0	0	0	0	0	0	-3607.743510863804	0.30370186264510207	1.0E-5
0.1488095238095238	-0.49000000000000016	0	0	0	0	0	0	-3748.509983359125	0.30189503205059154	1.0E-5
0.16369047619047622	-0.5050000000000001	0	0	0	0	0	0	-3888.3585096988177	0.30009906481091714	1.0E-5
0.17857142857142855	-0.52	0	0	0	0	0	0	-4026.9475336818923	0.2983200287192153	1.0000000000000003E-5
0.19345238095238088	-0.535	0	0	0	0	0	0	-4163.95728167358	0.296563486579999	9.999999999999999E-6
0.20833333333333331	-0.55	0	0	0	0	0	0	-4299.087352766397	0.2948345171278828	1.0E-5
0.22321428571428575	-0.5650000000000001	0	0	0	0	0	0	-4432.054772153915	0.29313773795960013	1.0E-5
0.23809523809523808	-0.5800000000000001	0	0	0	0	0	0	-4562.592442579212	0.29147732964717293	1.0E-5
0.2529761904761904	-0.5950000000000002	0	0	0	0	0	0	-4690.44795263312	0.2898570601560281	1.0000000000000003E-5
0.2678571428571429	-0.6100000000000001	0	0	0	0	0	0	-4815.382712059389	0.28828030878425265	1.0E-5
0.2827380952380953	-0.6250000000000001	0	0	0	0	0	0	-4937.171387344955	0.2867500890092503	1.0E-5
0.29761904761904756	-0.6399999999999999	0	0	0	0	0	0	-5055.601609192461	0.2852690698282519	9.999999999999999E-6
0.119047619047619	-0.4450000000000001	0	0	0	0	0	0	-3372.1531878872665	0.3067185698930936	1.000000000000001E-5
0.13392857142857142	-0.4600000000000004	0	0	0	0	0	0	-3517.5254443212157	0.3048585282562246	1.0E-5
0.1488095238095238	-0.4750000000000002	0	0	0	0	0	0	-3662.3283039910257	0.30300145608190154	1.0000000000000003E-5
0.16369047619047622	-0.4900000000000003	0	0	0	0	0	0	-3806.1929351363183	0.301154265502586	1.0E-5
0.17857142857142855	-0.5050000000000001	0	0	0	0	0	0	-3948.7757013104583	0.2993233181516195	1.0E-5
0.19345238095238088	-0.5200000000000001	0	0	0	0	0	0	-4089.7551005857317	0.2975144420954914	1.0E-5
0.20833333333333331	-0.5350000000000001	0	0	0	0	0	0	-4228.829282643118	0.2957329525249241	1.0E-5
0.22321428571428575	-0.5500000000000003	0	0	0	0	0	0	-4365.714021211101	0.2939836755139633	1.0E-5
0.23809523809523803	-0.5650000000000002	0	0	0	0	0	0	-4500.141074615924	0.292270973784815	1.0000000000000003E-5
0.25297619047619047	-0.5800000000000003	0	0	0	0	0	0	-4631.856897357382	0.29059877333840856	1.0E-5
0.26785714285714296	-0.5950000000000002	0	0	0	0	0	0	-4760.621679713634	0.28897058991135305	1.0E-5
0.2827380952380953	-0.6100000000000001	0	0	0	0	0	0	-4886.208695835855	0.2873895544253828	9.999999999999999E-6
0.29761904761904756	-0.6250000000000001	0	0	0	0	0	0	-5008.403938055395	0.28585843684428697	1.0E-5
0.31250000000000006	-0.6399999999999999	0	0	0	0	0	0	-5127.006009531856	0.2843796681007833	9.999999999999999E-6
0.13392857142857142	-0.4450000000000003	0	0	0	0	0	0	-3425.254048865527	0.3060397902296395	1.0E-5
0.14880952380952384	-0.46000000000000013	0	0	0	0	0	0	-3574.2003122147444	0.30413207333303777	1.0000000000000003E-5
0.16369047619047616	-0.47500000000000014	0	0	0	0	0	0	-3722.178540995887	0.3022331377998138	1.0E-5
0.17857142857142855	-0.4900000000000003	0	0	0	0	0	0	-3868.8440880505896	0.3003496641482919	1.0E-5
0.193452380952381	-0.5050000000000001	0	0	0	0	0	0	-4013.874574626955	0.2984877691520152	1.0E-5
0.20833333333333334	-0.5200000000000002	0	0	0	0	0	0	-4156.967418531188	0.29665302545279537	1.0E-5
0.22321428571428575	-0.535	0	0	0	0	0	0	-4297.837782119406	0.29485048570663086	9.999999999999999E-6
0.23809523809523808	-0.55	0	0	0	0	0	0	-4436.216877114743	0.29308470987327984	1.0000000000000003E-5
0.25297619047619047	-0.5650000000000001	0	0	0	0	0	0	-4571.850598329301	0.29135979416289787	1.0E-5
0.2678571428571429	-0.5800000000000001	0	0	0	0	0	0	-4704.498474613674	0.2896794002695875	1.0000000000000003E-5
0.2827380952380953	-0.5950000000000002	0	0	0	0	0	0	-4833.932928647205	0.28804678377157433	1.0E-5
0.29761904761904756	-0.61	0	0	0	0	0	0	-4959.93883263379	0.2864648208889127	1.0E-5
0.31250000000000006	-0.6250000000000002	0	0	0	0	0	0	-5082.313338907612	0.2849360331024944	1.0E-5
0.32738095238095233	-0.6400000000000002	0	0	0	0	0	0	-5200.865955710894	0.2834626094160994	1.0E-5
0.34226190476190477	-0.655	0	0	0	0	0	0	-5315.418830541329	0.28204642626951926	1.0E-5
0.14880952380952384	-0.4450000000000002	0	0	0	0	0	0	-3484.127794523439	0.3052863180024366	1.0E-5
0.16369047619047622	-0.4600000000000002	0	0	0	0	0	0	-3636.3240508610807	0.30333517546566374	1.0E-5
0.17857142857142855	-0.4750000000000004	0	0	0	0	0	0	-3787.167385702916	0.30139860172980293	1.0E-5
0.19345238095238088	-0.4900000000000003	0	0	0	0	0	0	-3936.3355623198404	0.2994830292341005	1.0E-5
0.20833333333333331	-0.5050000000000001	0	0	0	0	0	0	-4083.526088202939	0.2975943124453017	1.0000000000000003E-5
0.22321428571428575	-0.5200000000000001	0	0	0	0	0	0	-4228.45422275081	0.2957377517375173	9.999999999999999E-6
0.23809523809523803	-0.535	0	0	0	0	0	0	-4370.851278944597	0.2939181219740804	1.0E-5
0.25297619047619047	-0.5500000000000002	0	0	0	0	0	0	-4510.463208948956	0.2921397038377171	9.999999999999999E-6
0.2678571428571429	-0.5650000000000002	0	0	0	0	0	0	-4647.04947951699	0.2904063161141294	1.0E-5
0.28273809523809534	-0.5800000000000003	0	0	0	0	0	0	-4780.382245474069	0.2887213474375335	1.0E-5
0.29761904761904767	-0.5950000000000002	0	0	0	0	0	0	-4910.245822165082	0.28708778639620186	1.0E-5
0.3125	-0.6100000000000001	0	0	0	0	0	0	-5036.436446030423	0.28550824929369506	1.0E-5
0.3273809523809524	-0.6250000000000002	0	0	0	0	0	0	-5158.7623002343935	0.28398500521568026	9.999999999999999E-6
0.34226190476190477	-0.6400000000000001	0	0	0	0	0	0	-5277.043771454058	0.2825199983403177	1.0E-5
0.16369047619047622	-0.4450000000000001	0	0	0	0	0	0	-3548.6398543362347	0.304459778581026	1.0000000000000003E-5
0.17857142857142855	-0.4600000000000004	0	0	0	0	0	0	-3703.7621748417546	0.3024695856822784	1.0000000000000003E-5
0.19345238095238088	-0.4750000000000002	0	0	0	0	0	0	-3857.1600099549305	0.3004997136317763	1.0E-5
0.20833333333333334	-0.4900000000000001	0	0	0	0	0	0	-4008.531892373901	0.2985563271835823	9.999999999999992E-6
0.2232142857142857	-0.5050000000000001	0	0	0	0	0	0	-4157.5939563397005	0.2966449992438699	1.0E-5
0.238095238095238	-0.5200000000000001	0	0	0	0	0	0	-4304.078310794136	0.29477074038482187	9.999999999999994E-6
0.25297619047619047	-0.535	0	0	0	0	0	0	-4447.731620513315	0.29293803257739504	1.0E-5
0.2678571428571429	-0.5500000000000002	0	0	0	0	0	0	-4588.31392696037	0.2911508648110231	1.0E-5
0.28273809523809534	-0.5650000000000002	0	0	0	0	0	0	-4725.597741004212	0.2894127686342535	1.0E-5
0.29761904761904767	-0.5800000000000003	0	0	0	0	0	0	-4859.367428393908	0.2877268521317324	1.0E-5
0.3125	-0.5950000000000001	0	0	0	0	0	0	-4989.4188918312075	0.2860958313601502	1.0E-5
0.3273809523809524	-0.6099999999999999	0	0	0	0	0	0	-5115.559536232065	0.28452205871979874	1.0000000000000003E-5
0.34226190476190477	-0.6250000000000002	0	0	0	0	0	0	-5237.608488888629	0.28300754810635076	1.0000000000000003E-5
0.3571428571428571	-0.6400000000000001	0	0	0	0	0	0	-5355.397034564921	0.2815539969642618	1.0E-5
0.1636904761904762	-0.43000000000000027	0	0	0	0	0	0	-3459.1385638586326	0.305606238736589	1.0E-5
0.17857142857142855	-0.4450000000000003	0	0	0	0	0	0	-3618.647394050031	0.3035619788846051	1.0E-5
0.193452380952381	-0.4600000000000002	0	0	0	0	0	0	-3776.3723579609696	0.30153723403029004	1.0E-5
0.20833333333333334	-0.4750000000000004	0	0	0	0	0	0	-3932.014067245975	0.2995385126941746	1.0000000000000003E-5
0.2232142857142857	-0.4900000000000003	0	0	0	0	0	0	-4085.2903750529576	0.29757168961528546	1.0E-5
0.23809523809523817	-0.5050000000000001	0	0	0	0	0	0	-4235.934920700713	0.2956420357129719	1.0E-5
0.25297619047619047	-0.5200000000000002	0	0	0	0	0	0	-4383.695766955441	0.2937542541872429	1.0000000000000003E-5
0.2678571428571429	-0.535	0	0	0	0	0	0	-4528.334197466176	0.29191251976992466	1.0E-5
0.28273809523809523	-0.5500000000000003	0	0	0	0	0	0	-4669.623738705614	0.2901205185747539	9.999999999999999E-6
0.29761904761904756	-0.5650000000000002	0	0	0	0	0	0	-4807.349455662242	0.2883814865637969	9.999999999999999E-6
0.3125	-0.5800000000000002	0	0	0	0	0	0	-4941.307546083714	0.286698245292806	1.0E-5
0.3273809523809524	-0.5950000000000001	0	0	0	0	0	0	-5071.305233573784	0.28507323418471875	1.0E-5
0.3422619047619047	-0.6100000000000001	0	0	0	0	0	0	-5197.160939302798	0.2835085390529868	1.0E-5
0.3571428571428571	-0.6250000000000002	0	0	0	0	0	0	-5318.704696268307	0.28200591694925065	1.0000000000000003E-5
0.3720238095238095	-0.64	0	0	0	0	0	0	-5435.778758686089	0.28056681765534663	1.0E-5
0.17857142857142855	-0.43000000000000027	0	0	0	0	0	0	-3531.8449223382977	0.3046750388953965	1.0E-5
0.19345238095238088	-0.4450000000000001	0	0	0	0	0	0	-3694.0000308076455	0.30259491186456966	1.0E-5
0.20833333333333331	-0.46000000000000013	0	0	0	0	0	0	-3854.004911828285	0.30054023263302915	1.0E-5
0.22321428571428575	-0.4750000000000004	0	0	0	0	0	0	-4011.580035552643	0.29851721260770125	1.0E-5
0.23809523809523803	-0.49000000000000016	0	0	0	0	0	0	-4166.461333397477	0.2965314123803032	1.0E-5
0.25297619047619047	-0.5050000000000001	0	0	0	0	0	0	-4318.398968366071	0.29458778015511505	1.0E-5
0.2678571428571429	-0.5200000000000001	0	0	0	0	0	0	-4467.156153356798	0.2926906949276635	1.0E-5
0.2827380952380953	-0.535	0	0	0	0	0	0	-4612.50811802289	0.29084401123156894	1.0E-5
0.2976190476190476	-0.5500000000000002	0	0	0	0	0	0	-4754.2413126504525	0.2890511028293417	1.0E-5
0.3125	-0.5650000000000002	0	0	0	0	0	0	-4892.152903739321	0.2873149035301145	1.0E-5
0.3273809523809524	-0.5800000000000003	0	0	0	0	0	0	-5026.050580842484	0.2856379440834283	1.0E-5
0.34226190476190477	-0.5950000000000002	0	0	0	0	0	0	-5155.752665618997	0.28402238471032915	9.999999999999999E-6
0.3571428571428572	-0.6100000000000001	0	0	0	0	0	0	-5281.088492663467	0.28247004328386216	1.0E-5
0.3720238095238095	-0.6250000000000002	0	0	0	0	0	0	-5401.899016492634	0.2809824194824069	1.0000000000000003E-5
0.38690476190476186	-0.6400000000000001	0	0	0	0	0	0	-5518.037589072041	0.2795607154367681	1.0E-5
0.20833333333333337	-0.4450000000000001	0	0	0	0	0	0	-3774.540289203884	0.3015607615850877	1.0E-5
0.2232142857142857	-0.46000000000000013	0	0	0	0	0	0	-3936.503103099923	0.2994808782116098	1.0E-5
0.23809523809523814	-0.4750000000000004	0	0	0	0	0	0	-4095.701458203332	0.29743820152993244	1.0E-5
0.25297619047619047	-0.49000000000000016	0	0	0	0	0	0	-4251.888317257479	0.2954379532261991	1.0000000000000003E-5
0.26785714285714296	-0.5050000000000001	0	0	0	0	0	0	-4404.829511938893	0.2934847387555713	1.0E-5
0.28273809523809523	-0.52	0	0	0	0	0	0	-4554.302678757219	0.29158259763913225	1.0E-5
0.29761904761904767	-0.535	0	0	0	0	0	0	-4700.096369585893	0.2897350532583666	1.0E-5
0.3125	-0.5500000000000002	0	0	0	0	0	0	-4842.009435116286	0.2879451596713383	1.0E-5
0.3273809523809524	-0.5650000000000002	0	0	0	0	0	0	-4979.850727931206	0.2862155439977598	1.0E-5
0.34226190476190477	-0.5800000000000003	0	0	0	0	0	0	-5113.439131402015	0.2845484437258353	1.0E-5
0.3571428571428571	-0.5950000000000002	0	0	0	0	0	0	-5242.603891639553	0.2829457388726499	1.0E-5
0.3720238095238094	-0.6100000000000003	0	0	0	0	0	0	-5367.185209652738	0.28140897932368614	1.0E-5
0.38690476190476186	-0.6250000000000002	0	0	0	0	0	0	-5487.035037620938	0.2799394079260038	9.999999999999999E-6
0.40178571428571436	-0.6399999999999999	0	0	0	0	0	0	-5602.018015374547	0.27853798004681474	1.0E-5
0.4166666666666667	-0.655	0	0	0	0	0	0	-5712.012479819843	0.27720538036181763	1.0E-5
0.2232142857142857	-0.4450000000000002	0	0	0	0	0	0	-3860.1038608952927	0.3004619077414061	1.0E-5
0.23809523809523803	-0.4600000000000002	0	0	0	0	0	0	-4023.703349909587	0.2983616533211731	1.0E-5
0.25297619047619047	-0.4750000000000002	0	0	0	0	0	0	-4184.215111150982	0.2963040404486594	9.999999999999999E-6
0.26785714285714296	-0.49	0	0	0	0	0	0	-4341.408261642715	0.2942939277710952	1.0000000000000003E-5
0.28273809523809534	-0.5050000000000001	0	0	0	0	0	0	-4495.063546457835	0.2923355597123796	9.999999999999999E-6
0.29761904761904767	-0.5200000000000001	0	0	0	0	0	0	-4644.972354969684	0.29043262342029336	1.0E-5
0.3125	-0.535	0	0	0	0	0	0	-4790.9359741117205	0.2885883027189163	1.0E-5
0.32738095238095233	-0.5500000000000002	0	0	0	0	0	0	-4932.765164986713	0.2868053270511859	1.0E-5
0.34226190476190477	-0.5650000000000002	0	0	0	0	0	0	-5070.28008948824	0.2850860144945436	1.0E-5
0.35714285714285704	-0.5800000000000003	0	0	0	0	0	0	-5203.310574115863	0.28343230868206254	1.0000000000000003E-5
0.37202380952380937	-0.5950000000000002	0	0	0	0	0	0	-5331.696671883314	0.28184580995797776	1.0E-5
0.38690476190476186	-0.6100000000000001	0	0	0	0	0	0	-5455.289466043878	0.2803278014073626	1.0000000000000003E-5
0.40178571428571436	-0.6250000000000002	0	0	0	0	0	0	-5573.952048985218	0.27887927057190454	9.999999999999999E-6
0.41666666666666663	-0.6400000000000001	0	0	0	0	0	0	-5687.560604632115	0.2775009277330468	1.0E-5
0.238095238095238	-0.4450000000000001	0	0	0	0	0	0	-3950.519726720798	0.29930092861439367	9.999999999999994E-6
0.25297619047619047	-0.4600000000000002	0	0	0	0	0	0	-4115.435334270405	0.29718522569684513	1.0E-5
0.2678571428571429	-0.4750000000000002	0	0	0	0	0	0	-4276.951124197017	0.2951174595469504	1.0E-5
0.28273809523809523	-0.4900000000000002	0	0	0	0	0	0	-4434.851622547108	0.29310210355875527	1.0000000000000003E-5
0.2976190476190476	-0.5050000000000001	0	0	0	0	0	0	-4588.931796055706	0.2911430256566552	9.999999999999999E-6
0.3125	-0.52	0	0	0	0	0	0	-4738.996148972531	0.28924355080550584	1.0E-5
0.32738095238095233	-0.535	0	0	0	0	0	0	-4884.858142340872	0.28740651783291704	1.0000000000000003E-5
0.3422619047619047	-0.5500000000000003	0	0	0	0	0	0	-5026.3399896508945	0.28563432929562216	1.0E-5
0.3571428571428571	-0.5650000000000002	0	0	0	0	0	0	-5163.272828140737	0.2839289941077612	1.0E-5
0.37202380952380953	-0.5800000000000003	0	0	0	0	0	0	-5295.497231139387	0.2822921632702548	1.0E-5
0.38690476190476186	-0.5950000000000002	0	0	0	0	0	0	-5422.864005087865	0.2807251594236479	1.0000000000000003E-5
0.40178571428571436	-0.61	0	0	0	0	0	0	-5545.235201584255	0.27922900115891686	1.0E-5
0.4166666666666667	-0.6250000000000002	0	0	0	0	0	0	-5662.485267929691	0.27780442310823383	9.999999999999999E-6
0.4315476190476192	-0.6400000000000001	0	0	0	0	0	0	-5774.502257857133	0.2764518928358891	1.0E-5
0.25297619047619047	-0.4450000000000001	0	0	0	0	0	0	-4045.610189589794	0.2980806017085789	1.0000000000000003E-5
0.26785714285714285	-0.46000000000000013	0	0	0	0	0	0	-4211.522064864829	0.2959544452319018	9.999999999999999E-6
0.28273809523809523	-0.4750000000000003	0	0	0	0	0	0	-4373.733082534007	0.29388135227070855	1.0E-5
0.2976190476190476	-0.49000000000000044	0	0	0	0	0	0	-4532.042507424311	0.29186539206671547	1.0E-5
0.3125	-0.505	0	0	0	0	0	0	-4686.258860546536	0.28991004435891937	1.0E-5
0.32738095238095244	-0.52	0	0	0	0	0	0	-4836.199136608095	0.2880182657588058	1.0E-5
0.34226190476190477	-0.535	0	0	0	0	0	0	-4981.688430494294	0.28619254787741727	1.0E-5
0.3571428571428571	-0.5500000000000003	0	0	0	0	0	0	-5122.559984797618	0.28443496681258473	1.0000000000000003E-5
0.3720238095238095	-0.5650000000000003	0	0	0	0	0	0	-5258.655628236801	0.2827472243660504	1.0E-5
0.386904761904762	-0.5800000000000002	0	0	0	0	0	0	-5389.826548193072	0.2811306818220521	9.999999999999999E-6
0.4017857142857142	-0.5950000000000002	0	0	0	0	0	0	-5515.934324139008	0.27958638737448516	1.0E-5
0.41666666666666663	-0.61	0	0	0	0	0	0	-5636.852139874583	0.27811509839595655	1.0E-5
0.431547619047619	-0.6250000000000001	0	0	0	0	0	0	-5752.466089509172	0.2767172997423259	1.0E-5
0.44642857142857134	-0.6399999999999999	0	0	0	0	0	0	-5862.676493811759	0.27539321921412163	9.999999999999999E-6
0.2529761904761905	-0.43000000000000027	0	0	0	0	0	0	-3974.806680347505	0.2989891617120851	1.0E-5
0.26785714285714285	-0.4450000000000001	0	0	0	0	0	0	-4145.190850506675	0.2968039016345829	1.0E-5
0.28273809523809523	-0.4600000000000003	0	0	0	0	0	0	-4311.779924885763	0.2946723382017346	1.0000000000000003E-5
0.2976190476190476	-0.4750000000000002	0	0	0	0	0	0	-4474.3781319945	0.2925987669167012	1.0E-5
0.3125	-0.49000000000000016	0	0	0	0	0	0	-4632.798813350449	0.2905868386556506	1.0E-5
0.32738095238095233	-0.505	0	0	0	0	0	0	-4786.863368751483	0.2886396378084923	1.0000000000000003E-5
0.34226190476190477	-0.5200000000000001	0	0	0	0	0	0	-4936.400661490339	0.2867597504253115	9.999999999999999E-6
0.3571428571428571	-0.5350000000000001	0	0	0	0	0	0	-5081.246901695702	0.2849493219687328	1.0E-5
0.37202380952380937	-0.5500000000000003	0	0	0	0	0	0	-5221.245980007617	0.2832101051222321	1.0E-5
0.38690476190476186	-0.5650000000000002	0	0	0	0	0	0	-5356.250193295221	0.28154349863617695	1.0E-5
0.4017857142857144	-0.5800000000000003	0	0	0	0	0	0	-5486.12128461274	0.27995057849176463	1.0000000000000003E-5
0.4166666666666667	-0.5950000000000002	0	0	0	0	0	0	-5610.731708704237	0.2784321227868847	1.0E-5
0.4315476190476192	-0.61	0	0	0	0	0	0	-5729.966030225095	0.27698863174732286	1.0E-5
0.44642857142857134	-0.625	0	0	0	0	0	0	-5843.722362975718	0.27562034418186526	1.0E-5
0.46130952380952367	-0.6400000000000001	0	0	0	0	0	0	-5951.913763733433	0.27432725156122884	1.0E-5
0.26785714285714285	-0.43000000000000027	0	0	0	0	0	0	-4078.033649544707	0.29766474300413875	1.0E-5
0.2827380952380952	-0.4450000000000002	0	0	0	0	0	0	-4249.0705714093765	0.29547399475760605	1.0E-5
0.29761904761904767	-0.4600000000000003	0	0	0	0	0	0	-4416.018738715298	0.29334209844917636	1.0E-5
0.31250000000000006	-0.4750000000000004	0	0	0	0	0	0	-4578.697105273324	0.29127289571056963	9.999999999999999E-6
0.32738095238095233	-0.4900000000000003	0	0	0	0	0	0	-4736.932380677434	0.2892696105705904	1.0E-5
0.3422619047619047	-0.5050000000000001	0	0	0	0	0	0	-4890.558141943549	0.2873349298369566	1.0000000000000003E-5
0.3571428571428572	-0.5200000000000001	0	0	0	0	0	0	-5039.414500723334	0.28547107082727613	1.0E-5
0.37202380952380937	-0.5350000000000001	0	0	0	0	0	0	-5183.348293338226	0.2836798370997296	1.0E-5
0.38690476190476186	-0.5500000000000002	0	0	0	0	0	0	-5322.213731713261	0.2819626633741594	1.0E-5
0.4017857142857142	-0.5650000000000002	0	0	0	0	0	0	-5455.873431224338	0.28032065117024446	1.0E-5
0.41666666666666663	-0.5800000000000002	0	0	0	0	0	0	-5584.199718681373	0.2787545968278236	1.0E-5
0.431547619047619	-0.5950000000000002	0	0	0	0	0	0	-5707.076118460535	0.27726501356831407	1.0E-5
0.4464285714285715	-0.6100000000000002	0	0	0	0	0	0	-5824.398915497262	0.2758521491528564	1.0E-5
0.46130952380952367	-0.625	0	0	0	0	0	0	-5936.078699153715	0.27451600052870556	1.0E-5
0.47619047619047616	-0.6400000000000005	0	0	0	0	0	0	-6042.041800884871	0.2732563266570629	1.0E-5
0.29761904761904767	-0.4450000000000002	0	0	0	0	0	0	-4357.051481070486	0.29409423007530844	1.0E-5
0.31250000000000006	-0.4600000000000002	0	0	0	0	0	0	-4524.041882420532	0.2919670754448155	1.0E-5
0.32738095238095233	-0.4750000000000003	0	0	0	0	0	0	-4686.494677882491	0.2899070615175216	1.0E-5
0.34226190476190477	-0.49000000000000016	0	0	0	0	0	0	-4844.249164761163	0.2879169832169701	1.0E-5
0.3571428571428571	-0.5050000000000001	0	0	0	0	0	0	-4997.150367851411	0.28599913252501913	1.0E-5
0.37202380952380937	-0.5200000000000001	0	0	0	0	0	0	-5145.049037505749	0.28415536373108374	1.0E-5
0.38690476190476186	-0.535	0	0	0	0	0	0	-5287.802190993881	0.2823871456316985	9.999999999999999E-6
0.4017857142857142	-0.5500000000000002	0	0	0	0	0	0	-5425.274105056342	0.2806956025175403	1.0E-5
0.41666666666666663	-0.5650000000000002	0	0	0	0	0	0	-5557.337652763062	0.27908154593748435	9.999999999999999E-6
0.431547619047619	-0.5800000000000003	0	0	0	0	0	0	-5683.875871702521	0.27754549921123717	1.0E-5
0.4464285714285714	-0.5950000000000002	0	0	0	0	0	0	-5804.7836510180405	0.2760877165324461	1.0E-5
0.4613095238095237	-0.6100000000000003	0	0	0	0	0	0	-5919.969430332744	0.27470819830654936	1.0E-5
0.47619047619047616	-0.6249999999999999	0	0	0	0	0	0	-6029.356813033681	0.27340670413324925	1.0000000000000003E-5
0.49107142857142866	-0.6400000000000001	0	0	0	0	0	0	-6132.886008827977	0.2721827645943288	9.999999999999999E-6
0.31250000000000006	-0.4450000000000001	0	0	0	0	0	0	-4468.929066727046	0.2926681260628434	1.0E-5
0.32738095238095233	-0.4600000000000002	0	0	0	0	0	0	-4635.646447007354	0.29055075941673525	1.0E-5
0.34226190476190477	-0.4750000000000002	0	0	0	0	0	0	-4797.569554300711	0.2885047024867929	1.0E-5
0.3571428571428571	-0.4900000000000002	0	0	0	0	0	0	-4954.549424167114	0.2865323250220299	1.0E-5
0.37202380952380937	-0.5050000000000001	0	0	0	0	0	0	-5106.441783545864	0.28463553167981115	1.0000000000000003E-5
0.38690476190476186	-0.52	0	0	0	0	0	0	-5253.107439788229	0.28281582293436236	9.999999999999999E-6
0.4017857142857142	-0.535	0	0	0	0	0	0	-5394.413209319614	0.2810743424469514	1.0E-5
0.41666666666666663	-0.5499999999999999	0	0	0	0	0	0	-5530.23326649286	0.2794119132879945	1.0E-5
0.4315476190476192	-0.5650000000000002	0	0	0	0	0	0	-5660.450786254233	0.277829065366459	1.0000000000000003E-5
0.4464285714285715	-0.5800000000000003	0	0	0	0	0	0	-5784.959754888875	0.2763260562552473	1.0000000000000003E-5
0.4613095238095237	-0.5950000000000002	0	0	0	0	0	0	-5903.666829181955	0.2749028873595434	1.0E-5
0.47619047619047616	-0.6100000000000001	0	0	0	0	0	0	-6016.493134544788	0.27355931709510034	1.0E-5
0.49107142857142866	-0.6250000000000002	0	0	0	0	0	0	-6123.375906063504	0.272294872450097	1.0E-5
0.5059523809523809	-0.6400000000000001	0	0	0	0	0	0	-6224.269892219346	0.2711088600145798	9.999999999999999E-6
0.32738095238095244	-0.4450000000000003	0	0	0	0	0	0	-4584.492359047911	0.2911993537628534	1.0E-5
0.34226190476190477	-0.4600000000000001	0	0	0	0	0	0	-4750.623449417325	0.28909676398312406	1.0E-5
0.35714285714285704	-0.4750000000000002	0	0	0	0	0	0	-4911.714679091109	0.2870693550415552	1.0E-5
0.3720238095238094	-0.49000000000000016	0	0	0	0	0	0	-5067.627921038769	0.28511908124843943	1.0E-5
0.386904761904762	-0.5050000000000001	0	0	0	0	0	0	-5218.228864324979	0.2832474716955904	1.0E-5
0.4017857142857144	-0.5200000000000001	0	0	0	0	0	0	-5363.387843892493	0.2814556852290242	1.0E-5
0.41666666666666663	-0.535	0	0	0	0	0	0	-5502.981180751286	0.27974455196303455	9.999999999999999E-6
0.431547619047619	-0.5500000000000002	0	0	0	0	0	0	-5636.892889655439	0.278114604163276	1.0E-5
0.4464285714285715	-0.5650000000000002	0	0	0	0	0	0	-5765.016612632956	0.27656609910919905	9.999999999999999E-6
0.4613095238095237	-0.5800000000000003	0	0	0	0	0	0	-5887.257643860235	0.27509903624608983	9.999999999999999E-6
0.47619047619047616	-0.5950000000000001	0	0	0	0	0	0	-6003.534922745987	0.2737131705991139	1.0E-5
0.49107142857142866	-0.6100000000000003	0	0	0	0	0	0	-6113.782886752695	0.27240802407388937	1.0E-5
0.5059523809523809	-0.6250000000000002	0	0	0	0	0	0	-6217.953092637478	0.27118289592863803	1.0E-5
0.5208333333333333	-0.6400000000000001	0	0	0	0	0	0	-6316.015533658934	0.27003687338428267	1.0E-5
0.34226190476190477	-0.4450000000000002	0	0	0	0	0	0	-4703.524185157687	0.2896917168897771	1.0E-5
0.3571428571428571	-0.4600000000000003	0	0	0	0	0	0	-4868.758079026025	0.28760880685567203	1.0E-5
0.37202380952380937	-0.47500000000000014	0	0	0	0	0	0	-5028.717464792411	0.2856046356863322	1.0E-5
0.38690476190476175	-0.4900000000000003	0	0	0	0	0	0	-5183.274127905082	0.2836807571541885	1.0E-5
0.4017857142857143	-0.5050000000000001	0	0	0	0	0	0	-5332.303015366348	0.2818383401161083	1.0E-5
0.4166666666666667	-0.5200000000000001	0	0	0	0	0	0	-5475.683542377289	0.28007821628744906	9.999999999999999E-6
0.43154761904761907	-0.5350000000000001	0	0	0	0	0	0	-5613.301353573506	0.2784009151932671	1.0E-5
0.4464285714285715	-0.5500000000000002	0	0	0	0	0	0	-5745.050377949641	0.27680668942071207	9.999999999999999E-6
0.4613095238095237	-0.5650000000000002	0	0	0	0	0	0	-5870.835025451836	0.27529553291980025	1.0E-5
0.47619047619047616	-0.5800000000000003	0	0	0	0	0	0	-5990.572386313927	0.2738671946879314	1.0E-5
0.4910714285714285	-0.5950000000000001	0	0	0	0	0	0	-6104.1943105124665	0.2725211897582996	9.999999999999999E-6
0.5059523809523809	-0.6100000000000003	0	0	0	0	0	0	-6211.6492635212735	0.2712568090125458	1.0E-5
0.5208333333333334	-0.6250000000000002	0	0	0	0	0	0	-6312.903875130495	0.2700731289660663	1.0000000000000003E-5
0.5357142857142859	-0.6400000000000001	0	0	0	0	0	0	-6407.94411965752	0.26896902233855907	1.0E-5
0.3571428571428571	-0.4450000000000001	0	0	0	0	0	0	-4825.801467581079	0.28814912972377343	9.999999999999999E-6
0.3720238095238094	-0.4600000000000003	0	0	0	0	0	0	-4989.829966592684	0.2860906892150317	1.0E-5
0.38690476190476175	-0.47500000000000014	0	0	0	0	0	0	-5148.360027186829	0.28411422212646864	1.0E-5
0.4017857142857143	-0.49000000000000016	0	0	0	0	0	0	-5301.272434837056	0.28222090089485047	1.0E-5
0.41666666666666663	-0.5050000000000001	0	0	0	0	0	0	-5448.450763362944	0.280411552203476	1.0E-5
0.431547619047619	-0.5200000000000001	0	0	0	0	0	0	-5589.78317640623	0.27868669669689666	1.0E-5
0.4464285714285715	-0.5350000000000001	0	0	0	0	0	0	-5725.1646021578645	0.27704657701290325	1.0E-5
0.46130952380952367	-0.5500000000000002	0	0	0	0	0	0	-5854.49910856786	0.2754911774043742	1.0E-5
0.47619047619047605	-0.5650000000000002	0	0	0	0	0	0	-5977.7023218019385	0.2740202377178775	1.0E-5
0.49107142857142866	-0.5800000000000003	0	0	0	0	0	0	-6094.703749177304	0.27263326399704413	1.0E-5
0.5059523809523809	-0.5950000000000002	0	0	0	0	0	0	-6205.4488886194	0.27132953750607725	9.999999999999999E-6
0.5208333333333333	-0.61	0	0	0	0	0	0	-6309.90102926511	0.27010812353347496	1.0E-5
0.5357142857142859	-0.6250000000000002	0	0	0	0	0	0	-6408.042671450189	0.2689678809455995	1.0E-5
0.5505952380952381	-0.6400000000000001	0	0	0	0	0	0	-6499.876518089748	0.26790747311888496	9.999999999999999E-6
0.5654761904761906	-0.655	0	0	0	0	0	0	-6585.426012462161	0.266925380590902	1.0E-5
0.3720238095238094	-0.4450000000000001	0	0	0	0	0	0	-4951.095550598528	0.28657559354624557	1.0E-5
0.386904761904762	-0.4600000000000002	0	0	0	0	0	0	-5113.613462024385	0.2845462743713858	1.0E-5
0.4017857142857143	-0.4750000000000002	0	0	0	0	0	0	-5270.419418192632	0.282601834191411	1.0E-5
0.4166666666666667	-0.49000000000000016	0	0	0	0	0	0	-5421.402351410654	0.28074308654436303	1.0E-5
0.43154761904761907	-0.5050000000000001	0	0	0	0	0	0	-5566.453946551306	0.2789705357884194	1.0E-5
0.4464285714285715	-0.5200000000000001	0	0	0	0	0	0	-5705.470934374944	0.27728440833378326	1.0E-5
0.4613095238095237	-0.535	0	0	0	0	0	0	-5838.357653699097	0.27568467375771916	9.999999999999999E-6
0.47619047619047616	-0.5500000000000002	0	0	0	0	0	0	-5965.028703970477	0.27417105908116884	1.0000000000000003E-5
0.49107142857142866	-0.5650000000000002	0	0	0	0	0	0	-6085.411531037953	0.27274305888367323	1.0E-5
0.5059523809523809	-0.5800000000000003	0	0	0	0	0	0	-6199.448812194547	0.27139994337245976	1.0E-5
0.5208333333333333	-0.5950000000000002	0	0	0	0	0	0	-6307.100531450333	0.2701407660112387	1.0E-5
0.5357142857142858	-0.6100000000000001	0	0	0	0	0	0	-6408.345661932678	0.268964371859747	1.0000000000000003E-5
0.5505952380952382	-0.6250000000000002	0	0	0	0	0	0	-6503.183398441258	0.2678694073800149	1.0E-5
0.5654761904761905	-0.6400000000000002	0	0	0	0	0	0	-6591.633908544777	0.26685433213161536	1.0E-5
0.5803571428571428	-0.655	0	0	0	0	0	0	-6673.738594224987	0.2659174325058628	1.0E-5
0.38690476190476175	-0.4450000000000001	0	0	0	0	0	0	-5079.1725394018595	0.2849751723204194	1.0E-5
0.4017857142857143	-0.4600000000000003	0	0	0	0	0	0	-5239.877906829527	0.28297946631587617	1.0E-5
0.4166666666666667	-0.47500000000000014	0	0	0	0	0	0	-5394.667847230462	0.2810712150258989	1.0000000000000003E-5
0.43154761904761885	-0.49000000000000016	0	0	0	0	0	0	-5543.438699396617	0.27925089757048016	9.999999999999999E-6
0.4464285714285714	-0.5050000000000001	0	0	0	0	0	0	-5686.08990341443	0.2775187166330421	1.0E-5
0.4613095238095237	-0.52	0	0	0	0	0	0	-5822.52676049863	0.27587462122740036	1.0E-5
0.47619047619047605	-0.5350000000000001	0	0	0	0	0	0	-5952.663337548408	0.2743183212446887	1.0E-5
0.49107142857142866	-0.5500000000000003	0	0	0	0	0	0	-6076.425338306588	0.27284929693449544	1.0E-5
0.5059523809523809	-0.5650000000000001	0	0	0	0	0	0	-6193.752789179945	0.27146680580828675	1.0E-5
0.5208333333333333	-0.5800000000000003	0	0	0	0	0	0	-6304.602415349479	0.270169888854091	1.0E-5
0.5357142857142859	-0.595	0	0	0	0	0	0	-6408.9496113343575	0.2689573774222826	1.0E-5
0.5505952380952381	-0.6100000000000003	0	0	0	0	0	0	-6506.7899389416225	0.26782790168433346	1.0E-5
0.5654761904761904	-0.6250000000000001	0	0	0	0	0	0	-6598.140113537915	0.26677990118039263	1.0E-5
0.5803571428571428	-0.6400000000000001	0	0	0	0	0	0	-6683.03846576161	0.2658116376568885	1.0E-5
0.5952380952380952	-0.655	0	0	0	0	0	0	-6761.544889188368	0.26492121014955095	1.0000000000000003E-5
0.40178571428571436	-0.4450000000000001	0	0	0	0	0	0	-5209.793630709597	0.28335196838439963	9.999999999999999E-6
0.4166666666666667	-0.4600000000000003	0	0	0	0	0	0	-5368.38788720317	0.2813941887384615	9.999999999999999E-6
0.43154761904761907	-0.4750000000000003	0	0	0	0	0	0	-5520.872883664172	0.279526112960815	1.0000000000000003E-5
0.4464285714285714	-0.49000000000000016	0	0	0	0	0	0	-5667.151794436138	0.27774791104404467	1.0E-5
0.4613095238095237	-0.5050000000000001	0	0	0	0	0	0	-5807.131662790644	0.27605950448302813	1.0E-5
0.476190476190476	-0.52	0	0	0	0	0	0	-5940.7265793267	0.27446058101505955	1.0E-5
0.4910714285714286	-0.535	0	0	0	0	0	0	-6067.860865123769	0.27295060326523024	1.0E-5
0.5059523809523809	-0.5499999999999999	0	0	0	0	0	0	-6188.472087609428	0.2715288142139323	1.0000000000000003E-5
0.5208333333333333	-0.5650000000000002	0	0	0	0	0	0	-6302.513767636119	0.27019424170107387	1.0E-5
0.5357142857142858	-0.5800000000000003	0	0	0	0	0	0	-6409.957667691246	0.2689457035658612	1.0E-5
0.5505952380952381	-0.5950000000000002	0	0	0	0	0	0	-6510.795582839245	0.267781814490678	1.0E-5
0.5654761904761902	-0.6100000000000003	0	0	0	0	0	0	-6605.040586945566	0.2667009951713432	1.0000000000000003E-5
0.5803571428571428	-0.6250000000000001	0	0	0	0	0	0	-6692.727715800134	0.2657014840724258	1.0000000000000003E-5
0.5952380952380953	-0.6400000000000002	0	0	0	0	0	0	-6773.914094842439	0.26478135174224315	1.0E-5
0.41666666666666674	-0.4450000000000003	0	0	0	0	0	0	-5342.7154140472785	0.2817100988754523	9.999999999999999E-6
0.43154761904761907	-0.4600000000000003	0	0	0	0	0	0	-5498.903455939187	0.27979436501762733	1.0E-5
0.4464285714285715	-0.4750000000000002	0	0	0	0	0	0	-5648.7976358710275	0.27797026440106415	9.999999999999999E-6
0.4613095238095237	-0.4900000000000003	0	0	0	0	0	0	-5792.307618046417	0.2762376827915593	1.0E-5
0.47619047619047633	-0.5050000000000001	0	0	0	0	0	0	-5929.348140996051	0.27459627992550806	1.0E-5
0.4910714285714285	-0.52	0	0	0	0	0	0	-6059.842544592192	0.27304549704075615	1.0E-5
0.5059523809523809	-0.5350000000000001	0	0	0	0	0	0	-6183.726150230579	0.2715845605628789	1.0000000000000003E-5
0.5208333333333333	-0.55	0	0	0	0	0	0	-6300.949333777102	0.27021248453163027	1.0E-5
0.5357142857142858	-0.5650000000000002	0	0	0	0	0	0	-6411.4801653586255	0.2689280736383174	1.0E-5
0.5505952380952381	-0.5800000000000002	0	0	0	0	0	0	-6515.306524919554	0.2677299281318371	1.0E-5
0.5654761904761902	-0.5950000000000002	0	0	0	0	0	0	-6612.437636655909	0.2666164513361308	1.0E-5
0.5803571428571428	-0.6100000000000003	0	0	0	0	0	0	-6702.904997739151	0.26558586010198804	1.0000000000000003E-5
0.5952380952380952	-0.6250000000000001	0	0	0	0	0	0	-6786.762705878666	0.2646361981878784	1.0E-5
0.6101190476190476	-0.6399999999999999	0	0	0	0	0	0	-6864.087215192283	0.26376535232200304	1.0E-5
0.6250000000000001	-0.655	0	0	0	0	0	0	-6934.976569860286	0.26297107053265234	9.999999999999999E-6
0.43154761904761907	-0.4450000000000002	0	0	0	0	0	0	-5477.690126112609	0.28005367350685895	1.0000000000000003E-5
0.4464285714285714	-0.46000000000000013	0	0	0	0	0	0	-5631.180315193623	0.27818389958944867	1.0E-5
0.46130952380952384	-0.47500000000000014	0	0	0	0	0	0	-5778.200906401677	0.27640737797820103	1.0E-5
0.47619047619047605	-0.49000000000000016	0	0	0	0	0	0	-5918.667984933677	0.27472373362335095	1.0000000000000003E-5
0.4910714285714286	-0.5050000000000001	0	0	0	0	0	0	-6052.504354693253	0.27313238210567686	1.0E-5
0.5059523809523809	-0.5200000000000001	0	0	0	0	0	0	-6179.643323256244	0.271632531100446	1.0E-5
0.5208333333333333	-0.535	0	0	0	0	0	0	-6300.032181300745	0.27022318027163295	1.0E-5
0.5357142857142858	-0.5500000000000003	0	0	0	0	0	0	-6413.635233202335	0.26890312177256903	1.0E-5
0.5505952380952381	-0.5650000000000002	0	0	0	0	0	0	-6520.436273596134	0.2676709428241071	1.0E-5
0.5654761904761902	-0.5800000000000002	0	0	0	0	0	0	-6620.44044241752	0.26652503124857274	1.0E-5
0.5803571428571428	-0.5950000000000002	0	0	0	0	0	0	-6713.6754268163195	0.26546358435394896	1.0E-5
0.5952380952380953	-0.61	0	0	0	0	0	0	-6800.1920109329885	0.26448462118362454	9.999999999999999E-6
0.6101190476190476	-0.6250000000000001	0	0	0	0	0	0	-6880.064002546093	0.2635859978665644	9.999999999999999E-6
0.625	-0.6399999999999999	0	0	0	0	0	0	-6953.38758817352	0.26276542561179644	1.0E-5
0.4464285714285714	-0.4450000000000002	0	0	0	0	0	0	-5614.465845773255	0.2783867741881139	1.0E-5
0.46130952380952384	-0.4600000000000003	0	0	0	0	0	0	-5764.969957111388	0.2765666609878044	1.0E-5
0.4761904761904763	-0.47500000000000014	0	0	0	0	0	0	-5908.837327269239	0.27484112011757555	1.0000000000000003E-5
0.4910714285714286	-0.49000000000000016	0	0	0	0	0	0	-6045.990714550541	0.2732095366901134	1.0E-5
0.5059523809523809	-0.505	0	0	0	0	0	0	-6176.3616614189095	0.27167109729357436	9.999999999999999E-6
0.5208333333333333	-0.5200000000000002	0	0	0	0	0	0	-6299.894427894704	0.27022478679189954	1.0E-5
0.5357142857142858	-0.535	0	0	0	0	0	0	-6416.549458395289	0.2688693857608817	1.0E-5
0.5505952380952382	-0.5500000000000002	0	0	0	0	0	0	-6526.306261310199	0.26760347026818254	9.999999999999999E-6
0.5654761904761902	-0.5650000000000001	0	0	0	0	0	0	-6629.165621936586	0.26642541502706796	1.0000000000000003E-5
0.5803571428571428	-0.5800000000000003	0	0	0	0	0	0	-6725.15110922207	0.26533340039744574	1.0E-5
0.5952380952380953	-0.5950000000000002	0	0	0	0	0	0	-6814.309873246347	0.2643254232705613	1.0E-5
0.6101190476190476	-0.61	0	0	0	0	0	0	-6896.712761958329	0.2633993115492198	1.0E-5
0.625	-0.6250000000000001	0	0	0	0	0	0	-6972.453811239664	0.2625527417142491	1.0E-5
0.6398809523809524	-0.6400000000000002	0	0	0	0	0	0	-7041.64918134789	0.2617832588369735	1.0E-5
0.46130952380952384	-0.4450000000000001	0	0	0	0	0	0	-5752.786623664617	0.276713436829552	1.0E-5
0.47619047619047605	-0.46000000000000013	0	0	0	0	0	0	-5900.0197650931295	0.2749464667233873	1.0000000000000003E-5
0.4910714285714286	-0.4750000000000002	0	0	0	0	0	0	-6040.457484381473	0.2732751020700763	1.0E-5
0.5059523809523809	-0.49000000000000016	0	0	0	0	0	0	-6174.029819890118	0.2716985059435443	1.0E-5
0.5208333333333333	-0.5050000000000001	0	0	0	0	0	0	-6300.678042710709	0.2702156482358008	1.0E-5
0.5357142857142858	-0.5200000000000001	0	0	0	0	0	0	-6420.358612508822	0.2688252993884821	1.0E-5
0.5505952380952381	-0.535	0	0	0	0	0	0	-6533.046508651617	0.26752602680965615	1.0E-5
0.5654761904761902	-0.5500000000000002	0	0	0	0	0	0	-6638.737844067514	0.26631619517238075	1.0E-5
0.5803571428571428	-0.5650000000000002	0	0	0	0	0	0	-6737.45171324674	0.2651939711558975	1.0E-5
0.5952380952380953	-0.5800000000000003	0	0	0	0	0	0	-6829.231266644207	0.2641573326869667	1.0E-5
0.6101190476190476	-0.5950000000000002	0	0	0	0	0	0	-6914.144039423565	0.26320408236356313	1.0E-5
0.625	-0.6100000000000001	0	0	0	0	0	0	-6992.281591522364	0.26233186448658435	1.0E-5
0.6398809523809523	-0.6250000000000001	0	0	0	0	0	0	-7063.758537648128	0.2615381849735182	1.0000000000000003E-5
0.6547619047619049	-0.6400000000000001	0	0	0	0	0	0	-7128.711059983089	0.26082043336350647	1.0E-5
0.46130952380952384	-0.43000000000000027	0	0	0	0	0	0	-5741.83763300083	0.27684542764734155	1.0E-5
0.476190476190476	-0.4450000000000001	0	0	0	0	0	0	-5892.392547600529	0.2750376355153953	1.0E-5
0.4910714285714285	-0.46000000000000013	0	0	0	0	0	0	-6036.073084682306	0.2733270700447163	1.0E-5
0.5059523809523809	-0.47500000000000014	0	0	0	0	0	0	-6172.8080452304475	0.2717128683629187	9.999999999999999E-6
0.5208333333333333	-0.49000000000000016	0	0	0	0	0	0	-6302.535730424903	0.27019398560637614	1.0E-5
0.5357142857142859	-0.5050000000000001	0	0	0	0	0	0	-6425.2084474375115	0.2687691841784181	1.0E-5
0.5505952380952381	-0.5200000000000001	0	0	0	0	0	0	-6540.796348232892	0.2674370261263676	9.999999999999999E-6
0.5654761904761904	-0.535	0	0	0	0	0	0	-6649.290494029845	0.26619587001851586	9.999999999999999E-6
0.5803571428571428	-0.55	0	0	0	0	0	0	-6750.705086620489	0.2650438729766359	9.999999999999999E-6
0.5952380952380953	-0.5650000000000001	0	0	0	0	0	0	-6845.078853339733	0.26397899794299573	1.0E-5
0.6101190476190477	-0.5800000000000003	0	0	0	0	0	0	-6932.475612870986	0.26299902582681367	1.0000000000000003E-5
0.625	-0.5950000000000002	0	0	0	0	0	0	-7012.984082209542	0.26210157187694333	1.0E-5
0.6398809523809523	-0.6100000000000003	0	0	0	0	0	0	-7086.717009890666	0.26128410545103825	1.0E-5
0.6547619047619047	-0.6250000000000001	0	0	0	0	0	0	-7153.809736822763	0.26054397227717124	1.0E-5
0.6696428571428571	-0.6400000000000001	0	0	0	0	0	0	-7214.418294324138	0.259878418309409	1.0E-5
0.47619047619047605	-0.43000000000000027	0	0	0	0	0	0	-5886.148014641997	0.2751123070697878	9.999999999999999E-6
0.4910714285714285	-0.4450000000000001	0	0	0	0	0	0	-6033.019752686256	0.2733632690746467	1.0E-5
0.5059523809523809	-0.4600000000000001	0	0	0	0	0	0	-6172.86927938681	0.27171214850653297	1.0E-5
0.5208333333333333	-0.47500000000000014	0	0	0	0	0	0	-6305.631908918782	0.270157886537205	9.999999999999999E-6
0.5357142857142859	-0.49000000000000016	0	0	0	0	0	0	-6431.255569635777	0.26869924049686056	1.0E-5
0.5505952380952381	-0.5050000000000001	0	0	0	0	0	0	-6549.705215014161	0.2673347714094572	1.0E-5
0.5654761904761902	-0.5200000000000001	0	0	0	0	0	0	-6660.966396066075	0.2660628367754244	1.0000000000000003E-5
0.5803571428571427	-0.535	0	0	0	0	0	0	-6765.0479245709685	0.2648815893628303	1.0E-5
0.5952380952380953	-0.5499999999999999	0	0	0	0	0	0	-6861.983607497635	0.2637889821070752	1.0E-5
0.6101190476190476	-0.5650000000000002	0	0	0	0	0	0	-6951.833078693367	0.26278277871880373	1.0E-5
0.625	-0.5800000000000003	0	0	0	0	0	0	-7034.681791909506	0.26186056925224227	1.0E-5
0.6398809523809524	-0.5950000000000002	0	0	0	0	0	0	-7110.640267817006	0.2610197896796279	1.0E-5
0.6547619047619048	-0.6100000000000001	0	0	0	0	0	0	-7179.842706414746	0.26025774443092714	1.0E-5
0.6696428571428571	-0.6250000000000002	0	0	0	0	0	0	-7242.445085713715	0.2595716308661175	1.0E-5
0.6845238095238095	-0.6400000000000003	0	0	0	0	0	0	-7298.622869082355	0.25895856472295414	1.0E-5
0.4910714285714286	-0.43000000000000027	0	0	0	0	0	0	-6031.49495723783	0.2733813489033102	1.0E-5
0.5059523809523809	-0.4450000000000001	0	0	0	0	0	0	-6174.400392793448	0.27169414993523794	1.0000000000000003E-5
0.5208333333333333	-0.4600000000000002	0	0	0	0	0	0	-6310.143792932854	0.27010529416525136	1.0000000000000003E-5
0.5357142857142857	-0.47500000000000014	0	0	0	0	0	0	-6438.6684021693	0.26861353796612053	1.0E-5
0.5505952380952382	-0.4900000000000003	0	0	0	0	0	0	-6559.933510487637	0.26721744700556765	1.0E-5
0.5654761904761904	-0.5050000000000001	0	0	0	0	0	0	-6673.918599448472	0.2659153841443836	1.0E-5
0.5803571428571428	-0.5200000000000001	0	0	0	0	0	0	-6780.626493484427	0.2647055043566772	1.0E-5
0.5952380952380953	-0.5350000000000001	0	0	0	0	0	0	-6880.0854887871865	0.2635857567972174	1.0E-5
0.6101190476190474	-0.5499999999999999	0	0	0	0	0	0	-6972.3504842117845	0.2625538935615214	1.0E-5
0.625	-0.5650000000000002	0	0	0	0	0	0	-7057.503182295603	0.2616074842793596	1.0E-5
0.6398809523809523	-0.5800000000000003	0	0	0	0	0	0	-7135.651461725211	0.26074393543872376	1.0E-5
0.6547619047619048	-0.5950000000000002	0	0	0	0	0	0	-7206.928044451729	0.2599605132351236	1.0000000000000003E-5
0.6696428571428572	-0.6100000000000003	0	0	0	0	0	0	-7271.488591674725	0.25925436875146396	1.0E-5
0.6845238095238095	-0.6250000000000002	0	0	0	0	0	0	-7329.509364556405	0.25862256436505887	1.0E-5
0.6994047619047616	-0.6400000000000001	0	0	0	0	0	0	-7381.184579800277	0.25806210042009264	1.0E-5
0.5208333333333333	-0.4450000000000001	0	0	0	0	0	0	-6316.262597627779	0.27003399501940045	1.0E-5
0.5357142857142857	-0.4600000000000001	0	0	0	0	0	0	-6447.6282452086325	0.26851000513173845	9.999999999999999E-6
0.550595238095238	-0.4750000000000005	0	0	0	0	0	0	-6571.653548869234	0.2670831094896593	9.999999999999999E-6
0.5654761904761904	-0.49000000000000016	0	0	0	0	0	0	-6688.311234236817	0.26575168449045855	9.999999999999999E-6
0.5803571428571427	-0.5050000000000001	0	0	0	0	0	0	-6797.597415396059	0.2645138955670874	9.999999999999999E-6
0.5952380952380953	-0.5200000000000001	0	0	0	0	0	0	-6899.534170417888	0.2633676958746923	9.999999999999999E-6
0.6101190476190476	-0.5350000000000001	0	0	0	0	0	0	-6994.17101015776	0.26231083283764506	9.999999999999999E-6
0.625	-0.5500000000000002	0	0	0	0	0	0	-7081.585312580886	0.2613408615677129	1.0E-5
0.6398809523809523	-0.5650000000000003	0	0	0	0	0	0	-7161.881833754787	0.2604551638751444	1.0E-5
0.6547619047619048	-0.5800000000000003	0	0	0	0	0	0	-7235.1914324832815	0.2596509714709797	9.999999999999999E-6
0.6696428571428571	-0.5950000000000002	0	0	0	0	0	0	-7301.669158574992	0.2589253919705366	1.0E-5
0.6845238095238094	-0.6100000000000003	0	0	0	0	0	0	-7361.4918566206925	0.2582754364174746	9.999999999999999E-6
0.6994047619047619	-0.6250000000000002	0	0	0	0	0	0	-7414.855430305841	0.2576980472183074	1.0E-5
0.7142857142857142	-0.6400000000000001	0	0	0	0	0	0	-7461.971899332581	0.25719012557666143	1.0E-5
0.5357142857142857	-0.4450000000000001	0	0	0	0	0	0	-6458.3304467256185	0.2683864183316233	1.0E-5
0.550595238095238	-0.4600000000000001	0	0	0	0	0	0	-6585.050594216067	0.2669296781416926	1.0E-5
0.5654761904761904	-0.4750000000000002	0	0	0	0	0	0	-6704.320443657735	0.2655697855620429	9.999999999999999E-6
0.5803571428571427	-0.49000000000000016	0	0	0	0	0	0	-6816.1285188348875	0.2643049268412599	1.0E-5
0.5952380952380953	-0.5050000000000001	0	0	0	0	0	0	-6920.4898263675195	0.26313306884350374	1.0E-5
0.6101190476190476	-0.5200000000000001	0	0	0	0	0	0	-7017.447707458247	0.26205196295176975	1.0E-5
0.625	-0.535	0	0	0	0	0	0	-7107.0745349414565	0.2610591570748115	1.0E-5
0.6398809523809523	-0.5500000000000003	0	0	0	0	0	0	-7189.471377688939	0.2601520142745716	1.0000000000000003E-5
0.6547619047619048	-0.5650000000000002	0	0	0	0	0	0	-7264.766785280434	0.25932773637916695	1.0E-5
0.6696428571428571	-0.5800000000000003	0	0	0	0	0	0	-7333.114861574675	0.25858339095645694	1.0E-5
0.6845238095238095	-0.5950000000000002	0	0	0	0	0	0	-7394.692798140599	0.2579159401530491	1.0E-5
0.6994047619047619	-0.6100000000000001	0	0	0	0	0	0	-7449.698030345701	0.2573222701084154	1.0E-5
0.7142857142857142	-0.6250000000000002	0	0	0	0	0	0	-7498.345163490225	0.25679921989388	1.0E-5
0.7291666666666665	-0.6400000000000001	0	0	0	0	0	0	-7540.862796760873	0.25634360917045984	1.0E-5
0.550595238095238	-0.4450000000000002	0	0	0	0	0	0	-6600.323998089273	0.26675492480757734	1.0E-5
0.5654761904761904	-0.46000000000000013	0	0	0	0	0	0	-6722.135400413498	0.2653676017554744	1.0E-5
0.5803571428571427	-0.4750000000000003	0	0	0	0	0	0	-6836.399761773814	0.2640766405882154	1.0000000000000003E-5
0.5952380952380953	-0.4900000000000001	0	0	0	0	0	0	-6943.123982653006	0.2628800339673865	1.0000000000000003E-5
0.6101190476190476	-0.5050000000000001	0	0	0	0	0	0	-7042.3442927434	0.2617755479452877	1.0E-5
0.625	-0.5200000000000001	0	0	0	0	0	0	-7134.127245194561	0.26076073228217417	9.999999999999999E-6
0.6398809523809523	-0.535	0	0	0	0	0	0	-7218.5695516408405	0.2598329386089173	1.0E-5
0.6547619047619047	-0.5500000000000002	0	0	0	0	0	0	-7295.796929221995	0.25898934452485933	1.0E-5
0.6696428571428571	-0.5650000000000002	0	0	0	0	0	0	-7365.962150180932	0.2582269817246296	1.0E-5
0.6845238095238095	-0.5800000000000003	0	0	0	0	0	0	-7429.242487797649	0.25754276639889745	1.0E-5
0.6994047619047619	-0.5950000000000001	0	0	0	0	0	0	-7485.836742775906	0.2569335303993937	1.0E-5
0.7142857142857142	-0.6100000000000001	0	0	0	0	0	0	-7535.962015793485	0.25639605194816495	1.0E-5
0.7291666666666664	-0.6250000000000002	0	0	0	0	0	0	-7579.850368579157	0.2559270849655324	9.999999999999999E-6
0.7440476190476188	-0.6399999999999999	0	0	0	0	0	0	-7617.745490735587	0.25552338636351923	1.0E-5
0.5654761904761904	-0.4450000000000001	0	0	0	0	0	0	-6741.959414519852	0.26514290493477927	9.999999999999999E-6
0.5803571428571427	-0.4600000000000003	0	0	0	0	0	0	-6858.604232568723	0.2638269497740184	1.0E-5
0.5952380952380953	-0.4750000000000003	0	0	0	0	0	0	-6967.620437516657	0.26260663112724836	1.0E-5
0.6101190476190476	-0.49000000000000016	0	0	0	0	0	0	-7069.036007028376	0.26147974298567267	1.0E-5
0.625	-0.5050000000000001	0	0	0	0	0	0	-7162.910693144418	0.2604438481569309	1.0E-5
0.6398809523809523	-0.5200000000000001	0	0	0	0	0	0	-7249.336048215682	0.2594962958678193	1.0E-5
0.6547619047619047	-0.5350000000000001	0	0	0	0	0	0	-7328.43433654524	0.25863424644017285	1.0E-5
0.6696428571428571	-0.5500000000000002	0	0	0	0	0	0	-7400.356548110822	0.257854700797807	1.0E-5
0.6845238095238095	-0.5650000000000002	0	0	0	0	0	0	-7465.279735362656	0.25715453273525296	9.999999999999999E-6
0.6994047619047619	-0.5800000000000002	0	0	0	0	0	0	-7523.403882914662	0.25653052217095895	1.0000000000000003E-5
0.7142857142857142	-0.595	0	0	0	0	0	0	-7574.948497924895	0.25597938795729663	1.0E-5
0.7291666666666665	-0.6100000000000001	0	0	0	0	0	0	-7620.149080980445	0.2554978191763301	1.0E-5
0.7440476190476191	-0.6250000000000002	0	0	0	0	0	0	-7659.253607366426	0.2550825041789272	9.999999999999999E-6
0.7589285714285716	-0.6399999999999999	0	0	0	0	0	0	-7692.519119589649	0.2547301569055542	1.0E-5
0.5803571428571427	-0.4450000000000001	0	0	0	0	0	0	-6882.949234686501	0.2635536296247511	1.0E-5
0.5952380952380953	-0.46000000000000013	0	0	0	0	0	0	-6994.176255274673	0.2623107744566703	1.0E-5
0.6101190476190477	-0.4750000000000002	0	0	0	0	0	0	-7097.710541896798	0.2611625876639923	1.0E-5
0.625	-0.4900000000000003	0	0	0	0	0	0	-7193.603856996648	0.2601066589250458	1.0E-5
0.6398809523809523	-0.5050000000000001	0	0	0	0	0	0	-7281.941626887127	0.25914034619043097	1.0000000000000003E-5
0.6547619047619047	-0.5200000000000001	0	0	0	0	0	0	-7362.8419206280305	0.25826080105011573	1.0E-5
0.6696428571428571	-0.5350000000000001	0	0	0	0	0	0	-7436.453413011382	0.2574649998990316	1.0E-5
0.6845238095238094	-0.5500000000000003	0	0	0	0	0	0	-7502.952585245431	0.256749778451749	1.0000000000000003E-5
0.6994047619047618	-0.5650000000000002	0	0	0	0	0	0	-7562.540404237187	0.2561118675019324	1.0E-5
0.7142857142857142	-0.5800000000000003	0	0	0	0	0	0	-7615.438695086291	0.25554792824374245	1.0E-5
0.7291666666666665	-0.5950000000000001	0	0	0	0	0	0	-7661.886387684065	0.25505458590565594	1.0E-5
0.7440476190476188	-0.6100000000000002	0	0	0	0	0	0	-7702.135782363346	0.254628460846141	1.0000000000000003E-5
0.7589285714285716	-0.6250000000000002	0	0	0	0	0	0	-7736.448945058377	0.25426619659914607	1.0E-5
0.773809523809524	-0.6400000000000002	0	0	0	0	0	0	-7765.094311638371	0.2539644846256209	1.0E-5
0.7886904761904764	-0.655	0	0	0	0	0	0	-7788.3435549986325	0.25372008572694565	1.0E-5
0.5952380952380953	-0.4450000000000001	0	0	0	0	0	0	-7023.002838163361	0.2619902448129889	1.0E-5
0.6101190476190477	-0.46000000000000013	0	0	0	0	0	0	-7128.569037194209	0.26082199915143045	1.0E-5
0.6250000000000001	-0.4750000000000004	0	0	0	0	0	0	-7226.398386050896	0.2597472056962254	9.999999999999999E-6
0.6398809523809523	-0.49000000000000016	0	0	0	0	0	0	-7316.569013353401	0.25876324482432544	1.0E-5
0.6547619047619047	-0.5050000000000001	0	0	0	0	0	0	-7399.1938977342425	0.2578672698953613	1.0000000000000003E-5
0.6696428571428572	-0.52	0	0	0	0	0	0	-7474.418762076075	0.25705624041351344	1.0E-5
0.6845238095238095	-0.535	0	0	0	0	0	0	-7542.419104791447	0.2563269592522066	9.999999999999999E-6
0.6994047619047619	-0.5500000000000002	0	0	0	0	0	0	-7603.3966468288845	0.2556761114364658	1.0E-5
0.7142857142857142	-0.5650000000000002	0	0	0	0	0	0	-7657.575441778808	0.25510030248525034	1.0E-5
0.7291666666666664	-0.5800000000000003	0	0	0	0	0	0	-7705.197855684908	0.2545960948435454	9.999999999999999E-6
0.7440476190476187	-0.5950000000000002	0	0	0	0	0	0	-7746.520579654088	0.2541600414210719	1.0E-5
0.7589285714285716	-0.6100000000000002	0	0	0	0	0	0	-7781.810796949826	0.25378871566574024	1.0E-5
0.773809523809524	-0.6250000000000002	0	0	0	0	0	0	-7811.342589798824	0.25347873792214815	1.0E-5
0.7886904761904763	-0.6399999999999999	0	0	0	0	0	0	-7835.393640871692	0.2532267980606807	1.0E-5
0.6101190476190477	-0.4450000000000002	0	0	0	0	0	0	-7161.827153572125	0.2604557652882894	1.0E-5
0.6250000000000001	-0.46000000000000013	0	0	0	0	0	0	-7261.4996154592955	0.2593634099989013	1.0E-5
0.6398809523809523	-0.4750000000000004	0	0	0	0	0	0	-7353.413870480824	0.2583630359525548	1.0E-5
0.6547619047619047	-0.49000000000000044	0	0	0	0	0	0	-7437.676720818876	0.2574518111749336	1.0E-5
0.669642857142857	-0.5050000000000001	0	0	0	0	0	0	-7514.430170065431	0.256626687626188	1.0E-5
0.6845238095238095	-0.5200000000000001	0	0	0	0	0	0	-7583.848244518938	0.2558844417011966	1.0E-5
0.6994047619047619	-0.5350000000000001	0	0	0	0	0	0	-7646.133156170342	0.2552217166714319	9.999999999999999E-6
0.7142857142857142	-0.5500000000000003	0	0	0	0	0	0	-7701.511095105785	0.25463506467958763	1.0E-5
0.7291666666666663	-0.5650000000000001	0	0	0	0	0	0	-7750.227889579069	0.2541209865418863	1.0E-5
0.7440476190476187	-0.5800000000000002	0	0	0	0	0	0	-7792.544718988535	0.25367596821041466	9.999999999999999E-6
0.7589285714285712	-0.5950000000000002	0	0	0	0	0	0	-7828.73401478688	0.25329651325123953	1.0E-5
0.7738095238095235	-0.6100000000000001	0	0	0	0	0	0	-7859.075640720424	0.25297917108451423	1.0000000000000003E-5
0.7886904761904763	-0.6250000000000002	0	0	0	0	0	0	-7883.853408265988	0.25272056101275603	1.0E-5
0.8035714285714287	-0.6400000000000001	0	0	0	0	0	0	-7903.351955714485	0.2525173922476561	1.0000000000000003E-5
0.6250000000000001	-0.4450000000000002	0	0	0	0	0	0	-7299.12765601782	0.2589530673081348	1.0E-5
0.6398809523809523	-0.4600000000000003	0	0	0	0	0	0	-7392.685845038634	0.25793764644849443	1.0E-5
0.6547619047619047	-0.4750000000000004	0	0	0	0	0	0	-7478.490090988639	0.2570124736451261	9.999999999999999E-6
0.669642857142857	-0.4900000000000002	0	0	0	0	0	0	-7556.67774665237	0.25617450474964537	1.0E-5
0.6845238095238094	-0.5050000000000001	0	0	0	0	0	0	-7627.420778249683	0.2554204974090824	9.999999999999999E-6
0.6994047619047619	-0.5200000000000001	0	0	0	0	0	0	-7690.921580843002	0.2547470579481771	1.0E-5
0.7142857142857142	-0.535	0	0	0	0	0	0	-7747.408384401038	0.25415068779770805	1.0E-5
0.7291666666666665	-0.5500000000000002	0	0	0	0	0	0	-7797.130528174774	0.2536278273777767	1.0E-5
0.744047619047619	-0.5650000000000002	0	0	0	0	0	0	-7840.353815971993	0.25317489608183236	1.0E-5
0.7589285714285716	-0.5800000000000003	0	0	0	0	0	0	-7877.3561034898685	0.2527883276277868	9.999999999999999E-6
0.773809523809524	-0.5950000000000002	0	0	0	0	0	0	-7908.423216056332	0.2524646005202105	1.0E-5
0.7886904761904763	-0.6100000000000001	0	0	0	0	0	0	-7933.845252940637	0.25220026370426973	1.0000000000000003E-5
0.8035714285714287	-0.6250000000000001	0	0	0	0	0	0	-7953.913302705513	0.25199195770696237	1.0E-5
0.818452380952381	-0.6400000000000001	0	0	0	0	0	0	-7968.916571593219	0.25183643168052755	1.0E-5
0.6398809523809524	-0.4450000000000001	0	0	0	0	0	0	-7434.609693600875	0.25748487964305355	1.0E-5
0.6547619047619047	-0.4600000000000002	0	0	0	0	0	0	-7521.848051981597	0.25654719042849866	1.0000000000000003E-5
0.6696428571428572	-0.4750000000000004	0	0	0	0	0	0	-7601.365200312215	0.25569774676813734	9.999999999999999E-6
0.6845238095238095	-0.4900000000000003	0	0	0	0	0	0	-7673.330331863737	0.25493329695738437	1.0E-5
0.6994047619047619	-0.5050000000000001	0	0	0	0	0	0	-7737.945658877752	0.25425041613233046	1.0E-5
0.7142857142857142	-0.5200000000000001	0	0	0	0	0	0	-7795.441347341347	0.25364555809681844	1.0E-5
0.7291666666666665	-0.535	0	0	0	0	0	0	-7846.07032347401	0.2531151041702651	1.0000000000000003E-5
0.7440476190476187	-0.5500000000000002	0	0	0	0	0	0	-7890.103198823492	0.25265540743844256	1.0E-5
0.7589285714285712	-0.5650000000000002	0	0	0	0	0	0	-7927.8234849690825	0.2522628315607034	1.0E-5
0.773809523809524	-0.5800000000000003	0	0	0	0	0	0	-7959.523204207618	0.2519337838769166	1.0E-5
0.7886904761904763	-0.595	0	0	0	0	0	0	-7985.4989518806915	0.25166474296671304	1.0E-5
0.8035714285714287	-0.6100000000000003	0	0	0	0	0	0	-8006.048428954205	0.2514522810672041	9.999999999999999E-6
0.818452380952381	-0.6250000000000002	0	0	0	0	0	0	-8021.467438219739	0.2512930818878021	1.0E-5
0.8333333333333333	-0.6400000000000003	0	0	0	0	0	0	-8032.047321571931	0.2511839544071836	1.0E-5
0.6398809523809523	-0.43000000000000027	0	0	0	0	0	0	-7479.426489862372	0.25700240921879736	9.999999999999999E-6
0.6547619047619048	-0.4450000000000001	0	0	0	0	0	0	-7567.980172385072	0.2560537728106518	1.0000000000000003E-5
0.669642857142857	-0.4600000000000003	0	0	0	0	0	0	-7648.7109960995285	0.25519435413832364	1.0000000000000003E-5
0.6845238095238095	-0.4750000000000002	0	0	0	0	0	0	-7721.784510161472	0.2544209035738453	9.999999999999999E-6
0.6994047619047619	-0.49000000000000016	0	0	0	0	0	0	-7787.402303720969	0.25372997196678615	1.0E-5
0.7142857142857142	-0.5050000000000001	0	0	0	0	0	0	-7845.796364275538	0.25311796906184053	1.0E-5
0.7291666666666665	-0.5200000000000001	0	0	0	0	0	0	-7897.223313835616	0.25258121840938885	1.0E-5
0.7440476190476188	-0.5350000000000001	0	0	0	0	0	0	-7941.958813194402	0.25211600681274327	1.0000000000000003E-5
0.7589285714285712	-0.5500000000000002	0	0	0	0	0	0	-7980.292330225288	0.25171862731896666	1.0E-5
0.7738095238095235	-0.5650000000000002	0	0	0	0	0	0	-8012.522388096022	0.25138541549619703	1.0E-5
0.7886904761904763	-0.5800000000000002	0	0	0	0	0	0	-8038.952347550225	0.2511127792438957	1.0E-5
0.8035714285714284	-0.5950000000000002	0	0	0	0	0	0	-8059.886733548972	0.2508972226853399	1.0E-5
0.818452380952381	-0.6100000000000002	0	0	0	0	0	0	-8075.628087958746	0.2507353648399255	1.0E-5
0.8333333333333334	-0.6250000000000002	0	0	0	0	0	0	-8086.474313168026	0.25062395381304303	1.0E-5
0.8482142857142858	-0.6400000000000001	0	0	0	0	0	0	-8092.716463147691	0.2505598772133648	1.0E-5
0.6547619047619048	-0.43000000000000027	0	0	0	0	0	0	-7617.132819336137	0.25552990413177706	1.0E-5
0.669642857142857	-0.4450000000000002	0	0	0	0	0	0	-7698.949614429187	0.25466214640827356	9.999999999999999E-6
0.6845238095238095	-0.4600000000000003	0	0	0	0	0	0	-7773.006131995971	0.25388126657732907	1.0000000000000003E-5
0.6994047619047619	-0.4750000000000002	0	0	0	0	0	0	-7839.502802150904	0.2531837994858227	1.0E-5
0.7142857142857142	-0.49000000000000044	0	0	0	0	0	0	-7898.673304323299	0.2525661149407354	1.0E-5
0.7291666666666665	-0.5050000000000001	0	0	0	0	0	0	-7950.778105185956	0.25202448004965444	9.999999999999999E-6
0.7440476190476188	-0.5200000000000001	0	0	0	0	0	0	-7996.098228479485	0.2515551150264494	9.999999999999999E-6
0.7589285714285712	-0.5350000000000001	0	0	0	0	0	0	-8034.929484415649	0.2511542412757482	1.0E-5
0.773809523809524	-0.55	0	0	0	0	0	0	-8067.577286248714	0.2508181214961582	1.0E-5
0.7886904761904763	-0.565	0	0	0	0	0	0	-8094.3521054063285	0.2505430921696794	1.0E-5
0.8035714285714288	-0.5800000000000003	0	0	0	0	0	0	-8115.56556394537	0.25032558917161285	1.0E-5
0.8184523809523812	-0.5950000000000002	0	0	0	0	0	0	-8131.527130337296	0.2501621674028188	1.0E-5
0.8333333333333333	-0.6100000000000002	0	0	0	0	0	0	-8142.541366898598	0.25004951537682407	1.0E-5
0.8482142857142858	-0.6250000000000002	0	0	0	0	0	0	-8148.905669954509	0.2499844656410575	9.999999999999999E-6
0.8630952380952381	-0.64	0	0	0	0	0	0	-8150.908443239772	0.24996400181449846	1.0E-5
0.6845238095238095	-0.4450000000000002	0	0	0	0	0	0	-7827.234584305293	0.25331221462839265	1.0000000000000003E-5
0.6994047619047619	-0.4600000000000002	0	0	0	0	0	0	-7894.474137921381	0.2526098590832451	1.0000000000000003E-5
0.7142857142857141	-0.4750000000000002	0	0	0	0	0	0	-7954.286798893594	0.25198808383627996	1.0E-5
0.7291666666666665	-0.49000000000000016	0	0	0	0	0	0	-8006.937076595243	0.25144310081215365	1.0E-5
0.7440476190476187	-0.5050000000000001	0	0	0	0	0	0	-8052.711761597966	0.2509710628521054	1.0E-5
0.7589285714285716	-0.52	0	0	0	0	0	0	-8091.91349978414	0.2505681180341588	1.0E-5
0.7738095238095235	-0.535	0	0	0	0	0	0	-8124.85509055364	0.25023045442259284	1.0E-5
0.7886904761904763	-0.5500000000000003	0	0	0	0	0	0	-8151.8545562680165	0.24995433576838627	1.0E-5
0.8035714285714284	-0.5650000000000002	0	0	0	0	0	0	-8173.230965976091	0.24973612913373253	1.0E-5
0.818452380952381	-0.5800000000000002	0	0	0	0	0	0	-8189.300958489394	0.24957232560557965	1.0E-5
0.8333333333333334	-0.5950000000000002	0	0	0	0	0	0	-8200.375891343077	0.24945955527965583	1.0E-5
0.8482142857142857	-0.6100000000000002	0	0	0	0	0	0	-8206.759536738584	0.24939459760875873	1.0E-5
0.8630952380952381	-0.6250000000000002	0	0	0	0	0	0	-8208.74624806514	0.24937438807011642	1.0E-5
0.8779761904761907	-0.6400000000000001	0	0	0	0	0	0	-8206.619527275674	0.24939602195183497	1.0E-5
0.6994047619047619	-0.4450000000000002	0	0	0	0	0	0	-7952.560456354327	0.252005990235775	9.999999999999999E-6
0.7142857142857142	-0.4600000000000001	0	0	0	0	0	0	-8012.867660667727	0.2513818503145386	1.0E-5
0.7291666666666665	-0.4750000000000002	0	0	0	0	0	0	-8065.9177294651745	0.2508351869302128	1.0E-5
0.7440476190476188	-0.49000000000000016	0	0	0	0	0	0	-8112.003737323059	0.2503620840993567	1.0E-5
0.7589285714285712	-0.5050000000000001	0	0	0	0	0	0	-8151.435794359453	0.24995861399917063	1.0E-5
0.7738095238095235	-0.52	0	0	0	0	0	0	-8184.534716773188	0.24962088739450483	1.0000000000000003E-5
0.7886904761904763	-0.535	0	0	0	0	0	0	-8211.62663749545	0.24934509321265103	1.0000000000000003E-5
0.8035714285714284	-0.55	0	0	0	0	0	0	-8233.03851878055	0.24912752854726447	9.999999999999999E-6
0.818452380952381	-0.5650000000000002	0	0	0	0	0	0	-8249.094483930323	0.24896462059608662	9.999999999999999E-6
0.8333333333333333	-0.5800000000000002	0	0	0	0	0	0	-8260.112866054242	0.24885294203340252	1.0000000000000003E-5
0.8482142857142858	-0.5950000000000001	0	0	0	0	0	0	-8266.40386904045	0.24878922118349295	1.0E-5
0.863095238095238	-0.6099999999999999	0	0	0	0	0	0	-8268.267742736552	0.248770348166342	1.0E-5
0.8779761904761907	-0.6250000000000002	0	0	0	0	0	0	-8265.99338573186	0.24879337797761922	1.0E-5
0.8928571428571427	-0.6400000000000001	0	0	0	0	0	0	-8259.857301882274	0.2488555312682766	1.0E-5
0.7142857142857142	-0.4450000000000001	0	0	0	0	0	0	-8074.664468785886	0.250745267489166	1.0E-5
0.7291666666666665	-0.4600000000000002	0	0	0	0	0	0	-8127.954203060595	0.2501987312628032	1.0E-5
0.7440476190476188	-0.4750000000000002	0	0	0	0	0	0	-8174.193908031696	0.24972630803281778	1.0E-5
0.7589285714285712	-0.4900000000000002	0	0	0	0	0	0	-8213.701958037109	0.24932399029898372	1.0E-5
0.773809523809524	-0.5050000000000001	0	0	0	0	0	0	-8246.80798729223	0.24898780765275658	1.0E-5
0.7886904761904763	-0.5200000000000001	0	0	0	0	0	0	-8273.846949865449	0.24871387105826137	1.0E-5
0.8035714285714286	-0.5350000000000001	0	0	0	0	0	0	-8295.154268836855	0.24849840568492637	1.0000000000000003E-5
0.818452380952381	-0.5499999999999999	0	0	0	0	0	0	-8311.061954704643	0.248337774236976	1.0E-5
0.8333333333333333	-0.5650000000000002	0	0	0	0	0	0	-8321.895553240603	0.2482284926924402	9.999999999999999E-6
0.8482142857142857	-0.5800000000000001	0	0	0	0	0	0	-8327.971784284968	0.24816724016565325	1.0E-5
0.863095238095238	-0.5950000000000002	0	0	0	0	0	0	-8329.596745841369	0.24815086433705574	1.0000000000000003E-5
0.8779761904761904	-0.6100000000000003	0	0	0	0	0	0	-8327.064575626448	0.24817638361310268	1.0E-5
0.8928571428571427	-0.6250000000000002	0	0	0	0	0	0	-8320.65648081763	0.2482409869209421	1.0E-5
0.9077380952380953	-0.6400000000000002	0	0	0	0	0	0	-8310.640063864072	0.2483420318226231	1.0E-5
0.7291666666666665	-0.4450000000000001	0	0	0	0	0	0	-8193.298983273495	0.24953160468779828	1.0E-5
0.7440476190476188	-0.4600000000000002	0	0	0	0	0	0	-8239.519060388542	0.24906175100904998	1.0E-5
0.7589285714285716	-0.4750000000000002	0	0	0	0	0	0	-8278.933232282388	0.24866240493686326	1.0E-5
0.7738095238095235	-0.49000000000000016	0	0	0	0	0	0	-8311.880969810167	0.24832950939889678	1.0E-5
0.7886904761904764	-0.5050000000000001	0	0	0	0	0	0	-8338.706950690987	0.24805909285625535	1.0000000000000003E-5
0.8035714285714286	-0.5200000000000001	0	0	0	0	0	0	-8359.75578030457	0.2478473055214738	9.999999999999999E-6
0.8184523809523807	-0.535	0	0	0	0	0	0	-8375.367870910803	0.24769044427553213	1.0E-5
0.8333333333333333	-0.5500000000000002	0	0	0	0	0	0	-8385.876289631791	0.24758496873063743	1.0E-5
0.8482142857142858	-0.5650000000000002	0	0	0	0	0	0	-8391.604392766938	0.2475275105987003	1.0E-5
0.863095238095238	-0.5800000000000002	0	0	0	0	0	0	-8392.864085326746	0.24751487815409617	1.0E-5
0.8779761904761904	-0.5950000000000002	0	0	0	0	0	0	-8389.954571180844	0.2475440572031133	1.0E-5
0.8928571428571427	-0.6100000000000002	0	0	0	0	0	0	-8383.16148557345	0.24761220963434266	1.0E-5
0.9077380952380953	-0.6250000000000002	0	0	0	0	0	0	-8372.756325226168	0.2477166703418758	1.0E-5
0.9226190476190473	-0.6400000000000001	0	0	0	0	0	0	-8358.996110755243	0.24785494308935832	1.0E-5
0.7440476190476188	-0.4450000000000001	0	0	0	0	0	0	-8308.234842206411	0.24836630719619562	1.0E-5
0.7589285714285712	-0.4600000000000002	0	0	0	0	0	0	-8347.368195450685	0.2479719040266295	1.0E-5
0.7738095238095235	-0.4750000000000002	0	0	0	0	0	0	-8379.975501012608	0.24764418578364555	1.0E-5
0.7886904761904763	-0.49000000000000016	0	0	0	0	0	0	-8406.4123083367	0.24737909201802885	1.0E-5
0.8035714285714286	-0.5050000000000001	0	0	0	0	0	0	-8427.033322678399	0.24717269351053409	1.0E-5
0.8184523809523812	-0.5200000000000002	0	0	0	0	0	0	-8442.188014605634	0.24702121900510246	1.0E-5
0.8333333333333334	-0.5350000000000001	0	0	0	0	0	0	-8452.21737193475	0.24692107152082116	1.0E-5
0.8482142857142858	-0.5500000000000003	0	0	0	0	0	0	-8457.451554051797	0.24686883697883177	1.0E-5
0.8630952380952381	-0.5650000000000002	0	0	0	0	0	0	-8458.20824179702	0.24686128737108862	9.999999999999999E-6
0.8779761904761904	-0.5800000000000001	0	0	0	0	0	0	-8454.791514499351	0.24689538019483728	1.0E-5
0.8928571428571427	-0.5950000000000002	0	0	0	0	0	0	-8447.49112248307	0.24696825543374684	1.0E-5
0.9077380952380953	-0.6100000000000002	0	0	0	0	0	0	-8436.582055116043	0.24707723100410542	1.0000000000000003E-5
0.9226190476190473	-0.6250000000000001	0	0	0	0	0	0	-8422.324330176272	0.24721979730291516	1.0E-5
0.9374999999999998	-0.6400000000000001	0	0	0	0	0	0	-8404.962950169996	0.24739361128495851	1.0E-5
0.744047619047619	-0.43000000000000027	0	0	0	0	0	0	-8380.617849657338	0.24763773821188378	9.999999999999999E-6
0.7589285714285712	-0.4450000000000001	0	0	0	0	0	0	-8419.264692993094	0.2472504119294927	1.0E-5
0.773809523809524	-0.4600000000000002	0	0	0	0	0	0	-8451.33093098495	0.2469299198694497	1.0E-5
0.7886904761904763	-0.4750000000000002	0	0	0	0	0	0	-8477.184449118262	0.24667210377778911	1.0000000000000003E-5
0.8035714285714286	-0.4900000000000002	0	0	0	0	0	0	-8497.191221537938	0.24647294860381802	1.0E-5
0.8184523809523812	-0.5050000000000001	0	0	0	0	0	0	-8511.71061485386	0.2463286113154397	1.0E-5
0.8333333333333334	-0.5200000000000002	0	0	0	0	0	0	-8521.09205214167	0.2462354373390267	1.0E-5
0.8482142857142858	-0.5350000000000003	0	0	0	0	0	0	-8525.672721211788	0.24618996810829155	1.0E-5
0.8630952380952381	-0.5500000000000003	0	0	0	0	0	0	-8525.776061042758	0.24618894251053552	9.999999999999999E-6
0.8779761904761905	-0.5650000000000002	0	0	0	0	0	0	-8521.710815118611	0.24622929434433707	1.0E-5
0.8928571428571427	-0.5800000000000002	0	0	0	0	0	0	-8513.770491054844	0.24630814732188505	1.0E-5
0.9077380952380953	-0.5950000000000002	0	0	0	0	0	0	-8502.233108492064	0.24642280868334346	1.0E-5
0.9226190476190477	-0.6100000000000002	0	0	0	0	0	0	-8487.361150859062	0.24657076213643223	1.0000000000000003E-5
0.9374999999999998	-0.6250000000000001	0	0	0	0	0	0	-8469.401661924283	0.24674966057642925	1.0E-5
0.9523809523809521	-0.6400000000000002	0	0	0	0	0	0	-8448.58644639424	0.24695731886105965	1.0E-5
0.9672619047619044	-0.655	0	0	0	0	0	0	-8425.132346657587	0.24719170679293753	1.0E-5
0.7738095238095235	-0.4450000000000001	0	0	0	0	0	0	-8526.206132750132	0.24618467434603994	1.0000000000000003E-5
0.7886904761904764	-0.4600000000000003	0	0	0	0	0	0	-8551.262335004923	0.24593625605640224	1.0E-5
0.8035714285714286	-0.4750000000000002	0	0	0	0	0	0	-8570.449404265693	0.24574635534981745	1.0E-5
0.818452380952381	-0.49000000000000016	0	0	0	0	0	0	-8584.137673437563	0.24561105200360436	1.0000000000000003E-5
0.8333333333333334	-0.5050000000000001	0	0	0	0	0	0	-8592.685662520527	0.24552663179688555	1.0E-5
0.8482142857142858	-0.5200000000000001	0	0	0	0	0	0	-8596.437887912436	0.24548959252271538	1.0E-5
0.8630952380952381	-0.5350000000000001	0	0	0	0	0	0	-8595.72354689582	0.24549664314641104	1.0E-5
0.8779761904761905	-0.5500000000000002	0	0	0	0	0	0	-8590.855811433663	0.24554469871618784	1.0E-5
0.8928571428571428	-0.5650000000000002	0	0	0	0	0	0	-8582.131534900804	0.2456308728675297	1.0E-5
0.907738095238095	-0.5800000000000003	0	0	0	0	0	0	-8569.831232219354	0.24575246916325272	1.0E-5
0.9226190476190474	-0.5950000000000001	0	0	0	0	0	0	-8554.219237612819	0.2459069720654471	1.0000000000000003E-5
0.9374999999999998	-0.6100000000000001	0	0	0	0	0	0	-8535.543976282781	0.24609203801858398	1.0E-5
0.9523809523809521	-0.6250000000000001	0	0	0	0	0	0	-8514.038308905741	0.24630548690704213	1.0E-5
0.967261904761905	-0.6400000000000003	0	0	0	0	0	0	-8489.919923152798	0.24654529400941572	1.0E-5
0.7886904761904763	-0.4450000000000002	0	0	0	0	0	0	-8628.9045201568	0.2451695589779259	1.0E-5
0.8035714285714286	-0.46000000000000013	0	0	0	0	0	0	-8647.045180391198	0.24499109486617962	1.0E-5
0.818452380952381	-0.47500000000000014	0	0	0	0	0	0	-8659.686482785517	0.2448668821839536	1.0E-5
0.833333333333333	-0.49000000000000016	0	0	0	0	0	0	-8667.196894614779	0.24479314358143114	1.0E-5
0.8482142857142857	-0.5050000000000001	0	0	0	0	0	0	-8669.928656592909	0.2447663334062415	1.0E-5
0.863095238095238	-0.5200000000000001	0	0	0	0	0	0	-8668.216747746688	0.24478313382354808	1.0E-5
0.8779761904761905	-0.535	0	0	0	0	0	0	-8662.378503504675	0.24484044643863698	1.0E-5
0.8928571428571428	-0.5500000000000003	0	0	0	0	0	0	-8652.713646317574	0.24493538164130932	1.0E-5
0.9077380952380953	-0.5650000000000002	0	0	0	0	0	0	-8639.504563866665	0.24506524711707592	9.999999999999999E-6
0.9226190476190477	-0.5800000000000003	0	0	0	0	0	0	-8623.01672661568	0.24522753640879294	1.0E-5
0.9374999999999998	-0.5950000000000002	0	0	0	0	0	0	-8603.499176928424	0.24541991802363514	1.0E-5
0.9523809523809521	-0.6100000000000003	0	0	0	0	0	0	-8581.185049610613	0.24564022532320823	1.0E-5
0.9672619047619044	-0.6250000000000001	0	0	0	0	0	0	-8556.292101792338	0.24588644727305248	1.0E-5
0.9821428571428572	-0.64	0	0	0	0	0	0	-8529.02324128422	0.24615672003287742	1.0E-5
0.9970238095238096	-0.655	0	0	0	0	0	0	-8499.567049066443	0.24644931931865466	1.0E-5
0.7886904761904764	-0.43000000000000027	0	0	0	0	0	0	-8710.391546576702	0.244369892723437	9.999999999999999E-6
0.8035714285714287	-0.4450000000000001	0	0	0	0	0	0	-8727.235306335426	0.24420523442353861	1.0E-5
0.818452380952381	-0.46000000000000013	0	0	0	0	0	0	-8738.591375418977	0.2440943445931118	1.0E-5
0.8333333333333334	-0.47500000000000014	0	0	0	0	0	0	-8744.839262284606	0.2440333773508013	1.0E-5
0.8482142857142857	-0.49000000000000016	0	0	0	0	0	0	-8746.339450026524	0.24401874288708458	1.0E-5
0.8630952380952381	-0.5050000000000001	0	0	0	0	0	0	-8743.432752826351	0.24404709954149578	1.0E-5
0.8779761904761904	-0.52	0	0	0	0	0	0	-8736.440368572083	0.24411534116844152	1.0000000000000003E-5
0.8928571428571428	-0.5350000000000001	0	0	0	0	0	0	-8725.664332259841	0.2442205824722208	1.0000000000000003E-5
0.9077380952380951	-0.5500000000000002	0	0	0	0	0	0	-8711.38817539801	0.2443601439907356	1.0E-5
0.9226190476190474	-0.5650000000000002	0	0	0	0	0	0	-8693.877670018222	0.24453153769895275	1.0000000000000003E-5
0.9374999999999998	-0.5800000000000002	0	0	0	0	0	0	-8673.381586673735	0.24473245372730693	1.0E-5
0.9523809523809521	-0.5950000000000002	0	0	0	0	0	0	-8650.132429347495	0.24496074838599008	1.0E-5
0.9672619047619049	-0.6100000000000001	0	0	0	0	0	0	-8624.347131227556	0.24521443350309582	1.0E-5
0.9821428571428572	-0.6250000000000001	0	0	0	0	0	0	-8596.227707667318	0.245491666983738	1.0E-5
0.9970238095238096	-0.6399999999999999	0	0	0	0	0	0	-8565.961869230665	0.2457907444498494	1.0E-5
0.8184523809523812	-0.4450000000000002	0	0	0	0	0	0	-8821.105754267019	0.243291573529813	1.0E-5
0.8333333333333334	-0.4600000000000003	0	0	0	0	0	0	-8825.84278610153	0.24324564559481832	9.999999999999999E-6
0.8482142857142858	-0.4750000000000002	0	0	0	0	0	0	-8825.878893645759	0.24324529557957922	1.0E-5
0.8630952380952377	-0.4900000000000002	0	0	0	0	0	0	-8821.560817785457	0.2432871607135527	1.0E-5
0.8779761904761904	-0.5050000000000001	0	0	0	0	0	0	-8813.213272827292	0.24336813320947265	1.0E-5
0.8928571428571428	-0.5200000000000001	0	0	0	0	0	0	-8801.139950816792	0.24348534049292272	9.999999999999999E-6
0.9077380952380953	-0.535	0	0	0	0	0	0	-8785.624667659002	0.24363612577380403	9.999999999999999E-6
0.9226190476190477	-0.5500000000000003	0	0	0	0	0	0	-8766.932516495284	0.24381803001087055	1.0E-5
0.9374999999999998	-0.5650000000000002	0	0	0	0	0	0	-8745.310957260062	0.24402877573879056	1.0E-5
0.9523809523809521	-0.5800000000000002	0	0	0	0	0	0	-8720.990811656482	0.24426625287013531	1.0E-5
0.9672619047619044	-0.5950000000000002	0	0	0	0	0	0	-8694.187156892993	0.24452850638093812	1.0000000000000003E-5
0.9821428571428572	-0.61	0	0	0	0	0	0	-8665.100124721253	0.24481372568535775	1.0E-5
0.9970238095238096	-0.6250000000000004	0	0	0	0	0	0	-8633.91561849954	0.24512023546500014	1.0000000000000003E-5
1.0119047619047616	-0.64	0	0	0	0	0	0	-8600.805962898845	0.24544648771597313	1.0E-5
0.818452380952381	-0.43000000000000027	0	0	0	0	0	0	-8907.504466118615	0.24245658309805573	1.0E-5
0.8333333333333335	-0.4450000000000002	0	0	0	0	0	0	-8910.455945835978	0.2424281592177955	1.0000000000000003E-5
0.8482142857142858	-0.46000000000000013	0	0	0	0	0	0	-8908.77140247362	0.2424443812047782	1.0E-5
0.8630952380952381	-0.4750000000000002	0	0	0	0	0	0	-8902.803643381254	0.24250186749044372	1.0E-5
0.8779761904761904	-0.49000000000000016	0	0	0	0	0	0	-8892.880495696061	0.24259751521688358	9.999999999999999E-6
0.8928571428571427	-0.505	0	0	0	0	0	0	-8879.306528932986	0.24272847393554295	1.0E-5
0.9077380952380951	-0.52	0	0	0	0	0	0	-8862.364822469732	0.24289212064049306	9.999999999999999E-6
0.9226190476190477	-0.5350000000000001	0	0	0	0	0	0	-8842.318631822536	0.24308603724474553	1.0E-5
0.9374999999999998	-0.5500000000000002	0	0	0	0	0	0	-8819.412886297236	0.24330799090166233	1.0E-5
0.952380952380952	-0.5650000000000002	0	0	0	0	0	0	-8793.875498537085	0.24355591715858296	1.0E-5
0.9672619047619044	-0.5800000000000003	0	0	0	0	0	0	-8765.918493465468	0.24382790570868035	1.0E-5
0.9821428571428573	-0.5950000000000002	0	0	0	0	0	0	-8735.738977547748	0.24412218840814276	1.0E-5
0.9970238095238095	-0.6100000000000001	0	0	0	0	0	0	-8703.519974341172	0.2444371292003826	1.0E-5
1.0119047619047619	-0.6250000000000004	0	0	0	0	0	0	-8669.43115246456	0.24477121560490098	1.0E-5
1.0267857142857144	-0.6400000000000001	0	0	0	0	0	0	-8633.629469685358	0.24512305146514746	1.0E-5
0.8482142857142858	-0.4450000000000001	0	0	0	0	0	0	-8995.259014797077	0.24161429607780488	1.0E-5
0.8630952380952381	-0.4600000000000002	0	0	0	0	0	0	-8987.37883643614	0.24168969331153545	1.0E-5
0.8779761904761905	-0.4750000000000002	0	0	0	0	0	0	-8975.637886214305	0.2418021174035996	1.0E-5
0.8928571428571427	-0.49000000000000016	0	0	0	0	0	0	-8960.340674056944	0.24194875063229906	1.0E-5
0.9077380952380953	-0.5050000000000001	0	0	0	0	0	0	-8941.768320179259	0.24212701644006251	1.0E-5
0.9226190476190477	-0.5200000000000001	0	0	0	0	0	0	-8920.18086403198	0.24233455135832377	1.0E-5
0.9374999999999998	-0.535	0	0	0	0	0	0	-8895.819263696763	0.24256918107109893	1.0E-5
0.9523809523809521	-0.55	0	0	0	0	0	0	-8868.907084967781	0.24282890041117086	1.0E-5
0.9672619047619044	-0.5650000000000001	0	0	0	0	0	0	-8839.651908575735	0.24311185685175385	1.0E-5
0.9821428571428572	-0.5800000000000001	0	0	0	0	0	0	-8808.246496551232	0.24341633697270368	1.0E-5
0.9970238095238095	-0.5950000000000001	0	0	0	0	0	0	-8774.869761467551	0.24374075538030976	1.0E-5
1.0119047619047616	-0.6100000000000002	0	0	0	0	0	0	-8739.687579688401	0.24408364560346504	1.0E-5
1.0267857142857144	-0.6250000000000004	0	0	0	0	0	0	-8702.85348456036	0.24444365255206318	1.0E-5
1.0416666666666663	-0.6400000000000001	0	0	0	0	0	0	-8664.509269406804	0.24481952619149921	1.0E-5
0.8630952380952381	-0.4450000000000001	0	0	0	0	0	0	-9075.520589011554	0.2408490275126971	1.0000000000000003E-5
0.8779761904761904	-0.4600000000000003	0	0	0	0	0	0	-9061.695175149634	0.24098050214762165	1.0E-5
0.8928571428571428	-0.4750000000000002	0	0	0	0	0	0	-9044.430594713227	0.2411448841665615	1.0E-5
0.9077380952380951	-0.49000000000000016	0	0	0	0	0	0	-9024.004531720191	0.2413396580132379	1.0E-5
0.9226190476190474	-0.5049999999999999	0	0	0	0	0	0	-9000.672158193827	0.24156253054468335	1.0E-5
0.9374999999999997	-0.52	0	0	0	0	0	0	-8974.668750041972	0.24181140191488557	1.0E-5
0.9523809523809521	-0.5350000000000001	0	0	0	0	0	0	-8946.211832984123	0.24208434180591554	1.0E-5
0.9672619047619047	-0.5500000000000002	0	0	0	0	0	0	-8915.502917570544	0.24237957028220905	1.0E-5
0.9821428571428572	-0.5650000000000001	0	0	0	0	0	0	-8882.72889214158	0.24269544249219957	1.0E-5
0.9970238095238095	-0.5800000000000003	0	0	0	0	0	0	-8848.06314122397	0.24303043648296271	1.0E-5
1.0119047619047619	-0.5950000000000002	0	0	0	0	0	0	-8811.666449949777	0.24338314347848938	1.0E-5
1.0267857142857144	-0.61	0	0	0	0	0	0	-8773.687745933727	0.24375226007208617	1.0000000000000003E-5
1.0416666666666665	-0.6250000000000002	0	0	0	0	0	0	-8734.26472054442	0.24413658188248938	9.999999999999999E-6
1.056547619047619	-0.6399999999999999	0	0	0	0	0	0	-8693.524362654804	0.24453499831363368	1.0E-5
1.0714285714285718	-0.655	0	0	0	0	0	0	-8651.583430210003	0.24494648813638797	1.0E-5
0.8630952380952381	-0.43000000000000027	0	0	0	0	0	0	-9167.48162019743	0.23997816677851583	9.999999999999999E-6
0.8779761904761905	-0.4450000000000002	0	0	0	0	0	0	-9151.277471568188	0.2401311578760958	1.0000000000000003E-5
0.8928571428571428	-0.46000000000000046	0	0	0	0	0	0	-9131.7772477329	0.24031552961010874	1.0E-5
0.9077380952380953	-0.4750000000000002	0	0	0	0	0	0	-9109.253395529753	0.2405288443085482	1.0E-5
0.9226190476190474	-0.49000000000000016	0	0	0	0	0	0	-9083.954226356565	0.24076889735278223	1.0000000000000003E-5
0.9374999999999998	-0.5049999999999999	0	0	0	0	0	0	-9056.107289349186	0.24103368174887635	1.0E-5
0.952380952380952	-0.5200000000000002	0	0	0	0	0	0	-9025.922065878623	0.241321359870455	9.999999999999999E-6
0.9672619047619044	-0.535	0	0	0	0	0	0	-8993.592088781663	0.2416302412431565	1.0000000000000003E-5
0.9821428571428572	-0.5500000000000002	0	0	0	0	0	0	-8959.296593621903	0.2419587652502353	9.999999999999999E-6
0.9970238095238093	-0.5650000000000002	0	0	0	0	0	0	-8923.201801143214	0.24230548774535976	1.0E-5
1.0119047619047619	-0.58	0	0	0	0	0	0	-8885.461916682323	0.24266907070365704	1.0000000000000003E-5
1.0267857142857144	-0.5950000000000002	0	0	0	0	0	0	-8846.219917520348	0.2430482741929973	1.0E-5
1.0416666666666665	-0.6100000000000002	0	0	0	0	0	0	-8805.608184995483	0.24344195008808786	9.999999999999999E-6
1.056547619047619	-0.6250000000000002	0	0	0	0	0	0	-8763.749025623783	0.24384903707303504	9.999999999999999E-6
1.0714285714285718	-0.6400000000000001	0	0	0	0	0	0	-8720.75511481324	0.24426855658171276	1.0E-5
0.8928571428571428	-0.4450000000000003	0	0	0	0	0	0	-9222.595633135288	0.2394592787710114	1.0000000000000003E-5
0.9077380952380953	-0.4600000000000004	0	0	0	0	0	0	-9197.706391160758	0.2396933252703611	1.0E-5
0.9226190476190477	-0.4750000000000002	0	0	0	0	0	0	-9170.198278612857	0.23995253675052694	1.0E-5
0.9374999999999998	-0.4900000000000002	0	0	0	0	0	0	-9140.288658557054	0.24023502042213943	1.0E-5
0.9523809523809527	-0.5050000000000001	0	0	0	0	0	0	-9108.176582700662	0.2405390519264403	9.999999999999999E-6
0.9672619047619044	-0.52	0	0	0	0	0	0	-9074.04535827199	0.24086304955987245	1.0000000000000003E-5
0.9821428571428572	-0.5350000000000001	0	0	0	0	0	0	-9038.064490621497	0.24120555473976762	9.999999999999999E-6
0.9970238095238095	-0.55	0	0	0	0	0	0	-9000.391142780505	0.2415652173313677	1.0000000000000003E-5
1.0119047619047619	-0.5650000000000002	0	0	0	0	0	0	-8961.171230231352	0.24194078468770308	1.0E-5
1.0267857142857144	-0.5800000000000003	0	0	0	0	0	0	-8920.54024642135	0.24233109347509268	1.0E-5
1.0416666666666665	-0.5950000000000002	0	0	0	0	0	0	-8878.623894095013	0.24273506355273283	1.0E-5
1.0565476190476193	-0.6100000000000003	0	0	0	0	0	0	-8835.538580066937	0.24315169334014053	1.0E-5
1.0714285714285718	-0.6250000000000003	0	0	0	0	0	0	-8791.391816687497	0.2435800562416792	1.0E-5
1.0863095238095237	-0.6400000000000001	0	0	0	0	0	0	-8746.282561756027	0.2440192978057129	9.999999999999999E-6
1.1011904761904765	-0.655	0	0	0	0	0	0	-8700.30151953996	0.24446863338193603	1.0E-5
0.9077380952380953	-0.4450000000000001	0	0	0	0	0	0	-9289.567622976743	0.2388317984692252	1.0E-5
0.9226190476190477	-0.4600000000000002	0	0	0	0	0	0	-9259.585821575445	0.23911229413453144	1.0000000000000003E-5
0.9374999999999998	-0.4750000000000004	0	0	0	0	0	0	-9227.37505576441	0.23941438827360145	1.0E-5
0.9523809523809521	-0.4900000000000002	0	0	0	0	0	0	-9193.12109263631	0.2397364936766566	1.0E-5
0.9672619047619044	-0.5050000000000001	0	0	0	0	0	0	-9156.994352345046	0.24007715962962303	1.0E-5
0.982142857142857	-0.52	0	0	0	0	0	0	-9119.152174768536	0.24043504989418232	9.999999999999999E-6
0.9970238095238095	-0.5350000000000001	0	0	0	0	0	0	-9079.740465346304	0.2408089266914302	1.0E-5
1.0119047619047619	-0.5499999999999998	0	0	0	0	0	0	-9038.894880104024	0.24119763918571815	1.0000000000000003E-5
1.0267857142857144	-0.5650000000000002	0	0	0	0	0	0	-8996.741676101085	0.24160011528254252	1.0E-5
1.0416666666666665	-0.5800000000000003	0	0	0	0	0	0	-8953.398324616934	0.2420153558228923	9.999999999999999E-6
1.056547619047619	-0.5950000000000001	0	0	0	0	0	0	-8908.973960596468	0.24244243047591701	1.0000000000000003E-5
1.0714285714285716	-0.6100000000000003	0	0	0	0	0	0	-8863.569722817881	0.2428804748069297	1.0E-5
1.0863095238095237	-0.6250000000000002	0	0	0	0	0	0	-8817.279024322026	0.24332868813487962	1.0E-5
1.1011904761904763	-0.6399999999999999	0	0	0	0	0	0	-8770.187781064622	0.2437863319001215	1.0E-5
0.9226190476190477	-0.4450000000000001	0	0	0	0	0	0	-9352.309530649743	0.2382469732979116	1.0E-5
0.9375	-0.4600000000000003	0	0	0	0	0	0	-9317.537728616733	0.2385707251913972	1.0E-5
0.9523809523809526	-0.4750000000000004	0	0	0	0	0	0	-9280.908667947744	0.2389127389740923	1.0E-5
0.9672619047619044	-0.4900000000000002	0	0	0	0	0	0	-9242.576715154437	0.2392717206307756	1.0E-5
0.9821428571428572	-0.5050000000000001	0	0	0	0	0	0	-9202.68417841086	0.23964647954894813	9.999999999999999E-6
0.9970238095238095	-0.52	0	0	0	0	0	0	-9161.363141879114	0.24003591114862532	9.999999999999999E-6
1.0119047619047619	-0.5350000000000001	0	0	0	0	0	0	-9118.736727532596	0.24043898492383764	1.0E-5
1.0267857142857144	-0.55	0	0	0	0	0	0	-9074.919948885912	0.24085473639085067	1.0000000000000003E-5
1.0416666666666665	-0.5650000000000002	0	0	0	0	0	0	-9030.020280840434	0.24128226180233012	9.999999999999999E-6
1.0565476190476195	-0.5800000000000003	0	0	0	0	0	0	-8984.138037871036	0.24172071477514703	1.0E-5
1.0714285714285718	-0.5950000000000002	0	0	0	0	0	0	-8937.366627845677	0.2421693042039164	1.0E-5
1.0863095238095237	-0.6100000000000003	0	0	0	0	0	0	-8889.792729665422	0.24262729300428879	1.0E-5
1.1011904761904765	-0.6250000000000002	0	0	0	0	0	0	-8841.496428385799	0.2430939973611093	9.999999999999999E-6
1.1160714285714284	-0.6400000000000002	0	0	0	0	0	0	-8792.551330917582	0.24356878625219977	1.0E-5
1.1309523809523807	-0.655	0	0	0	0	0	0	-8743.024676543018	0.2440510811000544	9.999999999999999E-6
0.9374999999999997	-0.4450000000000003	0	0	0	0	0	0	-9410.95764316903	0.23770293981946852	1.0E-5
0.9523809523809521	-0.46000000000000013	0	0	0	0	0	0	-9371.70021282658	0.23806681982491434	1.0000000000000003E-5
0.9672619047619044	-0.4750000000000004	0	0	0	0	0	0	-9330.936437440658	0.23844586700286982	9.999999999999999E-6
0.9821428571428572	-0.49000000000000016	0	0	0	0	0	0	-9288.790206019206	0.23883906318144904	9.999999999999999E-6
0.9970238095238095	-0.5050000000000001	0	0	0	0	0	0	-9245.376783701196	0.23924546075304443	1.0E-5
1.011904761904762	-0.5200000000000001	0	0	0	0	0	0	-9200.804124448468	0.23966417047338345	1.0000000000000003E-5
1.0267857142857144	-0.5350000000000001	0	0	0	0	0	0	-9155.173694534946	0.24009435382087552	1.0E-5
1.0416666666666667	-0.5499999999999999	0	0	0	0	0	0	-9108.580963240356	0.24053521851000392	1.0000000000000003E-5
1.0565476190476193	-0.5650000000000002	0	0	0	0	0	0	-9061.115674689865	0.24098601612834578	1.0E-5
1.0714285714285716	-0.5800000000000001	0	0	0	0	0	0	-9012.861982553732	0.24144604115173057	9.999999999999999E-6
1.0863095238095237	-0.5950000000000001	0	0	0	0	0	0	-8963.898505176152	0.2419146308056363	1.0E-5
1.1011904761904763	-0.6100000000000003	0	0	0	0	0	0	-8914.29834071951	0.24239116540043765	9.999999999999999E-6
1.1160714285714284	-0.625	0	0	0	0	0	0	-8864.129068991151	0.2428750688830613	1.0E-5
1.1309523809523807	-0.6400000000000002	0	0	0	0	0	0	-8813.452756185994	0.24336580944185285	1.0E-5
0.952380952380952	-0.4450000000000002	0	0	0	0	0	0	-9465.664943596708	0.2371977466944935	1.0E-5
0.9672619047619044	-0.4600000000000002	0	0	0	0	0	0	-9422.224180630552	0.23759871926379886	1.0E-5
0.9821428571428572	-0.4750000000000001	0	0	0	0	0	0	-9377.60535235564	0.2380120119882915	1.0E-5
0.9970238095238095	-0.49000000000000016	0	0	0	0	0	0	-9331.9033876163	0.23843686145565335	9.999999999999999E-6
1.011904761904762	-0.5050000000000001	0	0	0	0	0	0	-9285.208013930298	0.23887254341758196	1.0E-5
1.0267857142857144	-0.5200000000000002	0	0	0	0	0	0	-9237.604500614636	0.23931836593522665	1.0E-5
1.0416666666666665	-0.5350000000000001	0	0	0	0	0	0	-9189.174020180364	0.2397736660700747	9.999999999999999E-6
1.056547619047619	-0.5500000000000002	0	0	0	0	0	0	-9139.993766708438	0.24023780888719282	1.0E-5
1.0714285714285716	-0.5650000000000001	0	0	0	0	0	0	-9090.136928741955	0.24071018789634147	1.0E-5
1.0863095238095242	-0.5800000000000003	0	0	0	0	0	0	-9039.672584100777	0.24119022631922368	1.0000000000000003E-5
1.1011904761904763	-0.5950000000000002	0	0	0	0	0	0	-8988.66556206265	0.24167737876324208	1.0E-5
1.1160714285714284	-0.6100000000000001	0	0	0	0	0	0	-8937.176302813607	0.2421711330185145	1.0E-5
1.1309523809523805	-0.625	0	0	0	0	0	0	-8885.260731949738	0.2426710118028001	1.0E-5
1.145833333333333	-0.6400000000000002	0	0	0	0	0	0	-8832.97016325063	0.24317657431749992	1.0E-5
0.9672619047619043	-0.4450000000000002	0	0	0	0	0	0	-9516.597588088294	0.23672938524919118	1.0000000000000003E-5
0.982142857142857	-0.4600000000000002	0	0	0	0	0	0	-9469.270299448945	0.2371645303742203	1.0E-5
0.9970238095238095	-0.4750000000000003	0	0	0	0	0	0	-9421.069458660144	0.23760939666419534	9.999999999999999E-6
1.0119047619047619	-0.4900000000000003	0	0	0	0	0	0	-9372.063005890763	0.2380634518625736	1.0E-5
1.0267857142857144	-0.5050000000000001	0	0	0	0	0	0	-9322.316959400367	0.23852617383925623	1.0E-5
1.0416666666666665	-0.5200000000000001	0	0	0	0	0	0	-9271.895578212509	0.23899704896823026	1.0E-5
1.056547619047619	-0.5350000000000003	0	0	0	0	0	0	-9220.861264147934	0.23947557296108585	1.0E-5
1.0714285714285716	-0.5500000000000002	0	0	0	0	0	0	-9169.27431751551	0.23996125314451328	1.0E-5
1.0863095238095237	-0.5650000000000001	0	0	0	0	0	0	-9117.192623648629	0.24045361148977354	1.0E-5
1.1011904761904763	-0.5800000000000003	0	0	0	0	0	0	-9064.671321053509	0.2409521879307498	1.0E-5
1.1160714285714286	-0.5950000000000002	0	0	0	0	0	0	-9011.762483565122	0.2414565436667517	1.0E-5
1.1309523809523805	-0.6100000000000003	0	0	0	0	0	0	-8958.514835051343	0.24196626426827753	1.0000000000000003E-5
1.145833333333333	-0.625	0	0	0	0	0	0	-8904.973509537847	0.24248096245176973	1.0E-5
1.1607142857142856	-0.6400000000000001	0	0	0	0	0	0	-8851.179850956609	0.24300028056500525	1.0E-5
1.1755952380952384	-0.655	0	0	0	0	0	0	-8797.17129068263	0.2435238923988299	9.999999999999999E-6
0.982142857142857	-0.4450000000000001	0	0	0	0	0	0	-9563.931481730635	0.23629581794569512	9.999999999999999E-6
0.9970238095238095	-0.4600000000000004	0	0	0	0	0	0	-9513.006099109616	0.23676234925780174	9.999999999999999E-6
1.0119047619047619	-0.4750000000000002	0	0	0	0	0	0	-9461.48742013996	0.23723624635487284	1.0000000000000003E-5
1.0267857142857144	-0.49000000000000016	0	0	0	0	0	0	-9409.418684789376	0.23771718313648665	1.0E-5
1.0416666666666665	-0.5050000000000001	0	0	0	0	0	0	-9356.844245650083	0.23820481761405363	1.0E-5
1.056547619047619	-0.52	0	0	0	0	0	0	-9303.809170166833	0.2386987951763942	1.0000000000000003E-5
1.0714285714285714	-0.535	0	0	0	0	0	0	-9250.358707481471	0.23919875322249967	1.0E-5
1.086309523809524	-0.5500000000000002	0	0	0	0	0	0	-9196.537705980521	0.23970432639432324	1.0E-5
1.1011904761904763	-0.5650000000000002	0	0	0	0	0	0	-9142.39003636798	0.24021515191089599	1.0E-5
1.1160714285714284	-0.5800000000000003	0	0	0	0	0	0	-9087.958053814324	0.2407308746886387	1.0E-5
1.1309523809523805	-0.5950000000000002	0	0	0	0	0	0	-9033.282117210501	0.24125115206860973	1.0E-5
1.145833333333333	-0.6100000000000002	0	0	0	0	0	0	-8978.4001769092	0.24177565802776854	1.0E-5
1.1607142857142856	-0.625	0	0	0	0	0	0	-8923.347423428475	0.24230408692809333	1.0000000000000003E-5
1.1755952380952381	-0.64	0	0	0	0	0	0	-8868.156032661871	0.2428361564426174	1.0E-5
0.9821428571428572	-0.43000000000000027	0	0	0	0	0	0	-9661.74120519704	0.2354050721258764	1.0000000000000003E-5
0.9970238095238093	-0.4450000000000001	0	0	0	0	0	0	-9607.8490517597	0.23589500415453407	1.0E-5
1.0119047619047619	-0.4600000000000002	0	0	0	0	0	0	-9553.603286938605	0.2363902822800339	1.0E-5
1.0267857142857144	-0.4750000000000002	0	0	0	0	0	0	-9499.0202911919	0.23689080609737245	1.0E-5
1.0416666666666665	-0.49000000000000016	0	0	0	0	0	0	-9444.121082953974	0.23739643025559357	1.0E-5
1.056547619047619	-0.5050000000000001	0	0	0	0	0	0	-9388.930510728333	0.23790697093453386	1.0000000000000003E-5
1.0714285714285714	-0.5200000000000001	0	0	0	0	0	0	-9333.476338733524	0.23842221348780146	1.0E-5
1.0863095238095237	-0.5350000000000001	0	0	0	0	0	0	-9277.788318794652	0.23894192042441023	9.999999999999999E-6
1.1011904761904765	-0.5500000000000002	0	0	0	0	0	0	-9221.89730502707	0.23946583921059988	1.0000000000000003E-5
1.1160714285714284	-0.5650000000000001	0	0	0	0	0	0	-9165.834443819987	0.23999370958048682	1.0E-5
1.1309523809523805	-0.5800000000000001	0	0	0	0	0	0	-9109.630454705055	0.24052527019223868	1.0E-5
1.145833333333333	-0.595	0	0	0	0	0	0	-9053.315010346303	0.24106026452952548	1.0E-5
1.1607142857142851	-0.6099999999999999	0	0	0	0	0	0	-8996.916205037576	0.2415984461238583	1.0E-5
1.1755952380952381	-0.6250000000000002	0	0	0	0	0	0	-8940.460143450515	0.2421395827686901	1.0E-5
1.1904761904761907	-0.6400000000000003	0	0	0	0	0	0	-8883.970501545786	0.24268346111931363	1.0000000000000003E-5
0.9970238095238095	-0.43000000000000027	0	0	0	0	0	0	-9705.738682096337	0.23500665154729855	9.999999999999999E-6
1.0119047619047619	-0.4450000000000002	0	0	0	0	0	0	-9648.536292621951	0.23552492283259113	1.0E-5
1.0267857142857144	-0.4600000000000002	0	0	0	0	0	0	-9591.235324524034	0.23604646431091203	1.0E-5
1.0416666666666665	-0.4750000000000002	0	0	0	0	0	0	-9533.829532122014	0.23657135529973483	9.999999999999999E-6
1.056547619047619	-0.49000000000000016	0	0	0	0	0	0	-9476.320269814638	0.23709960621012377	1.0E-5
1.0714285714285714	-0.5049999999999999	0	0	0	0	0	0	-9418.715077788984	0.23763117002580328	1.0E-5
1.086309523809524	-0.5200000000000001	0	0	0	0	0	0	-9361.026311703925	0.2381659537071674	1.0E-5
1.101190476190476	-0.5350000000000001	0	0	0	0	0	0	-9303.26987061284	0.23870382900885742	9.999999999999999E-6
1.1160714285714284	-0.5500000000000002	0	0	0	0	0	0	-9245.464051213841	0.23924464242612375	1.0000000000000003E-5
1.1309523809523805	-0.5650000000000002	0	0	0	0	0	0	-9187.628538723102	0.2397882241421031	1.0E-5
1.145833333333333	-0.5800000000000001	0	0	0	0	0	0	-9129.783537128062	0.2403343959145314	1.0E-5
1.1607142857142851	-0.5950000000000002	0	0	0	0	0	0	-9071.949023241115	0.24088297801227873	1.0E-5
1.1755952380952381	-0.6100000000000001	0	0	0	0	0	0	-9014.144150932289	0.2414337949153555	1.0E-5
1.1904761904761907	-0.6250000000000002	0	0	0	0	0	0	-8956.386655626633	0.24198668117300295	1.0E-5
1.2053571428571426	-0.6400000000000001	0	0	0	0	0	0	-8898.692774815896	0.2425414824500719	9.999999999999999E-6
1.0267857142857144	-0.4450000000000001	0	0	0	0	0	0	-9686.180133172806	0.2351835919012195	1.0000000000000003E-5
1.0416666666666665	-0.4600000000000001	0	0	0	0	0	0	-9626.075295671373	0.2357290741004034	1.0E-5
1.056547619047619	-0.4750000000000002	0	0	0	0	0	0	-9566.075282687863	0.23627621993624134	9.999999999999999E-6
1.0714285714285714	-0.4900000000000003	0	0	0	0	0	0	-9506.164327818567	0.23682517166696573	1.0E-5
1.0863095238095237	-0.5050000000000001	0	0	0	0	0	0	-9446.33482400801	0.2373759987925187	9.999999999999999E-6
1.101190476190476	-0.5200000000000001	0	0	0	0	0	0	-9386.585567966125	0.2379287125514902	9.999999999999999E-6
1.1160714285714284	-0.535	0	0	0	0	0	0	-9326.920201380743	0.23848327903436836	1.0E-5
1.1309523809523805	-0.5500000000000002	0	0	0	0	0	0	-9267.345849897323	0.23903963084779192	1.0E-5
1.145833333333333	-0.5650000000000002	0	0	0	0	0	0	-9207.871953904223	0.23959767732909168	1.0E-5
1.1607142857142851	-0.5800000000000003	0	0	0	0	0	0	-9148.509268042702	0.24015731347356173	9.999999999999999E-6
1.1755952380952381	-0.595	0	0	0	0	0	0	-9089.269048399321	0.24071842734506496	1.0E-5
1.1904761904761907	-0.6100000000000003	0	0	0	0	0	0	-9030.162274285512	0.24128090737403976	1.0E-5
1.2053571428571428	-0.6250000000000002	0	0	0	0	0	0	-8971.199406562966	0.24184464472316822	1.0E-5
1.2202380952380953	-0.6400000000000002	0	0	0	0	0	0	-8912.388683244546	0.2424095498025629	1.0E-5
1.0267857142857144	-0.43000000000000027	0	0	0	0	0	0	-9783.973664170942	0.23430163940502263	9.999999999999999E-6
1.0416666666666665	-0.4450000000000002	0	0	0	0	0	0	-9720.966153892627	0.2348690842863771	1.0E-5
1.056547619047619	-0.4600000000000002	0	0	0	0	0	0	-9658.294078569566	0.2354363468300685	1.0E-5
1.0714285714285714	-0.4750000000000002	0	0	0	0	0	0	-9595.914897567924	0.23600378236440142	1.0000000000000003E-5
1.0863095238095237	-0.4900000000000002	0	0	0	0	0	0	-9533.798178800691	0.23657164263632693	1.0E-5
1.101190476190476	-0.5050000000000001	0	0	0	0	0	0	-9471.923240469638	0.23714009479008813	1.0E-5
1.1160714285714284	-0.5200000000000002	0	0	0	0	0	0	-9410.277085519449	0.23770923827906304	1.0E-5
1.1309523809523807	-0.5350000000000001	0	0	0	0	0	0	-9348.852614670246	0.23827911974666835	1.0E-5
1.145833333333333	-0.5500000000000002	0	0	0	0	0	0	-9287.647098985046	0.2388497459654271	1.0E-5
1.1607142857142854	-0.5650000000000002	0	0	0	0	0	0	-9226.660877999693	0.23942109507145243	1.0E-5
1.1755952380952381	-0.5800000000000001	0	0	0	0	0	0	-9165.896292278236	0.2399931259400263	1.0E-5
1.1904761904761907	-0.5950000000000002	0	0	0	0	0	0	-9105.35669231371	0.2405657871275948	1.0E-5
1.2053571428571428	-0.6100000000000002	0	0	0	0	0	0	-9045.046009673399	0.24113902072719656	1.0E-5
1.220238095238095	-0.625	0	0	0	0	0	0	-8984.966919649574	0.24171277982441797	1.0E-5
1.2351190476190474	-0.6400000000000002	0	0	0	0	0	0	-8925.125021228698	0.24228698857879258	9.999999999999999E-6
1.25	-0.655	0	0	0	0	0	0	-8865.510610187495	0.24286171769618475	1.0E-5
1.056547619047619	-0.4450000000000001	0	0	0	0	0	0	-9753.076662561887	0.23457954071920795	1.0E-5
1.0714285714285714	-0.4600000000000002	0	0	0	0	0	0	-9688.058821316727	0.2351665839759234	1.0E-5
1.0863095238095237	-0.47500000000000014	0	0	0	0	0	0	-9623.501737615354	0.2357524889120547	9.999999999999999E-6
1.1011904761904765	-0.4900000000000002	0	0	0	0	0	0	-9559.362625509666	0.236337596289295	1.0000000000000003E-5
1.1160714285714284	-0.5050000000000001	0	0	0	0	0	0	-9495.609673010127	0.23692215365975702	1.0E-5
1.1309523809523805	-0.5200000000000001	0	0	0	0	0	0	-9432.219740888315	0.23750633404767085	1.0E-5
1.145833333333333	-0.535	0	0	0	0	0	0	-9369.176407823901	0.23809025207104614	1.0E-5
1.1607142857142854	-0.5500000000000002	0	0	0	0	0	0	-9306.468312627954	0.23867397784430516	9.999999999999999E-6
1.175595238095238	-0.5650000000000001	0	0	0	0	0	0	-9244.087788852752	0.23925754860570728	9.999999999999999E-6
1.1904761904761907	-0.5800000000000003	0	0	0	0	0	0	-9182.029626360158	0.23984097953151745	1.0000000000000003E-5
1.2053571428571428	-0.5950000000000002	0	0	0	0	0	0	-9120.290427028762	0.24042426926968694	1.0E-5
1.2202380952380953	-0.6100000000000002	0	0	0	0	0	0	-9058.866613750393	0.24100741847062238	1.0E-5
1.2351190476190474	-0.6250000000000002	0	0	0	0	0	0	-8997.758384453113	0.24159039201765825	1.0E-5
1.25	-0.6400000000000001	0	0	0	0	0	0	-8936.951631436688	0.24217329189914627	1.0E-5
1.0565476190476193	-0.43000000000000027	0	0	0	0	0	0	-9850.524224986913	0.23370537843530678	1.0E-5
1.0714285714285714	-0.4450000000000001	0	0	0	0	0	0	-9782.689121022904	0.2343131794991917	1.0E-5
1.0863095238095237	-0.4600000000000002	0	0	0	0	0	0	-9715.531709017374	0.23491816068599494	1.0000000000000003E-5
1.101190476190476	-0.4750000000000002	0	0	0	0	0	0	-9648.984203160237	0.23552085542804657	1.0000000000000003E-5
1.1160714285714288	-0.4900000000000002	0	0	0	0	0	0	-9582.99359434115	0.23612167510186702	1.0E-5
1.1309523809523807	-0.5050000000000001	0	0	0	0	0	0	-9517.51872976406	0.23672093219182733	1.0E-5
1.145833333333333	-0.5200000000000001	0	0	0	0	0	0	-9452.527849489697	0.23731886012099804	1.0E-5
1.1607142857142854	-0.535	0	0	0	0	0	0	-9387.996509492443	0.2379156302320585	1.0E-5
1.1755952380952381	-0.5499999999999999	0	0	0	0	0	0	-9323.90586864188	0.23851136598857098	1.0E-5
1.1904761904761907	-0.5650000000000002	0	0	0	0	0	0	-9260.241163756942	0.2391061559151241	1.0E-5
1.2053571428571428	-0.5800000000000003	0	0	0	0	0	0	-9196.990818055583	0.23970006101667746	1.0000000000000003E-5
1.220238095238095	-0.5950000000000002	0	0	0	0	0	0	-9134.14427308641	0.24029313453277412	1.0E-5
1.2351190476190474	-0.6100000000000003	0	0	0	0	0	0	-9071.69569006827	0.24088538650503427	1.0E-5
1.25	-0.6250000000000002	0	0	0	0	0	0	-9009.62602322759	0.24147695394299942	1.0E-5
1.0863095238095237	-0.4450000000000001	0	0	0	0	0	0	-9809.97490367224	0.2340683034935989	1.0E-5
1.101190476190476	-0.4600000000000002	0	0	0	0	0	0	-9740.869002570646	0.2346895309214014	1.0000000000000003E-5
1.1160714285714284	-0.4750000000000002	0	0	0	0	0	0	-9672.504990464859	0.235307471015569	1.0000000000000003E-5
1.1309523809523807	-0.4900000000000002	0	0	0	0	0	0	-9604.82156109022	0.23592258952353906	1.0E-5
1.145833333333333	-0.505	0	0	0	0	0	0	-9537.769841749267	0.23653525016347546	1.0E-5
1.1607142857142856	-0.5200000000000002	0	0	0	0	0	0	-9471.310824149556	0.23714573514703186	9.999999999999999E-6
1.1755952380952381	-0.5350000000000001	0	0	0	0	0	0	-9405.41324700863	0.23775426231412278	1.0E-5
1.1904761904761907	-0.5499999999999999	0	0	0	0	0	0	-9340.051740278583	0.2383610004794504	1.0E-5
1.2053571428571428	-0.5650000000000002	0	0	0	0	0	0	-9275.205650689823	0.23896607896431563	1.0E-5
1.2202380952380953	-0.5800000000000001	0	0	0	0	0	0	-9210.856670300998	0.23956960873787875	1.0E-5
1.2351190476190474	-0.5950000000000002	0	0	0	0	0	0	-9146.992256204463	0.2401716495194247	9.999999999999999E-6
1.25	-0.6100000000000001	0	0	0	0	0	0	-9083.587864042542	0.24077237714362604	1.0E-5
1.101190476190476	-0.4450000000000004	0	0	0	0	0	0	-9835.098359931904	0.23384330469042763	9.999999999999999E-6
1.1160714285714284	-0.4600000000000003	0	0	0	0	0	0	-9764.220324086695	0.23447923063254442	1.0E-5
1.1309523809523807	-0.4750000000000002	0	0	0	0	0	0	-9694.200548347304	0.23511100018631728	1.0000000000000003E-5
1.145833333333333	-0.49000000000000044	0	0	0	0	0	0	-9624.971142220755	0.23573911934873626	1.0E-5
1.1607142857142854	-0.5050000000000001	0	0	0	0	0	0	-9556.476950995218	0.23636399119599671	1.0000000000000003E-5
1.1755952380952381	-0.52	0	0	0	0	0	0	-9488.672969496864	0.23698593635091278	1.0E-5
1.1904761904761907	-0.535	0	0	0	0	0	0	-9421.52210566673	0.23760521104330595	1.0E-5
1.2053571428571428	-0.55	0	0	0	0	0	0	-9354.993683528202	0.23822201900013737	1.0E-5
1.2202380952380953	-0.5650000000000002	0	0	0	0	0	0	-9289.060838972578	0.23883653415233738	1.0E-5
1.2351190476190474	-0.5800000000000002	0	0	0	0	0	0	-9223.703626569535	0.23944887047910765	1.0E-5
1.25	-0.5950000000000002	0	0	0	0	0	0	-9158.891417701263	0.24005924649065336	1.0E-5
1.1011904761904763	-0.43000000000000027	0	0	0	0	0	0	-9931.753621456615	0.23298188510635098	1.0E-5
1.1160714285714284	-0.4450000000000004	0	0	0	0	0	0	-9858.216148017236	0.2336366666392497	1.0E-5
1.1309523809523807	-0.4600000000000004	0	0	0	0	0	0	-9785.728160147779	0.23428587925560265	1.0E-5
1.1458333333333333	-0.4750000000000005	0	0	0	0	0	0	-9714.200712931108	0.23493018365033394	1.0E-5
1.1607142857142854	-0.4900000000000002	0	0	0	0	0	0	-9643.56082298642	0.23557011406013492	1.0E-5
1.1755952380952381	-0.505	0	0	0	0	0	0	-9573.748340331113	0.2362061025054703	1.0E-5
1.1904761904761907	-0.5200000000000001	0	0	0	0	0	0	-9504.713275711692	0.23683849989888273	1.0E-5
1.2053571428571428	-0.5350000000000001	0	0	0	0	0	0	-9436.413937225601	0.23746759055690492	1.0000000000000003E-5
1.2202380952380953	-0.55	0	0	0	0	0	0	-9368.81406082775	0.23809361666493511	1.0E-5
1.2351190476190474	-0.5650000000000002	0	0	0	0	0	0	-9301.885570612632	0.23871675107972568	1.0E-5
1.25	-0.5800000000000002	0	0	0	0	0	0	-9235.59114412242	0.23933725886069124	1.0E-5
1.1309523809523807	-0.44499999999999995	0	0	0	0	0	0	-9879.476804265627	0.23344696511995797	1.0E-5
1.145833333333333	-0.4600000000000003	0	0	0	0	0	0	-9805.527555543063	0.23410817978595122	1.0E-5
1.1607142857142854	-0.4750000000000004	0	0	0	0	0	0	-9732.62848815305	0.23476383803820672	9.999999999999999E-6
1.1755952380952381	-0.4900000000000002	0	0	0	0	0	0	-9660.702832470151	0.23541449205220688	1.0E-5
1.1904761904761907	-0.5050000000000001	0	0	0	0	0	0	-9589.686469648263	0.23606059477995114	1.0E-5
1.2053571428571428	-0.5200000000000001	0	0	0	0	0	0	-9519.525654180388	0.23670251736125308	1.0E-5
1.2202380952380953	-0.535	0	0	0	0	0	0	-9450.173843587985	0.2373405755505678	1.0000000000000003E-5
1.2351190476190474	-0.5499999999999999	0	0	0	0	0	0	-9381.594076177626	0.23797500570143265	1.0E-5
1.25	-0.5650000000000002	0	0	0	0	0	0	-9313.741704056136	0.2386061232911242	1.0E-5
1.145833333333333	-0.4450000000000002	0	0	0	0	0	0	-9899.020514495125	0.23327286734288888	1.0E-5
1.1607142857142854	-0.4600000000000001	0	0	0	0	0	0	-9823.745960872815	0.2339449177559026	9.999999999999999E-6
1.1755952380952381	-0.4750000000000002	0	0	0	0	0	0	-9749.59997761772	0.23461085450079394	1.0E-5
1.1904761904761907	-0.4900000000000002	0	0	0	0	0	0	-9676.50303162561	0.23527123994457078	1.0E-5
1.2053571428571428	-0.5050000000000001	0	0	0	0	0	0	-9604.38824556049	0.23592653827845866	1.0E-5
1.2202380952380953	-0.5200000000000001	0	0	0	0	0	0	-9533.197888724733	0.23657714411558625	1.0E-5
1.2351190476190474	-0.5350000000000001	0	0	0	0	0	0	-9462.885334077753	0.23722336188627421	1.0E-5
1.25	-0.5500000000000002	0	0	0	0	0	0	-9393.397957326939	0.23786556131510875	1.0E-5
1.145833333333333	-0.43000000000000027	0	0	0	0	0	0	-9994.748045446097	0.23242403110941925	1.0E-5
1.1607142857142854	-0.4450000000000001	0	0	0	0	0	0	-9916.979045922959	0.2331131300420979	1.0E-5
1.1755952380952381	-0.4600000000000001	0	0	0	0	0	0	-9840.503234626043	0.2337949591017654	1.0E-5
1.1904761904761907	-0.4750000000000002	0	0	0	0	0	0	-9765.224334960401	0.23447019737356353	1.0000000000000003E-5
1.2053571428571428	-0.49000000000000044	0	0	0	0	0	0	-9691.061224672636	0.2351394082542386	1.0E-5
1.2202380952380953	-0.5050000000000001	0	0	0	0	0	0	-9617.944048361847	0.23580307042529977	1.0E-5
1.2351190476190474	-0.5200000000000002	0	0	0	0	0	0	-9545.81571399444	0.23646156088622783	1.0E-5
1.25	-0.5350000000000001	0	0	0	0	0	0	-9474.614954097897	0.23711530735828584	9.999999999999999E-6
1.1755952380952381	-0.44500000000000006	0	0	0	0	0	0	-9933.475835165762	0.2329665964857115	9.999999999999999E-6
1.1904761904761907	-0.4600000000000002	0	0	0	0	0	0	-9855.91166815727	0.23365724808234595	1.0E-5
1.2053571428571428	-0.4750000000000002	0	0	0	0	0	0	-9779.604125888849	0.23434089935165617	9.999999999999999E-6
1.2202380952380953	-0.4900000000000002	0	0	0	0	0	0	-9704.47027080366	0.23501811811131074	1.0E-5
1.2351190476190474	-0.5050000000000001	0	0	0	0	0	0	-9630.441731356383	0.23568935827947654	1.0E-5
1.25	-0.5200000000000001	0	0	0	0	0	0	-9557.447918918186	0.23635510919498107	1.0E-5
1.1904761904761907	-0.4450000000000001	0	0	0	0	0	0	-9948.626101009113	0.23283219354858722	1.0000000000000003E-5
1.2053571428571428	-0.4600000000000002	0	0	0	0	0	0	-9870.076407519555	0.23353080188773165	1.0E-5
1.2202380952380953	-0.4750000000000001	0	0	0	0	0	0	-9792.834533378578	0.2342220672628187	1.0E-5
1.2351190476190474	-0.4900000000000003	0	0	0	0	0	0	-9716.820004115561	0.23490652465872303	1.0E-5
1.25	-0.5050000000000001	0	0	0	0	0	0	-9641.95222658052	0.23558472846801792	1.0E-5
1.2053571428571428	-0.4450000000000002	0	0	0	0	0	0	-9962.537339924567	0.2327089256473637	1.0E-5
1.2202380952380953	-0.4600000000000002	0	0	0	0	0	0	-9883.094764264068	0.23341471537848285	1.0E-5
1.2351190476190474	-0.4750000000000002	0	0	0	0	0	0	-9805.007201417768	0.234112846366893	1.0E-5
1.25	-0.4900000000000002	0	0	0	0	0	0	-9728.183371911065	0.23480394124762416	1.0E-5
1.2202380952380953	-0.4450000000000001	0	0	0	0	0	0	-9975.308743111626	0.23259587846073926	1.0E-5
1.2351190476190474	-0.4600000000000002	0	0	0	0	0	0	-9895.059974817761	0.23330812635733822	1.0E-5
1.25	-0.4750000000000002	0	0	0	0	0	0	-9816.196924387079	0.23401253870633879	1.0E-5
1.2351190476190474	-0.4450000000000004	0	0	0	0	0	0	-9987.03490556692	0.23249218487154408	1.0E-5
1.25	-0.46000000000000024	0	0	0	0	0	0	-9906.04850163841	0.23321032759800522	1.0E-5
1.25	-0.4450000000000002	0	0	0	0	0	0	-9997.79363411186	0.23239713167491552	1.0E-5
0	-0.4300000000000001	0	0	0	0	0	0	-3061.6981097333273	0.3106652156932016	1.0E-5
0.01488095238095239	-0.43000000000000005	0	0	0	0	0	0	-3066.183821485991	0.3106085278384124	1.000000000000001E-5
0	-0.4150000000000002	0	0	0	0	0	0	-2954.0886335745968	0.3120213911429127	1.0E-5
0.014880952380952385	-0.41500000000000015	0	0	0	0	0	0	-2958.7688817818926	0.3119625645566164	1.0E-5
0.029761904761904767	-0.4300000000000001	0	0	0	0	0	0	-3076.636224437274	0.3104763911137668	1.0E-5
0	-0.4	0	0	0	0	0	0	-2843.6548900321895	0.31340482805193437	1.0E-5
0.01488095238095238	-0.4	0	0	0	0	0	0	-2848.544799307398	0.3133437679422912	1.0E-5
0.02976190476190476	-0.41500000000000026	0	0	0	0	0	0	-2969.673288361782	0.31182544769371023	9.999999999999999E-6
0.044642857142857144	-0.43000000000000016	0	0	0	0	0	0	-3093.619504441229	0.3102615599459216	1.0E-5
0.02976190476190476	-0.4	0	0	0	0	0	0	-2859.9359822954953	0.3132014527438946	1.0E-5
0.04464285714285714	-0.41500000000000015	0	0	0	0	0	0	-2987.3873691286035	0.3116025324325231	1.000000000000001E-5
0.05952380952380951	-0.4300000000000001	0	0	0	0	0	0	-3117.1662449952278	0.30996343961955425	1.0E-5
0.04464285714285714	-0.4	0	0	0	0	0	0	-2878.4361670580133	0.3129701045135085	1.0000000000000011E-5
0.05952380952380951	-0.41500000000000026	0	0	0	0	0	0	-3011.940372365451	0.31129321569243235	1.0E-5
0.05952380952380952	-0.39999999999999997	0	0	0	0	0	0	-2904.0697358408543	0.3126491189243594	1.0000000000000003E-5
0.07440476190476192	-0.41500000000000026	0	0	0	0	0	0	-3043.281678389909	0.3108978275603827	1.0E-5
0.0744047619047619	-0.4	0	0	0	0	0	0	-2936.7760371728846	0.31223886291451874	1.0E-5
0.08928571428571427	-0.41500000000000015	0	0	0	0	0	0	-3081.3261097187933	0.31041708236981064	1.0E-5
0.10416666666666669	-0.4300000000000001	0	0	0	0	0	0	-3226.60941952336	0.30857410502282034	1.0E-5
0.08928571428571427	-0.4	0	0	0	0	0	0	-2976.4573729513477	0.3117401010120835	9.999999999999992E-6
0.10416666666666667	-0.41500000000000026	0	0	0	0	0	0	-3125.966331660135	0.3098519469322081	1.0E-5
0.11904761904761901	-0.43000000000000005	0	0	0	0	0	0	-3275.709691785708	0.30794903001601304	1.0E-5
0.10416666666666666	-0.4	0	0	0	0	0	0	-3022.992654484241	0.31115385444613236	1.0000000000000003E-5
0.11904761904761901	-0.41500000000000015	0	0	0	0	0	0	-3177.078650806999	0.30920359382679813	1.0E-5
0.13392857142857142	-0.43000000000000016	0	0	0	0	0	0	-3330.92292884447	0.30724500164181484	1.0E-5
0.11904761904761904	-0.4	0	0	0	0	0	0	-3076.244115232201	0.31048134919662856	9.999999999999992E-6
0.13392857142857145	-0.41500000000000037	0	0	0	0	0	0	-3234.5266810735607	0.308473382179101	1.0000000000000003E-5
0.14880952380952384	-0.43000000000000016	0	0	0	0	0	0	-3392.1139277332422	0.3064635130558088	1.0E-5
0.13392857142857142	-0.4000000000000001	0	0	0	0	0	0	-3136.061676049921	0.3097239938564493	1.0E-5
0.14880952380952384	-0.41500000000000015	0	0	0	0	0	0	-3298.163946295314	0.3076628512314117	1.0000000000000003E-5
0.1488095238095238	-0.4	0	0	0	0	0	0	-3202.286030840717	0.30888337246066205	1.0E-5
0.16369047619047622	-0.41500000000000026	0	0	0	0	0	0	-3367.835729982351	0.3067737217183292	1.0E-5
0.1636904761904762	-0.4	0	0	0	0	0	0	-3274.7507595183997	0.30796124721583684	1.0000000000000003E-5
0.17857142857142855	-0.4150000000000004	0	0	0	0	0	0	-3443.380298613238	0.3058079025663772	1.0E-5
0.19345238095238093	-0.4300000000000001	0	0	0	0	0	0	-3610.0740227949395	0.303671966337497	9.999999999999999E-6
0.17857142857142855	-0.4000000000000001	0	0	0	0	0	0	-3353.2836114501324	0.3069595683731751	1.0E-5
0.19345238095238088	-0.41500000000000026	0	0	0	0	0	0	-3524.629593248257	0.3047675010142477	9.999999999999999E-6
0.20833333333333337	-0.43000000000000005	0	0	0	0	0	0	-3693.6602103983823	0.3025992743348386	9.999999999999999E-6
0.19345238095238093	-0.4	0	0	0	0	0	0	-3437.707090814064	0.3058804888624427	1.0E-5
0.20833333333333334	-0.41500000000000026	0	0	0	0	0	0	-3611.409490786909	0.30365483432772306	9.999999999999994E-6
0.22321428571428567	-0.4300000000000001	0	0	0	0	0	0	-3782.4312919152458	0.3014594241222495	1.0E-5
0.20833333333333331	-0.4	0	0	0	0	0	0	-3527.8384943833794	0.30472638124472484	1.0E-5
0.22321428571428567	-0.41500000000000026	0	0	0	0	0	0	-3703.5397478932964	0.3024724412763631	1.0E-5
0.23809523809523803	-0.43000000000000005	0	0	0	0	0	0	-3876.208550936117	0.30025509004124584	1.0E-5
0.2232142857142857	-0.4	0	0	0	0	0	0	-3623.4895570441427	0.3034998546275998	1.0E-5
0.23809523809523803	-0.41500000000000026	0	0	0	0	0	0	-3800.8336872464006	0.3012230923540121	1.0E-5
0.23809523809523808	-0.4	0	0	0	0	0	0	-3724.465881704735	0.30220376903718066	1.0000000000000003E-5
0.25297619047619047	-0.41500000000000015	0	0	0	0	0	0	-3903.0982343622604	0.2999097908051863	1.0E-5
0.25297619047619047	-0.4	0	0	0	0	0	0	-3830.5653757611612	0.300841257118359	1.0E-5
0.2678571428571429	-0.41500000000000026	0	0	0	0	0	0	-4010.1336516694278	0.298535772859976	1.0000000000000003E-5
0.2827380952380952	-0.4300000000000001	0	0	0	0	0	0	-4185.6905172587	0.2962851477766825	1.0E-5
0.26785714285714285	-0.4	0	0	0	0	0	0	-3941.5814271005424	0.2994156795462207	1.0E-5
0.2827380952380952	-0.4150000000000001	0	0	0	0	0	0	-4121.73301340654	0.297104506776499	1.0000000000000003E-5
0.29761904761904767	-0.4300000000000001	0	0	0	0	0	0	-4297.571321125168	0.2948538909302273	1.0E-5
0.28273809523809523	-0.4	0	0	0	0	0	0	-4057.2999407403	0.2979306540904753	9.999999999999999E-6
0.29761904761904767	-0.41500000000000026	0	0	0	0	0	0	-4237.681840764972	0.2956196855600448	9.999999999999999E-6
0.3125	-0.43000000000000005	0	0	0	0	0	0	-4413.463167421006	0.29337467352866775	1.0E-5
0.2976190476190476	-0.4	0	0	0	0	0	0	-4177.496142843268	0.29639008275432716	1.0E-5
0.3125	-0.41500000000000015	0	0	0	0	0	0	-4357.75818730927	0.29408521003518256	1.0E-5
0.3273809523809524	-0.43000000000000016	0	0	0	0	0	0	-4533.146471379327	0.29185136308621085	1.0E-5
0.3125	-0.4	0	0	0	0	0	0	-4301.938636745454	0.2947980813384225	1.0E-5
0.3273809523809524	-0.4150000000000001	0	0	0	0	0	0	-4481.733243357163	0.2925051619737635	1.0000000000000003E-5
0.34226190476190477	-0.4300000000000001	0	0	0	0	0	0	-4656.395289701215	0.29028797030829295	1.0E-5
0.3273809523809524	-0.4	0	0	0	0	0	0	-4430.388685012787	0.29315896657812257	1.0E-5
0.34226190476190477	-0.41500000000000026	0	0	0	0	0	0	-4609.3716162120645	0.29088377873363874	1.0E-5
0.3571428571428571	-0.4300000000000001	0	0	0	0	0	0	-4782.977677506423	0.28868862374054877	1.0E-5
0.34226190476190477	-0.4	0	0	0	0	0	0	-4562.600637115225	0.29147722560081923	1.0E-5
0.3571428571428571	-0.41500000000000026	0	0	0	0	0	0	-4740.431778870686	0.2892254237939031	1.0E-5
0.3720238095238095	-0.4300000000000001	0	0	0	0	0	0	-4912.656095639121	0.2870575426087787	9.999999999999999E-6
0.3571428571428571	-0.4	0	0	0	0	0	0	-4698.3225176293	0.28975748121050715	1.0E-5
0.3720238095238093	-0.41500000000000026	0	0	0	0	0	0	-4874.666592965654	0.2875345551337938	1.0000000000000003E-5
0.38690476190476186	-0.4300000000000001	0	0	0	0	0	0	-5045.187837129956	0.2853990088605491	1.0E-5
0.3720238095238094	-0.4	0	0	0	0	0	0	-4837.296718659665	0.2880044546132459	1.0E-5
0.38690476190476175	-0.41500000000000015	0	0	0	0	0	0	-5011.823858757986	0.28581569278707686	1.0E-5
0.4017857142857143	-0.4300000000000001	0	0	0	0	0	0	-5180.325440989728	0.28371733939344734	1.0E-5
0.38690476190476186	-0.4	0	0	0	0	0	0	-4979.260722273074	0.28622292740506056	1.0E-5
0.4017857142857143	-0.41500000000000004	0	0	0	0	0	0	-5151.646845377559	0.284073386849507	1.0E-5
0.41666666666666674	-0.43000000000000016	0	0	0	0	0	0	-5317.817063415737	0.2820168593724314	1.0E-5
0.40178571428571425	-0.4	0	0	0	0	0	0	-5123.947790496185	0.28441770442296355	1.0E-5
0.4166666666666667	-0.41500000000000015	0	0	0	0	0	0	-5293.874760108821	0.2823121870651641	1.0E-5
0.43154761904761907	-0.4300000000000001	0	0	0	0	0	0	-5457.40678153036	0.28030187739834084	9.999999999999999E-6
0.41666666666666663	-0.4	0	0	0	0	0	0	-5271.087568358486	0.2825935788488086	1.0E-5
0.431547619047619	-0.41500000000000026	0	0	0	0	0	0	-5438.243123007672	0.2805366149198893	1.0E-5
0.44642857142857134	-0.4300000000000001	0	0	0	0	0	0	-5598.834811729632	0.2785766631148224	1.0E-5
0.43154761904761907	-0.4	0	0	0	0	0	0	-5420.406555992525	0.28075530068498916	1.0E-5
0.44642857142857134	-0.41500000000000026	0	0	0	0	0	0	-5584.4840225168855	0.27875113893716347	9.999999999999999E-6
0.4464285714285714	-0.4	0	0	0	0	0	0	-5571.628418247752	0.2789075494136898	1.0E-5
0.4613095238095237	-0.41500000000000015	0	0	0	0	0	0	-5732.326238390106	0.2769601536222729	1.0000000000000003E-5
0.4613095238095238	-0.4	0	0	0	0	0	0	-5724.474113877686	0.27705491133116966	1.0E-5
0.47619047619047605	-0.41500000000000015	0	0	0	0	0	0	-5881.495229537333	0.2751679622517131	1.0E-5
0.47619047619047616	-0.4	0	0	0	0	0	0	-5878.661840356309	0.27520186173744116	1.0000000000000003E-5
0.49107142857142866	-0.41500000000000015	0	0	0	0	0	0	-6031.71299586187	0.2733787634706823	1.0000000000000003E-5
0.505952380952381	-0.4300000000000001	0	0	0	0	0	0	-6177.603565155987	0.2716565014775667	1.0E-5
0.49107142857142855	-0.4	0	0	0	0	0	0	-6033.906804174023	0.27335275187682534	1.0E-5
0.5059523809523809	-0.41500000000000026	0	0	0	0	0	0	-6182.697834396951	0.2715966414524143	1.0000000000000003E-5
0.5208333333333333	-0.4300000000000001	0	0	0	0	0	0	-6324.194877940517	0.26994160583289567	1.0E-5
0.5059523809523809	-0.4	0	0	0	0	0	0	-6189.920839678613	0.271511800277383	1.0E-5
0.5208333333333333	-0.41500000000000026	0	0	0	0	0	0	-6334.164020818104	0.26982555919528434	1.0E-5
0.5357142857142857	-0.4300000000000001	0	0	0	0	0	0	-6470.985696557314	0.2682403897169286	1.0000000000000003E-5
0.5208333333333333	-0.4	0	0	0	0	0	0	-6346.4119119856405	0.2696830879326175	9.999999999999999E-6
0.5357142857142858	-0.41500000000000026	0	0	0	0	0	0	-6485.821457532622	0.2680693543900582	1.0E-5
0.5505952380952381	-0.4300000000000001	0	0	0	0	0	0	-6617.688448262566	0.266556463132915	9.999999999999999E-6
0.5357142857142857	-0.4	0	0	0	0	0	0	-6503.083551138107	0.2678705566081566	1.0E-5
0.550595238095238	-0.41500000000000026	0	0	0	0	0	0	-6637.375338882141	0.2663317371809671	1.0000000000000003E-5
0.5654761904761904	-0.4300000000000001	0	0	0	0	0	0	-6764.011140659384	0.26489331483038014	1.0E-5
0.550595238095238	-0.4	0	0	0	0	0	0	-6659.634275534792	0.2660780094375239	1.0E-5
0.5654761904761904	-0.41500000000000026	0	0	0	0	0	0	-6788.525892351584	0.264616289069767	1.0000000000000003E-5
0.5803571428571427	-0.4300000000000001	0	0	0	0	0	0	-6909.657460949229	0.2632543090920252	1.0E-5
0.5654761904761905	-0.4	0	0	0	0	0	0	-6815.757072607936	0.26430911289147785	1.0E-5
0.5803571428571426	-0.41500000000000026	0	0	0	0	0	0	-6938.968261779231	0.26292646217047516	1.0E-5
0.5952380952380953	-0.43000000000000005	0	0	0	0	0	0	-7054.3270800331165	0.2616426821644517	1.0E-5
0.5803571428571428	-0.4	0	0	0	0	0	0	-6971.139013638767	0.26256739916137567	9.999999999999999E-6
0.5952380952380953	-0.4150000000000001	0	0	0	0	0	0	-7088.392603983656	0.261265578013405	9.999999999999999E-6
0.6101190476190477	-0.4300000000000001	0	0	0	0	0	0	-7197.716222396263	0.26006153770536045	1.0E-5
0.5952380952380952	-0.4	0	0	0	0	0	0	-7125.461087099603	0.26085626798613043	1.0E-5
0.6101190476190477	-0.41500000000000026	0	0	0	0	0	0	-7236.484473334079	0.25963682512105	9.999999999999999E-6
0.625	-0.4300000000000001	0	0	0	0	0	0	-7339.51856089888	0.25851384067815125	1.0E-5
0.6101190476190476	-0.4	0	0	0	0	0	0	-7278.3983403824095	0.25917898697406233	1.0E-5
0.625	-0.41500000000000015	0	0	0	0	0	0	-7382.925568718182	0.2580432546376641	1.0E-5
0.625	-0.4	0	0	0	0	0	0	-7429.620422218966	0.2575386895279691	1.0E-5
0.6398809523809523	-0.41500000000000015	0	0	0	0	0	0	-7527.394912986146	0.25648777339330053	1.0E-5
0.6398809523809523	-0.4	0	0	0	0	0	0	-7578.792616072199	0.25593836958053323	9.999999999999999E-6
0.6547619047619048	-0.41500000000000015	0	0	0	0	0	0	-7669.57052500387	0.2549731339267549	1.0E-5
0.6696428571428571	-0.4300000000000001	0	0	0	0	0	0	-7752.3329174481305	0.25409881584263094	1.0E-5
0.6547619047619048	-0.4	0	0	0	0	0	0	-7725.577446444398	0.2543808724972934	1.0E-5
0.669642857142857	-0.41500000000000015	0	0	0	0	0	0	-7809.131627725032	0.25350192118453657	1.0E-5
0.6845238095238095	-0.4300000000000001	0	0	0	0	0	0	-7884.727305934107	0.25271144884221197	1.0E-5
0.6696428571428571	-0.4	0	0	0	0	0	0	-7869.6369234503645	0.25286888171562777	1.0E-5
0.6845238095238095	-0.41500000000000015	0	0	0	0	0	0	-7945.7614113591035	0.25207653585532036	1.0E-5
0.699404761904762	-0.4300000000000001	0	0	0	0	0	0	-8014.024686536594	0.2513699038952831	1.0000000000000003E-5
0.6845238095238095	-0.4	0	0	0	0	0	0	-8010.63546455129	0.25140490096617196	1.0E-5
0.6994047619047619	-0.41500000000000015	0	0	0	0	0	0	-8079.150338650508	0.25069917458602603	1.0E-5
0.7142857142857142	-0.4300000000000001	0	0	0	0	0	0	-8139.94534396298	0.25007605854171294	1.0E-5
0.6994047619047619	-0.4	0	0	0	0	0	0	-8148.243495348539	0.24999123226518488	1.0E-5
0.7142857142857142	-0.41500000000000026	0	0	0	0	0	0	-8208.99994036119	0.24937180764406186	1.0E-5
0.7291666666666665	-0.4300000000000001	0	0	0	0	0	0	-8262.224836368678	0.24883154667444593	1.0000000000000003E-5
0.7142857142857142	-0.4	0	0	0	0	0	0	-8282.141684397546	0.24862995025965215	1.0E-5
0.7291666666666665	-0.41500000000000026	0	0	0	0	0	0	-8335.027005295664	0.24809615491995377	1.0E-5
0.7291666666666665	-0.4	0	0	0	0	0	0	-8412.025712199635	0.24732287392845492	1.0E-5
0.7440476190476186	-0.41500000000000026	0	0	0	0	0	0	-8456.968023901114	0.24687366147774675	1.0E-5
0.7589285714285716	-0.4300000000000001	0	0	0	0	0	0	-8494.902060824086	0.24649572006677264	1.0E-5
0.7440476190476188	-0.4	0	0	0	0	0	0	-8537.611415551715	0.2460715370602276	1.0E-5
0.7589285714285712	-0.41500000000000015	0	0	0	0	0	0	-8574.583702117052	0.24570547412278992	9.999999999999999E-6
0.7738095238095237	-0.4300000000000001	0	0	0	0	0	0	-8604.88183217361	0.24540627972127282	1.0E-5
0.7589285714285714	-0.4	0	0	0	0	0	0	-8658.640090754267	0.24487715929884343	1.0E-5
0.7738095238095235	-0.41500000000000015	0	0	0	0	0	0	-8687.663328239514	0.2445924206289099	1.0E-5
0.7738095238095237	-0.4	0	0	0	0	0	0	-8774.883690106144	0.24374061981765907	1.0E-5
0.7886904761904763	-0.41500000000000015	0	0	0	0	0	0	-8796.028755991918	0.24353499331111358	1.0E-5
0.8035714285714286	-0.4300000000000001	0	0	0	0	0	0	-8811.298397301583	0.24338671530672687	1.0000000000000003E-5
0.7886904761904762	-0.4	0	0	0	0	0	0	-8886.149614223757	0.24266243579500385	1.0E-5
0.8035714285714286	-0.41500000000000015	0	0	0	0	0	0	-8899.53776696621	0.24253333851609163	1.0000000000000003E-5
0.8035714285714285	-0.4	0	0	0	0	0	0	-8992.284796309037	0.241642747764242	1.0E-5
0.818452380952381	-0.41500000000000015	0	0	0	0	0	0	-8998.086598284744	0.2415872533197667	1.0E-5
0.8333333333333335	-0.4300000000000001	0	0	0	0	0	0	-8998.947959839716	0.24157901653537572	1.0E-5
0.8184523809523809	-0.4	0	0	0	0	0	0	-9093.178799265086	0.24068131357530595	1.0E-5
0.8333333333333334	-0.41500000000000015	0	0	0	0	0	0	-9091.611466657629	0.24069619028410097	1.0E-5
0.8482142857142857	-0.4300000000000001	0	0	0	0	0	0	-9085.603525234008	0.24075323319511124	1.0E-5
0.8333333333333333	-0.4	0	0	0	0	0	0	-9188.765703402958	0.2397775121446084	1.0E-5
0.8482142857142857	-0.41500000000000015	0	0	0	0	0	0	-9180.088984100128	0.23985927057750198	1.0E-5
0.8482142857142858	-0.4	0	0	0	0	0	0	-9279.024646312966	0.2389303574457535	1.0E-5
0.863095238095238	-0.41500000000000015	0	0	0	0	0	0	-9263.535436189046	0.23907530516938263	1.0E-5
0.8779761904761905	-0.4300000000000001	0	0	0	0	0	0	-9244.626978664022	0.23925249207575525	1.0E-5
0.8630952380952381	-0.4	0	0	0	0	0	0	-9363.978976848508	0.23813852239926708	1.0E-5
0.8779761904761904	-0.41500000000000015	0	0	0	0	0	0	-9342.00497161262	0.23834282324384073	1.0E-5
0.8928571428571427	-0.4300000000000001	0	0	0	0	0	0	-9317.116261397177	0.23857465486496923	1.0000000000000003E-5
0.8779761904761905	-0.4	0	0	0	0	0	0	-9443.69408850586	0.23740037156510044	1.0E-5
0.8928571428571427	-0.41500000000000015	0	0	0	0	0	0	-9415.586822475436	0.23766010650821237	9.999999999999999E-6
0.9077380952380953	-0.43000000000000005	0	0	0	0	0	0	-9385.055028868266	0.23794290544655847	1.0E-5
0.8928571428571428	-0.4	0	0	0	0	0	0	-9518.274090096274	0.2367140009261695	1.0E-5
0.9077380952380951	-0.41500000000000015	0	0	0	0	0	0	-9484.40173055751	0.23702522774891757	1.0000000000000003E-5
0.9226190476190477	-0.43000000000000005	0	0	0	0	0	0	-9448.57420216544	0.23735533437927314	1.0E-5
0.9077380952380952	-0.4	0	0	0	0	0	0	-9587.857542550784	0.2360772826435564	1.0E-5
0.9226190476190474	-0.41500000000000015	0	0	0	0	0	0	-9548.59779058225	0.23643609183307537	1.0E-5
0.9374999999999998	-0.4300000000000001	0	0	0	0	0	0	-9507.826191788694	0.23680990897502197	1.0E-5
0.9226190476190476	-0.4	0	0	0	0	0	0	-9652.612533588655	0.23548791249267562	1.0E-5
0.9375	-0.41500000000000015	0	0	0	0	0	0	-9608.34593596474	0.23589047736679505	1.0E-5
0.9523809523809521	-0.4300000000000001	0	0	0	0	0	0	-9562.980872951704	0.2363045092088419	1.0E-5
0.9375	-0.4	0	0	0	0	0	0	-9712.731375493831	0.23494345774366757	1.0E-5
0.9523809523809521	-0.41500000000000015	0	0	0	0	0	0	-9663.83528700754	0.2353860773751377	1.0E-5
0.9672619047619044	-0.4300000000000001	0	0	0	0	0	0	-9614.221572002087	0.2358369618836572	1.0E-5
0.9523809523809523	-0.4	0	0	0	0	0	0	-9768.425198432325	0.23444140348733808	1.0E-5
0.9672619047619044	-0.41500000000000015	0	0	0	0	0	0	-9715.268559863465	0.23492053762615078	9.999999999999999E-6
0.9672619047619047	-0.4	0	0	0	0	0	0	-9819.91867862366	0.23397919577207052	1.0E-5
0.9821428571428573	-0.41500000000000026	0	0	0	0	0	0	-9762.857701793679	0.23449149153880208	1.0000000000000003E-5
0.9821428571428571	-0.4	0	0	0	0	0	0	-9867.445094600436	0.23355428034555642	1.0E-5
0.9970238095238095	-0.41500000000000026	0	0	0	0	0	0	-9806.819879539808	0.23409659095116364	9.999999999999999E-6
1.011904761904762	-0.43000000000000005	0	0	0	0	0	0	-9746.41565480618	0.23463954266509998	1.0000000000000003E-5
0.9970238095238094	-0.4	0	0	0	0	0	0	-9911.24185299793	0.23316413623269297	1.0E-5
1.0119047619047619	-0.41500000000000026	0	0	0	0	0	0	-9847.373907686955	0.23373353234722244	1.0E-5
1.0119047619047619	-0.4	0	0	0	0	0	0	-9951.546573942458	0.2328063037850166	1.0E-5
1.0267857142857144	-0.41500000000000026	0	0	0	0	0	0	-9884.73716639452	0.23340007842438962	1.0E-5
1.0416666666666665	-0.4300000000000001	0	0	0	0	0	0	-9818.611706913183	0.23399090371042586	1.0000000000000003E-5
1.0267857142857142	-0.4	0	0	0	0	0	0	-9988.593779648609	0.23247840717981189	1.0E-5
1.0416666666666665	-0.41500000000000026	0	0	0	0	0	0	-9919.123025300934	0.2330940751152638	1.0E-5
1.0416666666666665	-0.4	0	0	0	0	0	0	-10022.61219104061	0.23217817161484816	1.0E-5
1.056547619047619	-0.41500000000000026	0	0	0	0	0	0	-9950.738764108733	0.23281346435134437	1.0E-5
1.0714285714285714	-0.4300000000000001	0	0	0	0	0	0	-9879.89950061429	0.2334431968118278	1.0E-5
1.056547619047619	-0.4	0	0	0	0	0	0	-10053.82260727724	0.23190343563523227	1.0E-5
1.0714285714285716	-0.4150000000000001	0	0	0	0	0	0	-9979.783960707295	0.23255629297478594	1.0E-5
1.0863095238095237	-0.4300000000000001	0	0	0	0	0	0	-9906.918427637642	0.23320258885513712	1.0E-5
1.0714285714285714	-0.4	0	0	0	0	0	0	-10082.43632196101	0.23165215914795614	1.0E-5
1.086309523809524	-0.41500000000000026	0	0	0	0	0	0	-10006.449304388925	0.23232071827282907	1.0E-5
1.0863095238095237	-0.4	0	0	0	0	0	0	-10108.654016723094	0.23142242773790656	1.0E-5
1.101190476190476	-0.4150000000000004	0	0	0	0	0	0	-10030.915783910466	0.23210501063737862	1.0E-5
1.1160714285714284	-0.43000000000000016	0	0	0	0	0	0	-9954.568825539318	0.23277951812276013	9.999999999999999E-6
1.101190476190476	-0.4	0	0	0	0	0	0	-10132.665066455847	0.23121245390949405	1.0E-5
1.1160714285714284	-0.41500000000000004	0	0	0	0	0	0	-10053.354197122302	0.23190755384622136	1.0E-5
1.1309523809523807	-0.43000000000000005	0	0	0	0	0	0	-9975.518570551934	0.23259402211815272	1.0E-5
1.1160714285714286	-0.4	0	0	0	0	0	0	-10154.64718939384	0.23102057585219818	1.0E-5
1.1309523809523807	-0.41500000000000026	0	0	0	0	0	0	-10073.924928518169	0.23172684344081543	1.0E-5
1.130952380952381	-0.4	0	0	0	0	0	0	-10174.766377523696	0.23084525428278255	1.0E-5
1.145833333333333	-0.41500000000000015	0	0	0	0	0	0	-10092.777946281312	0.2315614836118655	1.0000000000000003E-5
1.1607142857142854	-0.4300000000000001	0	0	0	0	0	0	-10012.393133909301	0.23226827596563743	1.0E-5
1.1458333333333333	-0.4	0	0	0	0	0	0	-10193.177049251282	0.23068506784320636	1.0E-5
1.1607142857142851	-0.41500000000000026	0	0	0	0	0	0	-10110.052965604262	0.23141018303399125	1.0000000000000003E-5
1.1755952380952381	-0.43000000000000005	0	0	0	0	0	0	-10028.580605313957	0.23212558043209125	1.0E-5
1.1607142857142856	-0.4	0	0	0	0	0	0	-10210.022368004506	0.23053870750706312	1.0E-5
1.1755952380952381	-0.4150000000000001	0	0	0	0	0	0	-10125.879764740164	0.23127174973579634	1.0E-5
1.1904761904761907	-0.43000000000000016	0	0	0	0	0	0	-10043.428333224238	0.2319948572203183	1.0E-5
1.1755952380952381	-0.4	0	0	0	0	0	0	-10225.434695855016	0.23040497022063927	1.0E-5
1.1904761904761907	-0.41500000000000015	0	0	0	0	0	0	-10140.37851695767	0.23114508616652912	1.0E-5
1.2053571428571428	-0.43000000000000016	0	0	0	0	0	0	-10057.045868579562	0.23187510125411295	1.0E-5
1.1904761904761905	-0.4	0	0	0	0	0	0	-10239.53609101359	0.23028275252523978	1.0E-5
1.2053571428571428	-0.41500000000000037	0	0	0	0	0	0	-10153.660490099935	0.23102918135030392	1.0E-5
1.2202380952380953	-0.43000000000000005	0	0	0	0	0	0	-10069.534012433718	0.23176539195870133	1.0E-5
1.2053571428571428	-0.4	0	0	0	0	0	0	-10252.439017513918	0.23017104265842256	1.0E-5
1.2202380952380953	-0.41500000000000015	0	0	0	0	0	0	-10165.827660022269	0.2309231127784427	1.0000000000000003E-5
1.2351190476190474	-0.4300000000000001	0	0	0	0	0	0	-10080.988337722547	0.2316648610813893	1.0E-5
1.2202380952380951	-0.4	0	0	0	0	0	0	-10264.24650285939	0.23006891770959545	1.0E-5
1.2351190476190474	-0.41500000000000015	0	0	0	0	0	0	-10176.976575299992	0.23082601147643664	1.0000000000000003E-5
1.25	-0.4300000000000001	0	0	0	0	0	0	-10091.488006911919	0.23157278973074494	1.0E-5
1.2351190476190474	-0.4	0	0	0	0	0	0	-10275.05449179456	0.2299755220223874	1.0E-5
1.25	-0.4150000000000002	0	0	0	0	0	0	-10187.186253824368	0.23073716631616464	1.0E-5
1.25	-0.4	0	0	0	0	0	0	-10284.94623909079	0.22989011458451425	1.0E-5
0.014874468305840851	-0.38518518518518513	0	0	0	0	0	0	-2173.376721057248	0.3737717691345269	1.0E-5
0	-0.38518518518518524	0	0	0	0	0	0	-2168.204555798507	0.373843117394278	1.0E-5
0.01488095238095238	-0.4	0	0	0	0	0	0	-2848.544799307398	0.36449977341627676	1.0E-5
0	-0.4	0	0	0	0	0	0	-2843.6548900321895	0.36456630676563534	1.0E-5
0.014867984230729325	-0.37037037037037035	0	0	0	0	0	0	-1699.2165689031233	0.3802831233483965	1.0000000000000003E-5
0	-0.3703703703703704	0	0	0	0	0	0	-1694.007565600231	0.3803540189781965	1.0E-5
0.029748936611681702	-0.3851851851851852	0	0	0	0	0	0	-2185.4250992379048	0.37360556120994903	1.0E-5
0.02976190476190476	-0.4	0	0	0	0	0	0	-2859.9359822954953	0.3643448326025609	1.0E-5
0.0148615001556178	-0.3555555555555556	0	0	0	0	0	0	-1344.6210502914064	0.38504478812753157	1.0E-5
0	-0.35555555555555557	0	0	0	0	0	0	-1339.4627876654404	0.3851128280393074	1.0E-5
0.02973596846145865	-0.37037037037037035	0	0	0	0	0	0	-1711.351572459802	0.3801178816374172	1.0E-5
0.04462340491752256	-0.3851851851851852	0	0	0	0	0	0	-2204.9930008441506	0.3733356117882986	9.999999999999992E-6
0.04464285714285714	-0.4	0	0	0	0	0	0	-2878.4361670580133	0.3640933490016993	1.0000000000000011E-5
0.014855016080506274	-0.34074074074074084	0	0	0	0	0	0	-1067.9935990875883	0.3886212974023677	1.000000000000001E-5
0	-0.3407407407407408	0	0	0	0	0	0	-1062.9194391626363	0.3886852959844535	1.0E-5
0.0297230003112356	-0.3555555555555556	0	0	0	0	0	0	-1356.6385099521183	0.38488610471234325	1.0E-5
0.04460395269218798	-0.3703703703703703	0	0	0	0	0	0	-1731.0632478230484	0.37984923242903046	9.999999999999999E-6
0.059497873223363404	-0.3851851851851852	0	0	0	0	0	0	-2232.1083247419274	0.37296153720187974	1.0E-5
0.05952380952380952	-0.39999999999999997	0	0	0	0	0	0	-2904.0697358408543	0.363745215577795	1.0000000000000003E-5
0.014848532005394752	-0.32592592592592595	0	0	0	0	0	0	-845.6241010842953	0.391355258304767	1.0000000000000008E-5
0	-0.32592592592592595	0	0	0	0	0	0	-840.6480245646883	0.3914145774608845	1.0E-5
0.029710032161012548	-0.3407407407407409	0	0	0	0	0	0	-1079.8156266396252	0.3884719328804667	1.0E-5
0.04458450046685341	-0.3555555555555556	0	0	0	0	0	0	-1376.1617960652397	0.38462782252861255	9.999999999999999E-6
0.0594719369229173	-0.3703703703703703	0	0	0	0	0	0	-1758.3850021614503	0.3794764062438419	1.0E-5
0.07437234152920427	-0.3851851851851852	0	0	0	0	0	0	-2266.7113047705993	0.37248419079645645	1.0E-5
0.0744047619047619	-0.4	0	0	0	0	0	0	-2936.7760371728846	0.36330157741849206	1.0E-5
0.014842047930283226	-0.31111111111111106	0	0	0	0	0	0	-662.961598514857	0.39346678731198775	1.0000000000000003E-5
0	-0.3111111111111111	0	0	0	0	0	0	-658.0931284661692	0.3935210192457591	9.999999999999999E-6
0.029697064010789503	-0.32592592592592595	0	0	0	0	0	0	-857.2181561654	0.39121669555606575	1.0000000000000003E-5
0.04456504824151882	-0.3407407407407409	0	0	0	0	0	0	-1099.023310086347	0.38822850118971686	1.0E-5
0.0594460006224712	-0.3555555555555556	0	0	0	0	0	0	-1403.2283270624146	0.38426878116326457	1.0E-5
0.07433992115364664	-0.3703703703703703	0	0	0	0	0	0	-1793.264871796015	0.37899972277093524	1.0000000000000003E-5
0.08924680983504513	-0.3851851851851852	0	0	0	0	0	0	-2308.7063067680806	0.3719049721917316	1.0000000000000003E-5
0.08928571428571427	-0.4	0	0	0	0	0	0	-2976.4573729513477	0.3627641838996348	9.999999999999992E-6
0.0148355638551717	-0.2962962962962964	0	0	0	0	0	0	-510.62771154663983	0.39510314769198424	1.0E-5
0	-0.2962962962962963	0	0	0	0	0	0	-505.87979584686406	0.3951519535974791	1.0E-5
0.029684095860566452	-0.3111111111111111	0	0	0	0	0	0	-674.3067186014746	0.393339957956997	1.0000000000000003E-5
0.04454559601618424	-0.32592592592592595	0	0	0	0	0	0	-876.0575180660059	0.3909905129088681	1.0E-5
0.059420064322025096	-0.34074074074074084	0	0	0	0	0	0	-1125.656658154129	0.38788946208658026	9.999999999999999E-6
0.07430750077808901	-0.35555555555555557	0	0	0	0	0	0	-1437.7934039525474	0.3838087172112837	1.0E-5
0.08920790538437597	-0.37037037037037035	0	0	0	0	0	0	-1835.6182847765149	0.37841991807508296	1.0000000000000011E-5
0.10412127814088598	-0.3851851851851852	0	0	0	0	0	0	-2357.9773181403834	0.3712256401653447	9.999999999999999E-6
0.10416666666666666	-0.4	0	0	0	0	0	0	-3022.992654484241	0.3621352081971758	1.0000000000000003E-5
0.014829079780060175	-0.2814814814814815	0	0	0	0	0	0	-382.41513693681884	0.39636575060302504	1.0E-5
0	-0.2814814814814815	0	0	0	0	0	0	-377.8153833460076	0.39640872200873484	1.0E-5
0.0296711277103434	-0.29629629629629634	0	0	0	0	0	0	-521.6951690706928	0.39498882112044525	1.0E-5
0.04452614379084967	-0.3111111111111111	0	0	0	0	0	0	-692.7455309422398	0.39313250481697004	1.000000000000001E-5
0.05939412802157901	-0.32592592592592595	0	0	0	0	0	0	-902.1842881090681	0.39067478990874865	1.0E-5
0.07427508040253139	-0.3407407407407408	0	0	0	0	0	0	-1159.6767645242653	0.3874539665261343	1.0E-5
0.08916900093370682	-0.3555555555555555	0	0	0	0	0	0	-1479.7831049726167	0.3832476340230711	9.99999999999999E-6
0.10407588961510525	-0.37037037037037046	0	0	0	0	0	0	-1885.3442888464654	0.37773797438655105	1.0E-5
0.11899574644672681	-0.3851851851851853	0	0	0	0	0	0	-2414.3959011778147	0.3704482301483993	9.999999999999992E-6
0.11904761904761904	-0.4	0	0	0	0	0	0	-3076.244115232201	0.36141716084808223	9.999999999999992E-6
0.014822595704948644	-0.2666666666666667	0	0	0	0	0	0	-274.2028077856073	0.3973260466130487	1.0E-5
0	-0.2666666666666667	0	0	0	0	0	0	-269.80213163593413	0.3973626563885244	1.0E-5
0.02965815956012035	-0.2814814814814815	0	0	0	0	0	0	-393.15192060826706	0.3962647680229195	1.0E-5
0.04450669156551509	-0.29629629629629634	0	0	0	0	0	0	-539.6930816788009	0.3948012654890877	1.0E-5
0.059368191721132904	-0.31111111111111106	0	0	0	0	0	0	-718.3232444729239	0.39284210310778844	9.999999999999999E-6
0.07424266002697374	-0.32592592592592595	0	0	0	0	0	0	-935.5643015118574	0.39026809155625275	1.0E-5
0.08913009648303764	-0.34074074074074084	0	0	0	0	0	0	-1201.018548536178	0.3869212820385823	1.000000000000001E-5
0.1040305010893246	-0.3555555555555556	0	0	0	0	0	0	-1529.1110383687399	0.38258565551425827	1.0E-5
0.1189438738458346	-0.37037037037037035	0	0	0	0	0	0	-1942.3340589500283	0.37695505646018684	9.999999999999999E-6
0.1338702147525677	-0.3851851851851854	0	0	0	0	0	0	-2477.826296329684	0.3695750097599236	1.0E-5
0.13392857142857142	-0.4000000000000001	0	0	0	0	0	0	-3136.061676049921	0.3606128341658694	1.0E-5
0.014816111629837122	-0.2518518518518519	0	0	0	0	0	0	-183.40546923845554	0.39803503124057105	1.0000000000000003E-5
0	-0.2518518518518519	0	0	0	0	0	0	-179.26907793090695	0.39806477275676333	1.0E-5
0.029645191409897288	-0.2666666666666667	0	0	0	0	0	0	-284.5065333963931	0.39723951868146046	1.0000000000000003E-5
0.04448723934018051	-0.2814814814814815	0	0	0	0	0	0	-410.6373271332374	0.3960983266307952	1.0E-5
0.0593422554206868	-0.29629629629629634	0	0	0	0	0	0	-564.6737070552506	0.3945376894148495	1.0E-5
0.0742102396514161	-0.31111111111111106	0	0	0	0	0	0	-751.0108777451704	0.3924667098726131	1.0E-5
0.08909119203236848	-0.32592592592592595	0	0	0	0	0	0	-976.1400075870619	0.389768953915427	1.0E-5
0.10398511256354395	-0.3407407407407409	0	0	0	0	0	0	-1249.6082245866128	0.38629067133331046	1.0000000000000003E-5
0.1188920012449424	-0.35555555555555557	0	0	0	0	0	0	-1585.6873544901061	0.38182298367055506	1.0E-5
0.13381185807656396	-0.3703703703703705	0	0	0	0	0	0	-2006.4762890389911	0.3760724885986056	1.0E-5
0.14874468305840854	-0.3851851851851852	0	0	0	0	0	0	-2548.128696381536	0.3686084566762242	9.999999999999999E-6
0.1488095238095238	-0.4	0	0	0	0	0	0	-3202.286030840717	0.35972526235569463	1.0E-5
0.01480962755472559	-0.23703703703703705	0	0	0	0	0	0	-108.12175185896808	0.39853326900488967	1.0E-5
0	-0.23703703703703705	0	0	0	0	0	0	-104.73732419986645	0.398553257541622	1.0E-5
0.029632223259674243	-0.2518518518518519	0	0	0	0	0	0	-193.08023119935112	0.3979645154004254	9.999999999999999E-6
0.044467787114845926	-0.2666666666666668	0	0	0	0	0	0	-301.3552208172178	0.39709564993736995	1.0E-5
0.0593163191202407	-0.2814814814814815	0	0	0	0	0	0	-434.9382571213425	0.39586306900475565	1.0000000000000003E-5
0.07417781927585848	-0.2962962962962964	0	0	0	0	0	0	-596.6132920492956	0.39419541598196284	1.0E-5
0.08905228758169934	-0.31111111111111106	0	0	0	0	0	0	-790.7574571745852	0.39200412858796946	9.999999999999994E-6
0.10393972403776325	-0.32592592592592595	0	0	0	0	0	0	-1023.8487097862078	0.38917579076365205	9.999999999999999E-6
0.11884012864405019	-0.34074074074074084	0	0	0	0	0	0	-1305.372924506526	0.38556137033027077	1.0000000000000003E-5
0.13375350140056025	-0.35555555555555557	0	0	0	0	0	0	-1649.4243829704099	0.3809598977217299	1.0E-5
0.14867984230729328	-0.3703703703703703	0	0	0	0	0	0	-2077.6604182532983	0.37509175696827235	1.0E-5
0.16361915136424945	-0.3851851851851852	0	0	0	0	0	0	-2625.1609844763966	0.3675512535007181	9.999999999999999E-6
0.1636904761904762	-0.4	0	0	0	0	0	0	-3274.7507595183997	0.358757692600014	1.0000000000000003E-5
0.014803143479614067	-0.22222222222222227	0	0	0	0	0	0	-48.875788432797066	0.3988436847649264	1.0E-5
0	-0.22222222222222224	0	0	0	0	0	0	-45.64338497375706	0.3988577576549215	1.0E-5
0.02961925510945118	-0.23703703703703707	0	0	0	0	0	0	-117.02489996435939	0.39847957912297793	1.0E-5
0.04444833488951136	-0.2518518518518519	0	0	0	0	0	0	-209.08132113705096	0.39784506525860985	9.999999999999992E-6
0.059290382819794575	-0.26666666666666666	0	0	0	0	0	0	-324.85280718647516	0.39689028901334056	1.0E-5
0.07414539890030084	-0.28148148148148155	0	0	0	0	0	0	-466.044009539831	0.39555556773351536	1.0E-5
0.08901338313103017	-0.2962962962962962	0	0	0	0	0	0	-635.4688672519151	0.3937714811481799	1.000000000000001E-5
0.10389433551198257	-0.31111111111111106	0	0	0	0	0	0	-837.5109578801328	0.39145192696637415	1.0E-5
0.11878825604315801	-0.32592592592592595	0	0	0	0	0	0	-1078.633270879285	0.38848688734620124	1.0E-5
0.1336951447245565	-0.3407407407407409	0	0	0	0	0	0	-1368.2466548517546	0.3847326073333816	9.999999999999999E-6
0.14861500155617802	-0.3555555555555556	0	0	0	0	0	0	-1720.2397721375335	0.3799967804835971	9.999999999999999E-6
0.16354782653802258	-0.3703703703703703	0	0	0	0	0	0	-2155.777973746961	0.37401453166066295	1.0E-5
0.17849361967009025	-0.3851851851851854	0	0	0	0	0	0	-2708.7791299269857	0.3664062959544211	1.0000000000000003E-5
0.17857142857142855	-0.4000000000000001	0	0	0	0	0	0	-3353.2836114501324	0.3577135647089366	1.0E-5
0.029606286959228133	-0.2222222222222222	0	0	0	0	0	0	-55.50128625391808	0.39881374223279464	1.0E-5
0.04442888266417677	-0.23703703703703705	0	0	0	0	0	0	-131.9571683856764	0.3983861086323518	1.0E-5
0.059264446519348486	-0.2518518518518519	0	0	0	0	0	0	-231.53973421842338	0.39767179281355935	1.0E-5
0.07411297852474322	-0.2666666666666668	0	0	0	0	0	0	-354.9761598949639	0.39661943377749365	1.0E-5
0.08897447868036101	-0.2814814814814815	0	0	0	0	0	0	-503.9138152145346	0.39517212013276676	9.999999999999999E-6
0.1038489469862019	-0.29629629629629634	0	0	0	0	0	0	-681.1990222218233	0.3932626030307773	1.0E-5
0.11873638344226581	-0.31111111111111106	0	0	0	0	0	0	-891.2299745919663	0.3908074495280828	1.0E-5
0.13363678804855272	-0.32592592592592606	0	0	0	0	0	0	-1140.448424857806	0.3877004375413285	1.0E-5
0.14855016080506278	-0.34074074074074073	0	0	0	0	0	0	-1438.1733012365723	0.3838036514355912	9.999999999999999E-6
0.1634765017117958	-0.35555555555555557	0	0	0	0	0	0	-1798.0574137481226	0.37893416647727474	9.99999999999999E-6
0.17841581076875193	-0.3703703703703705	0	0	0	0	0	0	-2240.722261469048	0.3728427041807523	1.0E-5
0.1933680879759312	-0.3851851851851852	0	0	0	0	0	0	-2798.8364784982055	0.3651767103530666	1.0E-5
0.19345238095238093	-0.4	0	0	0	0	0	0	-3437.707090814064	0.35659649720442266	1.0E-5
0.0444094304388422	-0.22222222222222227	0	0	0	0	0	0	-68.50206848521917	0.39875106339635374	1.000000000000001E-5
0.05923851021890236	-0.23703703703703705	0	0	0	0	0	0	-153.30835575933727	0.39824557021392365	1.0E-5
0.07408055814918557	-0.25185185185185194	0	0	0	0	0	0	-260.48235235119074	0.3974394900043749	9.999999999999999E-6
0.08893557422969185	-0.2666666666666667	0	0	0	0	0	0	-391.70553493076034	0.39627842650954764	1.0000000000000003E-5
0.10380355846042118	-0.2814814814814815	0	0	0	0	0	0	-548.5209029506866	0.39470854647182396	1.0000000000000003E-5
0.1186845108413736	-0.2962962962962963	0	0	0	0	0	0	-733.7799570689555	0.39266517788303296	1.0E-5
0.13357843137254904	-0.3111111111111112	0	0	0	0	0	0	-951.8906411145795	0.39006786762207674	1.0E-5
0.1484853200539475	-0.32592592592592595	0	0	0	0	0	0	-1209.2635440050738	0.3868146121040197	1.0E-5
0.16340517688556905	-0.3407407407407408	0	0	0	0	0	0	-1515.107027820771	0.3827738847742982	1.0E-5
0.17833800186741364	-0.3555555555555556	0	0	0	0	0	0	-1882.806450160729	0.3777728070411572	1.0E-5
0.19328379499948128	-0.37037037037037035	0	0	0	0	0	0	-2332.3867105171553	0.3715784353430594	9.999999999999999E-6
0.20824255628177196	-0.3851851851851853	0	0	0	0	0	0	-2895.1822260699428	0.3638658758149639	1.0E-5
0.20833333333333331	-0.4	0	0	0	0	0	0	-3527.8384943833794	0.3554102775807192	1.0E-5
0.05921257391845627	-0.22222222222222227	0	0	0	0	0	0	-89.55434773350898	0.3986399058350821	1.0E-5
0.07404813777362795	-0.23703703703703707	0	0	0	0	0	0	-180.70067651050408	0.3980545072917956	1.0E-5
0.08889666977902272	-0.2518518518518519	0	0	0	0	0	0	-295.813495966549	0.39714328957469597	1.0000000000000003E-5
0.10375816993464052	-0.26666666666666666	0	0	0	0	0	0	-435.02629939257736	0.3958622085705611	1.0E-5
0.1186326382404814	-0.2814814814814815	0	0	0	0	0	0	-599.8630673184708	0.39416027032057077	1.0E-5
0.13352007469654528	-0.2962962962962964	0	0	0	0	0	0	-793.211852752684	0.39197535209920475	1.0E-5
0.1484204793028322	-0.311111111111111	0	0	0	0	0	0	-1019.4888236252914	0.3892302668737622	1.0000000000000003E-5
0.16333385205934228	-0.32592592592592595	0	0	0	0	0	0	-1285.0622927509828	0.3858276534242199	1.0E-5
0.1782601929660753	-0.34074074074074084	0	0	0	0	0	0	-1599.0104844143232	0.38164289344703484	9.999999999999999E-6
0.19319950202303146	-0.35555555555555557	0	0	0	0	0	0	-1974.4187564580814	0.37651374669104093	9.999999999999999E-6
0.2081517792302105	-0.37037037037037035	0	0	0	0	0	0	-2430.6622428278215	0.3702242077948954	1.0E-5
0.22311702458761268	-0.3851851851851852	0	0	0	0	0	0	-2997.65939472064	0.3624774464239536	1.0E-5
0.2232142857142857	-0.4	0	0	0	0	0	0	-3623.4895570441427	0.354158854561229	1.0E-5
0.07401571739807034	-0.2222222222222222	0	0	0	0	0	0	-114.50316838738999	0.39849494608096603	1.0E-5
0.08885776532835354	-0.23703703703703707	0	0	0	0	0	0	-214.17721356864342	0.3978063110409871	9.999999999999999E-6
0.10371278140885982	-0.2518518518518519	0	0	0	0	0	0	-337.58318775135325	0.39677683353387516	1.0E-5
0.11858076563958915	-0.2666666666666668	0	0	0	0	0	0	-484.9698541699058	0.3953651423135315	1.0000000000000003E-5
0.13346171802054158	-0.2814814814814815	0	0	0	0	0	0	-657.9699594046283	0.3935223897556507	1.0E-5
0.14835563855171696	-0.29629629629629634	0	0	0	0	0	0	-859.5200519937333	0.3911891272088163	1.0E-5
0.1632625272331155	-0.31111111111111106	0	0	0	0	0	0	-1094.038689104112	0.3882917630005415	9.999999999999992E-6
0.17818238406473697	-0.32592592592592606	0	0	0	0	0	0	-1367.8398094341158	0.38473799073541637	1.0E-5
0.19311520904658158	-0.34074074074074084	0	0	0	0	0	0	-1689.8513421473144	0.38041057065876077	1.0E-5
0.2080610021786492	-0.35555555555555557	0	0	0	0	0	0	-2072.8253535735134	0.37515840408898204	1.0E-5
0.22301976346093988	-0.37037037037037024	0	0	0	0	0	0	-2535.4340662808095	0.36878287709725693	1.0E-5
0.23799149289345362	-0.3851851851851852	0	0	0	0	0	0	-3106.102593878476	0.3610153692877116	1.0E-5
0.23809523809523808	-0.4	0	0	0	0	0	0	-3724.465881704735	0.35284633004873445	1.0000000000000003E-5
0.0888188608776844	-0.2222222222222222	0	0	0	0	0	0	-145.49694275722047	0.3982978840018249	9.999999999999992E-6
0.10366739288307916	-0.23703703703703705	0	0	0	0	0	0	-253.9971255992857	0.39749238431523665	1.0E-5
0.11852889303869697	-0.2518518518518519	0	0	0	0	0	0	-385.8811291454263	0.3963332551509093	1.000000000000001E-5
0.13340336134453784	-0.2666666666666668	0	0	0	0	0	0	-541.6038160435293	0.39478123691627975	1.0E-5
0.14829079780060167	-0.28148148148148155	0	0	0	0	0	0	-722.901360423333	0.392789810513304	1.0000000000000003E-5
0.16319120240688872	-0.29629629629629634	0	0	0	0	0	0	-932.7520323466497	0.3903024956182353	1.0E-5
0.17810457516339867	-0.31111111111111117	0	0	0	0	0	0	-1175.5685531287538	0.3872496399073001	1.0E-5
0.19303091607013173	-0.325925925925926	0	0	0	0	0	0	-1457.5981067915734	0.3835443688256085	1.0E-5
0.2079702251270879	-0.34074074074074084	0	0	0	0	0	0	-1787.5977184318272	0.37907722473163186	1.0E-5
0.22292250233426708	-0.3555555555555556	0	0	0	0	0	0	-2177.9522230096054	0.3737086505762718	9.999999999999999E-6
0.2378877476916692	-0.3703703703703704	0	0	0	0	0	0	-2646.578321550978	0.3672577149479304	1.0E-5
0.2528659611992945	-0.3851851851851852	0	0	0	0	0	0	-3220.336507476241	0.35948388589846564	1.0E-5
0.25297619047619047	-0.4	0	0	0	0	0	0	-3830.5653757611612	0.3514769609216918	1.0E-5
0.10362200435729847	-0.2222222222222222	0	0	0	0	0	0	-182.76437948346756	0.39803965698638655	1.0E-5
0.11847702043780473	-0.23703703703703694	0	0	0	0	0	0	-300.2827966756171	0.3971048931836693	1.0E-5
0.13334500466853408	-0.2518518518518519	0	0	0	0	0	0	-440.8174488344081	0.39580548607922617	1.0000000000000003E-5
0.14822595704948643	-0.2666666666666668	0	0	0	0	0	0	-605.0283606855704	0.39410428982731915	9.999999999999999E-6
0.16311987758066193	-0.2814814814814815	0	0	0	0	0	0	-794.7424396907446	0.39195739460546386	1.0000000000000003E-5
0.17802676626206035	-0.29629629629629634	0	0	0	0	0	0	-1012.971628605816	0.3893115990733224	9.999999999999999E-6
0.1929466230936819	-0.31111111111111106	0	0	0	0	0	0	-1264.1149014420798	0.38610150293780604	9.999999999999999E-6
0.2078794480755265	-0.32592592592592595	0	0	0	0	0	0	-1554.3403753759371	0.38224598230009166	1.0E-5
0.22282524120759423	-0.34074074074074073	0	0	0	0	0	0	-1892.2130345197677	0.3776436841628298	9.999999999999999E-6
0.2377840024898848	-0.3555555555555555	0	0	0	0	0	0	-2289.7159490112	0.3721668796469559	9.999999999999999E-6
0.25275573192239853	-0.3703703703703704	0	0	0	0	0	0	-2763.958792890797	0.36565244135109654	1.0E-5
0.26785714285714285	-0.4	0	0	0	0	0	0	-3941.5814271005424	0.35005509719631595	1.0E-5
0.2677485587933349	-0.3851851851851852	0	0	0	0	0	0	-3340.238408432465	0.35788667716232414	1.0E-5
0.11842514783691253	-0.2222222222222222	0	0	0	0	0	0	-226.517891672694	0.3977110863482251	1.000000000000001E-5
0.13328664799253032	-0.2370370370370371	0	0	0	0	0	0	-353.19605866407846	0.3966356670457632	1.0E-5
0.14816111629837114	-0.2518518518518519	0	0	0	0	0	0	-502.53954422244533	0.39518620215572065	9.999999999999999E-6
0.16304855275443506	-0.2666666666666667	0	0	0	0	0	0	-675.3719270837481	0.39332801765363984	9.999999999999992E-6
0.17794895736072203	-0.2814814814814815	0	0	0	0	0	0	-873.5963184405723	0.391020133065577	1.0E-5
0.19286233011723203	-0.29629629629629634	0	0	0	0	0	0	-1100.2514352238034	0.388212905153168	1.0E-5
0.20778867102396514	-0.31111111111111106	0	0	0	0	0	0	-1359.7153864059062	0.3848454391578793	1.0000000000000003E-5
0.22272798008092123	-0.32592592592592595	0	0	0	0	0	0	-1658.0648176914349	0.3808426067843176	1.0E-5
0.23768025728810038	-0.34074074074074084	0	0	0	0	0	0	-2003.6507925949024	0.37611139203553867	1.0E-5
0.25264550264550256	-0.35555555555555557	0	0	0	0	0	0	-2408.0195574457616	0.37053606147866125	1.0E-5
0.267639974729527	-0.3703703703703703	0	0	0	0	0	0	-2887.561071884514	0.36396937947347335	1.0E-5
0.28273809523809523	-0.4	0	0	0	0	0	0	-4057.2999407403	0.34858519805371807	9.999999999999999E-6
0.28263115638737524	-0.3851851851851852	0	0	0	0	0	0	-3465.5446597416517	0.35622941411601294	1.0E-5
0.13322829131652666	-0.22222222222222232	0	0	0	0	0	0	-276.95450365638146	0.3973030489790729	9.999999999999994E-6
0.1480962755472559	-0.23703703703703705	0	0	0	0	0	0	-412.93513403777524	0.3960762750340187	1.0E-5
0.16297722792820835	-0.25185185185185194	0	0	0	0	0	0	-571.2248327776236	0.3944679591643872	1.0E-5
0.1778711484593837	-0.26666666666666683	0	0	0	0	0	0	-752.781671417861	0.3924462412518893	1.0E-5
0.1927780371407822	-0.2814814814814815	0	0	0	0	0	0	-959.5745918324754	0.3899733447092869	1.0000000000000003E-5
0.2076978939724038	-0.2962962962962962	0	0	0	0	0	0	-1194.664285837936	0.3870033939575756	1.0E-5
0.22263071895424838	-0.31111111111111106	0	0	0	0	0	0	-1462.4015130120886	0.3834801752368671	1.0E-5
0.23757651208631603	-0.32592592592592595	0	0	0	0	0	0	-1768.7585556026438	0.37933471831139814	1.0E-5
0.2525352733686067	-0.3407407407407409	0	0	0	0	0	0	-2121.8496779381007	0.37448248281088586	9.999999999999999E-6
0.26753139066571896	-0.35555555555555557	0	0	0	0	0	0	-2532.9580321539365	0.3688169031010162	1.0E-5
0.28252421753665535	-0.37037037037037035	0	0	0	0	0	0	-3017.089589165028	0.36221491888422525	1.0E-5
0.2976190476190476	-0.4	0	0	0	0	0	0	-4177.496142843268	0.34707184775237865	1.0E-5
0.2975137539814156	-0.3851851851851852	0	0	0	0	0	0	-3596.038435805856	0.35451720557201805	1.0E-5
0.14803143479614067	-0.2222222222222222	0	0	0	0	0	0	-334.32800416679834	0.3968059873309563	9.999999999999999E-6
0.16290590310198153	-0.23703703703703716	0	0	0	0	0	0	-479.7313444558218	0.39541809542580564	1.0E-5
0.17779333955804544	-0.2518518518518519	0	0	0	0	0	0	-647.0695285298264	0.39364337942871386	1.0E-5
0.19269374416433244	-0.2666666666666667	0	0	0	0	0	0	-837.411961272358	0.39145310501218694	1.0E-5
0.20760711692084236	-0.28148148148148155	0	0	0	0	0	0	-1052.7870911309137	0.3888128902227354	1.0E-5
0.22253345782757544	-0.29629629629629634	0	0	0	0	0	0	-1296.274640147285	0.38568074422228327	1.0E-5
0.23747276688453162	-0.31111111111111106	0	0	0	0	0	0	-1572.1916155724125	0.38200522285931104	1.0E-5
0.2524250440917108	-0.32592592592592595	0	0	0	0	0	0	-1886.3920514051456	0.37772359266000255	1.0E-5
0.2674228066019111	-0.3407407407407408	0	0	0	0	0	0	-2247.009518405719	0.37275597013218337	9.999999999999999E-6
0.28241727868593536	-0.35555555555555557	0	0	0	0	0	0	-2664.206746440411	0.36701624553005724	1.0E-5
0.2974084603437837	-0.3703703703703704	0	0	0	0	0	0	-3152.3552997834768	0.3603941713717046	1.0E-5
0.3125	-0.4	0	0	0	0	0	0	-4301.938636745454	0.3455196785107845	1.0E-5
0.31239635157545603	-0.3851851851851853	0	0	0	0	0	0	-3731.4873470011225	0.3527553963134317	1.0E-5
0.1628345782757547	-0.22222222222222227	0	0	0	0	0	0	-398.9215614618853	0.3962101164132555	1.0E-5
0.1777155306567071	-0.23703703703703716	0	0	0	0	0	0	-553.8335856200375	0.3946525216354915	1.0E-5
0.19260945118788259	-0.2518518518518519	0	0	0	0	0	0	-730.2748307529091	0.3927053921319233	1.0E-5
0.20751633986928103	-0.2666666666666668	0	0	0	0	0	0	-929.412230707964	0.3903433203668064	9.999999999999999E-6
0.2224361967009026	-0.2814814814814815	0	0	0	0	0	0	-1153.3318062167107	0.387535389399795	1.0E-5
0.2373690216827472	-0.2962962962962964	0	0	0	0	0	0	-1405.1305361995105	0.38424350709888005	1.0E-5
0.25231481481481477	-0.31111111111111106	0	0	0	0	0	0	-1689.0845965211697	0.38042100188252914	1.0000000000000003E-5
0.2673142225381031	-0.32592592592592595	0	0	0	0	0	0	-2011.2644131069599	0.37600655747225437	1.0E-5
0.2823103398352155	-0.34074074074074084	0	0	0	0	0	0	-2378.7747500637015	0.3709389985415335	1.0E-5
0.2973031667061518	-0.3555555555555556	0	0	0	0	0	0	-2801.6082308691953	0.3651389300749585	1.0E-5
0.31229270315091207	-0.37037037037037035	0	0	0	0	0	0	-3293.1489446137944	0.3585126578372871	1.0E-5
0.3273809523809524	-0.4	0	0	0	0	0	0	-4430.388685012787	0.34393335472114944	1.0E-5
0.32727894916949635	-0.38518518518518513	0	0	0	0	0	0	-3871.6442715406097	0.3509495135420648	1.0E-5
0.1776377217553688	-0.22222222222222238	0	0	0	0	0	0	-471.0365266116093	0.3955055737401789	1.0000000000000003E-5
0.19252515821143273	-0.237037037037037	0	0	0	0	0	0	-635.4934736747936	0.3937712101582393	9.999999999999999E-6
0.20742556281771965	-0.2518518518518519	0	0	0	0	0	0	-821.0328287095132	0.3916475080538887	9.999999999999999E-6
0.22233893557422965	-0.2666666666666667	0	0	0	0	0	0	-1028.9152567520546	0.3891124187906646	1.0E-5
0.2372652764809628	-0.2814814814814815	0	0	0	0	0	0	-1261.2856898206323	0.386138427390557	1.0000000000000003E-5
0.25220458553791886	-0.2962962962962964	0	0	0	0	0	0	-1521.2566133500507	0.38269125571206153	1.0000000000000003E-5
0.2672056384742952	-0.31111111111111106	0	0	0	0	0	0	-1813.4736900953526	0.3787231979588159	9.999999999999999E-6
0.2822034009844955	-0.32592592592592595	0	0	0	0	0	0	-2142.9858404129563	0.3741909772517911	1.0E-5
0.29719787306851986	-0.34074074074074084	0	0	0	0	0	0	-2517.016824513232	0.36903601527630225	1.0E-5
0.31218905472636815	-0.3555555555555556	0	0	0	0	0	0	-2944.9814403822834	0.3631903759263775	1.0000000000000003E-5
0.3271769459580406	-0.37037037037037046	0	0	0	0	0	0	-3439.2410725101768	0.3565762527892909	1.0E-5
0.34226190476190477	-0.4	0	0	0	0	0	0	-4562.600637115225	0.3423175431727622	1.0E-5
0.3421615467635368	-0.3851851851851853	0	0	0	0	0	0	-4016.2481263749596	0.34910521361684144	1.0E-5
0.19244086523498283	-0.2222222222222222	0	0	0	0	0	0	-550.9774745790535	0.3946826616411281	1.0E-5
0.20733478576615832	-0.237037037037037	0	0	0	0	0	0	-724.9489878982005	0.39276639158011484	1.0E-5
0.2222416744475568	-0.25185185185185194	0	0	0	0	0	0	-919.5128169814283	0.39046411616188265	1.0E-5
0.2371615312791783	-0.2666666666666667	0	0	0	0	0	0	-1136.0266250627265	0.38775699723064155	1.0E-5
0.2520943562610229	-0.2814814814814815	0	0	0	0	0	0	-1376.6968952013958	0.3846207351087401	1.0000000000000003E-5
0.2670970544104872	-0.2962962962962962	0	0	0	0	0	0	-1645.135792362666	0.38101808951099103	1.0E-5
0.2820964621337756	-0.311111111111111	0	0	0	0	0	0	-1944.9311289168909	0.3769193481535922	1.0E-5
0.2970925794308879	-0.32592592592592595	0	0	0	0	0	0	-2281.4518718193954	0.37228086449019476	1.0E-5
0.3120854063018242	-0.34074074074074084	0	0	0	0	0	0	-2661.5808723015457	0.36705220587697956	1.0E-5
0.32707494274658455	-0.3555555555555556	0	0	0	0	0	0	-3094.1215059497986	0.36117652093975006	1.0E-5
0.3420611887651689	-0.37037037037037035	0	0	0	0	0	0	-3590.382791611727	0.3545911155032167	1.0E-5
0.3571428571428571	-0.4	0	0	0	0	0	0	-4698.3225176293	0.34067688262247114	1.0E-5
0.35704414435757714	-0.3851851851851852	0	0	0	0	0	0	-4165.02506527247	0.34722822417551163	1.0E-5
0.20724400871459694	-0.2222222222222222	0	0	0	0	0	0	-639.0317912007607	0.39373221032183037	1.0E-5
0.22214441332088392	-0.23703703703703705	0	0	0	0	0	0	-822.408056659731	0.3916312245666394	1.0E-5
0.23705778607739394	-0.25185185185185194	0	0	0	0	0	0	-1025.8490657542998	0.3891507789465954	1.0E-5
0.25198412698412703	-0.2666666666666667	0	0	0	0	0	0	-1250.8160465869007	0.386274936519237	1.0000000000000003E-5
0.2669884703466793	-0.28148148148148155	0	0	0	0	0	0	-1500.134221102394	0.3829748795631166	1.0E-5
0.2819895232830555	-0.29629629629629634	0	0	0	0	0	0	-1776.2983685182207	0.3792316912053789	1.0E-5
0.2969872857932559	-0.31111111111111106	0	0	0	0	0	0	-2083.3710094522953	0.3750130364171591	1.0E-5
0.3119817578772803	-0.32592592592592595	0	0	0	0	0	0	-2426.52899913681	0.37028112590723516	1.0000000000000003E-5
0.32697293953512857	-0.3407407407407409	0	0	0	0	0	0	-2812.2854189563172	0.36499343205664836	9.999999999999999E-6
0.3419608307668009	-0.35555555555555557	0	0	0	0	0	0	-3248.800331770903	0.3591037437587696	1.0E-5
0.35694543157229724	-0.3703703703703703	0	0	0	0	0	0	-3746.3070522773896	0.3525636129126825	1.0E-5
0.3720238095238094	-0.4	0	0	0	0	0	0	-4837.296718659665	0.33901595399887813	1.0E-5
0.37192674195161746	-0.3851851851851852	0	0	0	0	0	0	-4317.689958471733	0.34532428503306095	1.0E-5
0.22204715219421095	-0.22222222222222227	0	0	0	0	0	0	-735.4486171469521	0.3926460144220497	1.0E-5
0.23695404087560945	-0.23703703703703716	0	0	0	0	0	0	-928.0339354316993	0.3903601577830963	1.0E-5
0.25187389770723095	-0.2518518518518519	0	0	0	0	0	0	-1140.1309536584051	0.38770449985158845	1.0000000000000003E-5
0.2668798862828715	-0.2666666666666667	0	0	0	0	0	0	-1373.9348082390131	0.3846573143754635	9.999999999999999E-6
0.2818825844323357	-0.2814814814814815	0	0	0	0	0	0	-1631.0817086864488	0.38120867341049103	1.0E-5
0.29688199215562405	-0.2962962962962963	0	0	0	0	0	0	-1914.6711633872844	0.37733524983042466	1.0E-5
0.3118781094527363	-0.31111111111111106	0	0	0	0	0	0	-2228.6752617688476	0.3730088982844533	1.0000000000000003E-5
0.3268709363236726	-0.32592592592592595	0	0	0	0	0	0	-2578.0545832880684	0.368197496804731	1.0E-5
0.3418604727684329	-0.34074074074074084	0	0	0	0	0	0	-2968.9230424295456	0.36286614565611686	1.0E-5
0.35684671878701724	-0.35555555555555557	0	0	0	0	0	0	-3408.767894555854	0.35697877222155017	1.0E-5
0.37182967437942543	-0.37037037037037024	0	0	0	0	0	0	-3906.730364752102	0.35050023790399953	9.999999999999999E-6
0.38690476190476186	-0.4	0	0	0	0	0	0	-4979.260722273074	0.3373392526033691	1.0E-5
0.386809339545658	-0.3851851851851852	0	0	0	0	0	0	-4473.9480270168415	0.34339909075130504	1.0E-5
0.23685029567382507	-0.22222222222222227	0	0	0	0	0	0	-840.4207939250173	0.3914172840649415	9.999999999999992E-6
0.25176366843033504	-0.23703703703703707	0	0	0	0	0	0	-1041.9337018557962	0.3889492623756534	1.0E-5
0.2667713022190634	-0.25185185185185194	0	0	0	0	0	0	-1263.089043952688	0.38611489329107884	1.0E-5
0.2817756455816158	-0.2666666666666668	0	0	0	0	0	0	-1504.8158022605617	0.38291206298303965	1.0000000000000003E-5
0.29677669851799204	-0.2814814814814815	0	0	0	0	0	0	-1769.4727104865585	0.3793249613776934	1.0E-5
0.3117744610281924	-0.2962962962962964	0	0	0	0	0	0	-2060.1450219723256	0.3753331714950454	1.0000000000000003E-5
0.3267689331122167	-0.31111111111111106	0	0	0	0	0	0	-2380.694011666383	0.37091254993067607	9.999999999999999E-6
0.341760114770065	-0.32592592592592595	0	0	0	0	0	0	-2735.837809498701	0.3660364460214562	1.0000000000000003E-5
0.35674800600173723	-0.3407407407407408	0	0	0	0	0	0	-3131.2618134146455	0.36067728427402374	9.999999999999999E-6
0.3717326068072335	-0.3555555555555556	0	0	0	0	0	0	-3573.7540725145914	0.3548085835376048	1.0E-5
0.386713917186554	-0.37037037037037046	0	0	0	0	0	0	-4071.3547921801246	0.34840752730777513	1.0E-5
0.40178571428571425	-0.4	0	0	0	0	0	0	-5123.947790496185	0.33565116336324297	1.0E-5
0.4016919371396983	-0.3851851851851852	0	0	0	0	0	0	-4633.496500866223	0.34145823749917453	1.0E-5
0.25165343915343913	-0.2222222222222222	0	0	0	0	0	0	-954.0710072403092	0.3900410647430553	9.999999999999999E-6
0.26666271815525544	-0.23703703703703705	0	0	0	0	0	0	-1164.9139390349071	0.3873866917770912	1.0E-5
0.2816687067308957	-0.2518518518518519	0	0	0	0	0	0	-1394.0993064671766	0.384390001549107	1.0E-5
0.2966714048803601	-0.2666666666666667	0	0	0	0	0	0	-1643.3920928203138	0.3810417450570315	1.0E-5
0.3116708126036484	-0.28148148148148155	0	0	0	0	0	0	-1915.1998633773997	0.37732798627350267	1.0E-5
0.32666692990076074	-0.29629629629629634	0	0	0	0	0	0	-2212.5758946356846	0.37323100029151296	1.0E-5
0.3416597567716971	-0.31111111111111106	0	0	0	0	0	0	-2539.2470956576612	0.3687304817430005	1.0E-5
0.3566492932164574	-0.32592592592592595	0	0	0	0	0	0	-2899.6614875773853	0.36380505797973833	1.0000000000000003E-5
0.37163553923504167	-0.3407407407407409	0	0	0	0	0	0	-3299.0473242346343	0.3584341550494927	1.0E-5
0.3866184948274501	-0.3555555555555555	0	0	0	0	0	0	-3743.4708226097177	0.3526003017279796	1.0000000000000003E-5
0.40159815999368254	-0.37037037037037035	0	0	0	0	0	0	-4239.870052608717	0.34629198358809576	1.0E-5
0.41666666666666663	-0.4	0	0	0	0	0	0	-5271.087568358486	0.33395593993344574	1.0E-5
0.41657453473373873	-0.3851851851851853	0	0	0	0	0	0	-4796.026179251912	0.33950717633370175	1.0E-5
0.26655413409144757	-0.2222222222222222	0	0	0	0	0	0	-1077.2783858405364	0.3885040195940958	1.0E-5
0.28156176788017584	-0.23703703703703707	0	0	0	0	0	0	-1296.2866800056092	0.3856805863500305	1.0E-5
0.29656611124272814	-0.2518518518518519	0	0	0	0	0	0	-1533.086683331326	0.3825321772171083	1.0000000000000003E-5
0.31156716417910446	-0.2666666666666668	0	0	0	0	0	0	-1789.550134889365	0.37905052640131653	1.0E-5
0.32656492668930476	-0.2814814814814815	0	0	0	0	0	0	-2068.117212596857	0.3752232977461997	1.0E-5
0.3415593987733291	-0.2962962962962964	0	0	0	0	0	0	-2371.7872079761146	0.3710352966212416	1.0000000000000003E-5
0.3565505804311774	-0.31111111111111106	0	0	0	0	0	0	-2704.1264783831284	0.3664699241608441	1.0000000000000003E-5
0.37153847166284965	-0.32592592592592595	0	0	0	0	0	0	-3069.284465902941	0.36151089950346893	1.0E-5
0.38652307246834594	-0.3407407407407408	0	0	0	0	0	0	-3472.005093250956	0.35614431336304736	9.999999999999999E-6
0.4015043828476664	-0.3555555555555556	0	0	0	0	0	0	-3917.6145143858644	0.3503610975910682	1.0E-5
0.41648240280081084	-0.37037037037037046	0	0	0	0	0	0	-4411.955568824462	0.34416000366203064	1.0E-5
0.43154761904761907	-0.4	0	0	0	0	0	0	-5420.406555992525	0.33225768816539536	1.0E-5
0.43145713232777905	-0.38518518518518513	0	0	0	0	0	0	-4961.222788309977	0.3375511744480463	1.0000000000000003E-5
0.2814548290294559	-0.2222222222222222	0	0	0	0	0	0	-1209.2823274673565	0.38681436893196586	1.0E-5
0.2964608176050962	-0.23703703703703705	0	0	0	0	0	0	-1435.959390131501	0.3838331702494143	1.0E-5
0.3114635157545605	-0.25185185185185194	0	0	0	0	0	0	-1679.922208830838	0.38054561527333086	1.0000000000000003E-5
0.3264629234778488	-0.2666666666666667	0	0	0	0	0	0	-1943.1333419961368	0.3769440670090164	1.0000000000000003E-5
0.34145904077496114	-0.28148148148148155	0	0	0	0	0	0	-2228.0437898770583	0.373017609826737	1.0E-5
0.3564518676458975	-0.29629629629629634	0	0	0	0	0	0	-2537.5731945564253	0.3687534824720548	1.0000000000000003E-5
0.37144140409065773	-0.31111111111111106	0	0	0	0	0	0	-2875.099286724936	0.3641386950319879	1.0000000000000003E-5
0.38642765010924207	-0.32592592592592595	0	0	0	0	0	0	-3244.444410902112	0.3591618795214995	1.0E-5
0.40141060570165055	-0.34074074074074084	0	0	0	0	0	0	-3649.843128017768	0.3538154429548337	1.0E-5
0.41639027086788283	-0.3555555555555555	0	0	0	0	0	0	-4095.868233678139	0.3480980958243283	9.999999999999999E-6
0.4313666456079393	-0.3703703703703703	0	0	0	0	0	0	-4587.282320623532	0.3420178175207927	9.999999999999999E-6
0.4464285714285714	-0.4	0	0	0	0	0	0	-5571.628418247752	0.3305603541833912	1.0E-5
0.4463397299218195	-0.3851851851851852	0	0	0	0	0	0	-5128.768052723097	0.3355952853152565	1.0E-5
0.29635552396746434	-0.2222222222222222	0	0	0	0	0	0	-1349.96128035492	0.384974302312192	1.0E-5
0.3113598673300166	-0.23703703703703705	0	0	0	0	0	0	-1583.7766075183015	0.38184879675888217	1.0E-5
0.32636092026639274	-0.2518518518518519	0	0	0	0	0	0	-1834.4285465387673	0.37843621886431894	1.0E-5
0.34135868277659315	-0.2666666666666667	0	0	0	0	0	0	-2103.9473097990144	0.37472935012667624	1.0E-5
0.3563531548606176	-0.2814814814814815	0	0	0	0	0	0	-2394.768204031285	0.37071861935270856	1.0E-5
0.3713443365184658	-0.29629629629629634	0	0	0	0	0	0	-2709.7028195892585	0.3663936650251375	1.0E-5
0.3863322277501381	-0.31111111111111106	0	0	0	0	0	0	-3051.9111642740945	0.3617450382623161	1.0E-5
0.40131682855563455	-0.32592592592592595	0	0	0	0	0	0	-3424.8607048118683	0.35676610949384097	1.0E-5
0.4162981389349549	-0.3407407407407409	0	0	0	0	0	0	-3832.254438601877	0.35145524324300004	1.0E-5
0.4312761588880993	-0.3555555555555555	0	0	0	0	0	0	-4277.903885284058	0.34581829303364997	1.0E-5
0.44625088841506766	-0.37037037037037035	0	0	0	0	0	0	-4765.514377250851	0.3398714384704645	1.0E-5
0.4613095238095238	-0.4	0	0	0	0	0	0	-5724.474113877686	0.32886771704815876	1.0E-5
0.46122232751585984	-0.3851851851851852	0	0	0	0	0	0	-5298.340422866249	0.3336443280594445	1.0E-5
0.3112562189054727	-0.22222222222222227	0	0	0	0	0	0	-1499.1195951338505	0.38298849011898	1.0E-5
0.326258917054937	-0.23703703703703707	0	0	0	0	0	0	-1739.528168824192	0.37973377780931106	1.0000000000000003E-5
0.34125832477822526	-0.2518518518518519	0	0	0	0	0	0	-1996.3874296809254	0.37621138917018504	1.0E-5
0.3562544420753375	-0.2666666666666668	0	0	0	0	0	0	-2271.766095742494	0.3724144651087339	1.0E-5
0.3712472689462738	-0.2814814814814815	0	0	0	0	0	0	-2568.0537769153493	0.368334799612083	1.0E-5
0.38623680539103433	-0.29629629629629634	0	0	0	0	0	0	-2887.9239432137956	0.3639644505331408	1.0E-5
0.40122305140961856	-0.31111111111111106	0	0	0	0	0	0	-3234.28966075417	0.35929746315685696	1.0E-5
0.4162060070020269	-0.32592592592592595	0	0	0	0	0	0	-3610.237230044931	0.3543317715320334	1.0E-5
0.4311856721682594	-0.3407407407407407	0	0	0	0	0	0	-4018.9193115028306	0.3490713285674583	1.0E-5
0.44616204690831557	-0.3555555555555555	0	0	0	0	0	0	-4463.3839475504465	0.34352848931559254	1.0E-5
0.46113513122219585	-0.37037037037037046	0	0	0	0	0	0	-4946.310015689087	0.3377266259498867	1.0E-5
0.47619047619047616	-0.4	0	0	0	0	0	0	-5878.661840356309	0.32718338575682476	1.0000000000000003E-5
0.47610492510990027	-0.38518518518518513	0	0	0	0	0	0	-5469.615424882389	0.33170287585076275	1.0E-5
0.326156913843481	-0.22222222222222227	0	0	0	0	0	0	-1656.4994661635137	0.38086386071625017	1.0E-5
0.3411579667798573	-0.23703703703703705	0	0	0	0	0	0	-1902.9596410007368	0.3774961194907072	1.0E-5
0.35615572929005757	-0.2518518518518519	0	0	0	0	0	0	-2165.5481759657537	0.3738797607012928	9.999999999999999E-6
0.37115020137408195	-0.2666666666666666	0	0	0	0	0	0	-2446.3389417476615	0.37000836257911535	1.0000000000000003E-5
0.38614138303193035	-0.2814814814814815	0	0	0	0	0	0	-2747.6437766158497	0.36587518403697106	1.0000000000000003E-5
0.40112927426360256	-0.2962962962962964	0	0	0	0	0	0	-3071.967384397562	0.36147475979035004	1.0E-5
0.41611387506909897	-0.3111111111111111	0	0	0	0	0	0	-3421.947398364997	0.35680459272958076	1.0E-5
0.4310951854484195	-0.32592592592592595	0	0	0	0	0	0	-3800.2648345375883	0.35186699990203246	1.0E-5
0.44607320540156364	-0.3407407407407409	0	0	0	0	0	0	-4209.507181313019	0.34667114283291883	1.0000000000000003E-5
0.4610479349285318	-0.3555555555555555	0	0	0	0	0	0	-4651.962761007605	0.3412352350157216	9.999999999999999E-6
0.47601937402932437	-0.37037037037037035	0	0	0	0	0	0	-5129.322361024232	0.33558886108369923	9.999999999999999E-6
0.49107142857142855	-0.4	0	0	0	0	0	0	-6033.906804174023	0.3255108001373144	1.0E-5
0.4909875227039407	-0.3851851851851852	0	0	0	0	0	0	-5642.265626767149	0.3297752526736256	1.0E-5
0.3410576087814893	-0.2222222222222222	0	0	0	0	0	0	-1821.7954412696595	0.3786092597602668	1.0E-5
0.3560570165047776	-0.23703703703703707	0	0	0	0	0	0	-2073.7837900141935	0.37514519320474654	1.0000000000000003E-5
0.37105313380189	-0.2518518518518519	0	0	0	0	0	0	-2341.6364588444726	0.3714509065141789	1.0000000000000003E-5
0.38604596067282637	-0.2666666666666668	0	0	0	0	0	0	-2627.396876563555	0.36752060064208397	1.0E-5
0.4010354971175867	-0.28148148148148155	0	0	0	0	0	0	-2933.2663532291585	0.36334915370132886	1.0E-5
0.41602174313617113	-0.2962962962962963	0	0	0	0	0	0	-3261.550598536666	0.358933654968697	1.0000000000000003E-5
0.4310046987285795	-0.311111111111111	0	0	0	0	0	0	-3614.584794798841	0.3542750276376401	1.0E-5
0.4459843638948117	-0.32592592592592595	0	0	0	0	0	0	-3994.6233051399167	0.3493797800864289	1.0E-5
0.46096073863486803	-0.34074074074074084	0	0	0	0	0	0	-4403.677968649187	0.34426189172099975	1.0E-5
0.4759338229487483	-0.3555555555555556	0	0	0	0	0	0	-4843.287265347942	0.33894479324067095	1.0E-5
0.49090361683645267	-0.3703703703703703	0	0	0	0	0	0	-5314.199516462301	0.33346333443680426	1.0E-5
0.5059523809523809	-0.4	0	0	0	0	0	0	-6189.920839678613	0.3238532350457456	1.0E-5
0.5058701202979808	-0.3851851851851852	0	0	0	0	0	0	-5815.960237953094	0.32786553747067704	1.0E-5
0.3559583037194977	-0.22222222222222227	0	0	0	0	0	0	-1994.669814033822	0.3762350340094847	1.0E-5
0.370956066229698	-0.23703703703703705	0	0	0	0	0	0	-2251.691977081063	0.3726913755779631	1.0E-5
0.3859505383137224	-0.2518518518518519	0	0	0	0	0	0	-2524.3626193427453	0.36893503742782746	1.0E-5
0.40094171997157074	-0.2666666666666667	0	0	0	0	0	0	-2814.6587292934214	0.3649610990026275	1.0E-5
0.41592961120324307	-0.2814814814814815	0	0	0	0	0	0	-3124.6388571193843	0.36076624014069797	1.0E-5
0.4309142120087395	-0.2962962962962962	0	0	0	0	0	0	-3456.380736392566	0.3563501854624246	1.0E-5
0.44589552238805963	-0.3111111111111111	0	0	0	0	0	0	-3811.892165152498	0.35171723052788867	9.999999999999999E-6
0.46087354234120403	-0.32592592592592595	0	0	0	0	0	0	-4192.982711793662	0.34687786802098824	1.0E-5
0.4758482718681724	-0.34074074074074084	0	0	0	0	0	0	-4601.0827864567955	0.34185049340115425	1.0E-5
0.49081971096896476	-0.35555555555555557	0	0	0	0	0	0	-5036.997132459363	0.33666311779723773	1.0E-5
0.505787859643581	-0.37037037037037035	0	0	0	0	0	0	-5500.5841814287905	0.33135494487880623	1.0000000000000003E-5
0.5208333333333333	-0.4	0	0	0	0	0	0	-6346.4119119856405	0.32221380716643744	9.999999999999999E-6
0.5207527178920215	-0.3851851851851852	0	0	0	0	0	0	-5990.364382675045	0.3259775744162798	9.999999999999999E-6
0.3708589986575061	-0.22222222222222227	0	0	0	0	0	0	-2174.767371356163	0.373752585362938	1.0000000000000003E-5
0.3858551159546184	-0.23703703703703705	0	0	0	0	0	0	-2436.3645665176214	0.37014568852723156	1.0E-5
0.40084794282555486	-0.2518518518518519	0	0	0	0	0	0	-2713.428963684636	0.3663427160556676	1.0E-5
0.415837479270315	-0.2666666666666667	0	0	0	0	0	0	-3007.8362031459887	0.36233991453361125	1.0E-5
0.4308237252888995	-0.2814814814814815	0	0	0	0	0	0	-3321.471301071458	0.35813595212401017	1.0E-5
0.4458066808813078	-0.2962962962962963	0	0	0	0	0	0	-3656.1569088827628	0.35373325801959254	9.999999999999999E-6
0.46078634604754	-0.3111111111111111	0	0	0	0	0	0	-4013.5510674780385	0.34913943369827466	1.0E-5
0.4757627207875964	-0.32592592592592595	0	0	0	0	0	0	-4395.004021161801	0.34436873065243895	1.0000000000000003E-5
0.49073580510147663	-0.3407407407407409	0	0	0	0	0	0	-4801.363950900073	0.3394435475754609	1.0E-5
0.505705598989181	-0.35555555555555557	0	0	0	0	0	0	-5232.7242766890995	0.3343958454869499	1.0000000000000003E-5
0.5206721024507095	-0.3703703703703704	0	0	0	0	0	0	-5688.112785943029	0.32926830804876256	1.0E-5
0.5357142857142857	-0.4	0	0	0	0	0	0	-6503.083551138107	0.3205954836414381	1.0E-5
0.5356353154860619	-0.3851851851851852	0	0	0	0	0	0	-6165.138108665259	0.3241149879113116	1.0E-5
0.38575969359551454	-0.22222222222222227	0	0	0	0	0	0	-2361.7283238256814	0.3711739365106369	1.0E-5
0.4007541656795388	-0.23703703703703705	0	0	0	0	0	0	-2627.4796972498957	0.36751946525333606	1.0E-5
0.415745347337387	-0.2518518518518519	0	0	0	0	0	0	-2908.5356742423137	0.36368460144793274	1.0000000000000003E-5
0.43073323856905943	-0.2666666666666668	0	0	0	0	0	0	-3206.637777077142	0.3596670478276242	1.0000000000000003E-5
0.4457178393745559	-0.2814814814814815	0	0	0	0	0	0	-3523.4688046166166	0.3554676319542159	1.0000000000000003E-5
0.46069914975387594	-0.2962962962962963	0	0	0	0	0	0	-3860.571534373713	0.35109153413691835	9.999999999999999E-6
0.47567716970702034	-0.31111111111111106	0	0	0	0	0	0	-4219.234796187978	0.3465495712489362	1.0E-5
0.49065189923398883	-0.32592592592592595	0	0	0	0	0	0	-4600.338912939574	0.34185950768721457	1.0E-5
0.5056233383347812	-0.34074074074074084	0	0	0	0	0	0	-5004.154266909769	0.3370473217882873	1.0E-5
0.5205914870093973	-0.35555555555555557	0	0	0	0	0	0	-5430.091756477237	0.3321483011117728	1.0E-5
0.5355563452578378	-0.3703703703703703	0	0	0	0	0	0	-5876.41419823506	0.3272077726201085	9.999999999999999E-6
0.550595238095238	-0.4	0	0	0	0	0	0	-6659.634275534792	0.3190010917146318	1.0E-5
0.5505179130801021	-0.3851851851851853	0	0	0	0	0	0	-6339.935212816183	0.32228120079949846	1.0E-5
0.4006603885335228	-0.22222222222222227	0	0	0	0	0	0	-2555.1986878113817	0.3685113399912178	1.0E-5
0.4156532154044592	-0.23703703703703707	0	0	0	0	0	0	-2824.720049520658	0.36482406028482944	1.0E-5
0.4306427518492195	-0.2518518518518519	0	0	0	0	0	0	-3109.3851319268742	0.36097123452899593	1.0E-5
0.44562899786780374	-0.2666666666666667	0	0	0	0	0	0	-3410.771306344861	0.3569522862778922	1.0000000000000003E-5
0.4606119534602122	-0.2814814814814815	0	0	0	0	0	0	-3730.332923291597	0.3527703440394888	1.0000000000000003E-5
0.4755916186264444	-0.2962962962962963	0	0	0	0	0	0	-4069.310689126127	0.34843335566457334	1.0E-5
0.4905679933665009	-0.3111111111111111	0	0	0	0	0	0	-4428.6079625484845	0.3439552354371895	1.0E-5
0.505541077680381	-0.32592592592592595	0	0	0	0	0	0	-4808.628764991926	0.33935699336265024	1.0E-5
0.5205108715680853	-0.34074074074074084	0	0	0	0	0	0	-5209.075591917558	0.3346677532332464	1.0000000000000003E-5
0.5354773750296137	-0.3555555555555556	0	0	0	0	0	0	-5628.712114230395	0.3299255131354019	1.0E-5
0.5504405880649661	-0.37037037037037046	0	0	0	0	0	0	-6065.108090994122	0.3251774423803414	1.0E-5
0.5654761904761905	-0.4	0	0	0	0	0	0	-6815.757072607936	0.31743332855929024	1.0E-5
0.5654005106741424	-0.3851851851851852	0	0	0	0	0	0	-6514.401984713509	0.32047945426751373	1.0E-5
0.41556108347153126	-0.2222222222222222	0	0	0	0	0	0	-2754.837811946613	0.3657769507429186	1.0000000000000003E-5
0.4305522651293796	-0.23703703703703705	0	0	0	0	0	0	-3027.777479841896	0.36207061378382205	1.0000000000000003E-5
0.44554015636105193	-0.2518518518518519	0	0	0	0	0	0	-3315.6845848818216	0.35821286926561247	9.999999999999999E-6
0.4605247571665482	-0.2666666666666668	0	0	0	0	0	0	-3619.9452719034784	0.35420508573260934	1.0E-5
0.47550606754586866	-0.2814814814814815	0	0	0	0	0	0	-3941.761814361497	0.350052796101885	1.0E-5
0.4904840874990129	-0.2962962962962964	0	0	0	0	0	0	-4282.053416563572	0.3457666979239855	1.0E-5
0.505458817025981	-0.3111111111111111	0	0	0	0	0	0	-4641.325132348715	0.3413636558024861	1.0000000000000003E-5
0.5204302561267734	-0.32592592592592595	0	0	0	0	0	0	-5019.502805347877	0.33686763628175936	1.0E-5
0.5353984048013899	-0.3407407407407407	0	0	0	0	0	0	-5415.736714988618	0.3323104637847968	1.0E-5
0.5503632630498302	-0.35555555555555557	0	0	0	0	0	0	-5828.185234823201	0.32773223766760445	1.0E-5
0.5653248308720946	-0.3703703703703704	0	0	0	0	0	0	-6253.803080506689	0.3231812020337256	9.999999999999999E-6
0.5803571428571428	-0.4	0	0	0	0	0	0	-6971.139013638767	0.31589477046315445	9.999999999999999E-6
0.580283108268183	-0.3851851851851852	0	0	0	0	0	0	-6688.175987599944	0.3187128278916253	1.0E-5
0.4304617784095395	-0.22222222222222227	0	0	0	0	0	0	-2960.3230747696416	0.362982571107714	1.0000000000000003E-5
0.4454513148543	-0.23703703703703705	0	0	0	0	0	0	-3236.3555727917214	0.35926987345800065	1.0E-5
0.46043756087288423	-0.2518518518518519	0	0	0	0	0	0	-3527.1471916817236	0.35541935021218973	1.0E-5
0.47542051646529276	-0.2666666666666667	0	0	0	0	0	0	-3833.868680724704	0.35143449002174	1.0E-5
0.49040018163152493	-0.2814814814814815	0	0	0	0	0	0	-4157.449224011527	0.34732329157931907	1.0E-5
0.5053765563715813	-0.2962962962962963	0	0	0	0	0	0	-4498.469978341004	0.34309914841534456	1.0E-5
0.5203496406854615	-0.3111111111111111	0	0	0	0	0	0	-4857.028519183231	0.33878169878547304	9.999999999999999E-6
0.535319434573166	-0.32592592592592595	0	0	0	0	0	0	-5232.575461223785	0.33439755479023947	1.0000000000000003E-5
0.5502859380346942	-0.3407407407407408	0	0	0	0	0	0	-5623.730623965199	0.32998078563734945	1.0E-5
0.5652491510700466	-0.3555555555555556	0	0	0	0	0	0	-6028.095838889086	0.3255729882606456	1.0E-5
0.5802090736792228	-0.37037037037037046	0	0	0	0	0	0	-6442.0947828720455	0.32122274458389827	1.0E-5
0.5952380952380952	-0.4	0	0	0	0	0	0	-7125.461087099603	0.31438788056922107	1.0E-5
0.5951657058622233	-0.3851851851851852	0	0	0	0	0	0	-6860.885014356864	0.31698425832096916	1.0E-5
0.44536247334754775	-0.22222222222222227	0	0	0	0	0	0	-3171.3519939765665	0.3601394684101217	1.0000000000000003E-5
0.46035036457922024	-0.23703703703703705	0	0	0	0	0	0	-3450.1702612425265	0.3564320722743259	1.0E-5
0.47533496538471676	-0.2518518518518519	0	0	0	0	0	0	-3743.491518241318	0.3526000339880661	1.0000000000000003E-5
0.4903162757640369	-0.2666666666666668	0	0	0	0	0	0	-4052.2496475726944	0.34864908572721337	1.0E-5
0.5052942957171812	-0.2814814814814815	0	0	0	0	0	0	-4377.082302248843	0.34458971052450854	1.0E-5
0.5202690252441495	-0.2962962962962963	0	0	0	0	0	0	-4718.219052727799	0.3404379083493642	1.0E-5
0.535240464344942	-0.3111111111111111	0	0	0	0	0	0	-5075.344759987399	0.33621588499101807	1.0E-5
0.5502086130195581	-0.32592592592592595	0	0	0	0	0	0	-5447.442969733568	0.33195256499774367	1.0E-5
0.5651734712679987	-0.3407407407407409	0	0	0	0	0	0	-5832.631272585971	0.3276837947051055	1.0E-5
0.5801350390902629	-0.35555555555555557	0	0	0	0	0	0	-6228.010766441557	0.3234520688927589	9.999999999999999E-6
0.5950933164863512	-0.37037037037037035	0	0	0	0	0	0	-6629.563962679204	0.3193055981380481	1.0E-5
0.6101190476190476	-0.4	0	0	0	0	0	0	-7278.3983403824095	0.3129150144132436	1.0E-5
0.6100483034562635	-0.3851851851851852	0	0	0	0	0	0	-7032.14637304204	0.3152965551346415	1.0E-5
0.46026316828555625	-0.22222222222222227	0	0	0	0	0	0	-3387.642085519844	0.3572582593106226	1.0000000000000003E-5
0.47524941430414064	-0.23703703703703707	0	0	0	0	0	0	-3668.9487060886327	0.35356685686420974	1.0E-5
0.490232369896549	-0.2518518518518519	0	0	0	0	0	0	-3964.4395843348893	0.3497637503124855	9.999999999999999E-6
0.5052120350627811	-0.2666666666666666	0	0	0	0	0	0	-4274.7926996247725	0.3458569883804008	1.0E-5
0.5201884098028376	-0.28148148148148155	0	0	0	0	0	0	-4600.3382654903235	0.3418595155332676	1.0E-5
0.535161494116718	-0.29629629629629634	0	0	0	0	0	0	-4940.9439074268	0.33778981370997424	1.0E-5
0.5501312880044222	-0.31111111111111106	0	0	0	0	0	0	-5295.880830427798	0.33367242088066473	1.0E-5
0.5650977914659505	-0.32592592592592595	0	0	0	0	0	0	-5663.679354728255	0.3295382182980489	1.0000000000000003E-5
0.580061004501303	-0.34074074074074084	0	0	0	0	0	0	-6041.990005274012	0.32542434877385495	1.0000000000000003E-5
0.5950209271104792	-0.3555555555555556	0	0	0	0	0	0	-6427.476250066239	0.32137360743792576	1.0E-5
0.6099775592934794	-0.37037037037037035	0	0	0	0	0	0	-6815.774981589468	0.31743314998341615	1.0000000000000003E-5
0.625	-0.4	0	0	0	0	0	0	-7429.620422218966	0.31147842256365543	1.0E-5
0.6249309010503041	-0.3851851851851852	0	0	0	0	0	0	-7201.5666711942895	0.3136524124772913	1.0E-5
0.47516386322356474	-0.2222222222222222	0	0	0	0	0	0	-3608.928818406445	0.3543488519459113	1.0E-5
0.490148464029061	-0.23703703703703705	0	0	0	0	0	0	-3892.426619691473	0.3506832598075678	1.0E-5
0.5051297744083812	-0.2518518518518519	0	0	0	0	0	0	-4189.713549180319	0.3469187972539448	1.0E-5
0.5201077943615258	-0.2666666666666666	0	0	0	0	0	0	-4501.194846049592	0.3430658556734942	9.999999999999999E-6
0.5350825238884941	-0.2814814814814815	0	0	0	0	0	0	-4826.879938670081	0.3391397788285503	1.0E-5
0.5500539629892863	-0.2962962962962964	0	0	0	0	0	0	-5166.267598693744	0.3351613722573767	9.999999999999999E-6
0.5650221116639029	-0.31111111111111106	0	0	0	0	0	0	-5518.2191951222785	0.33115724145561165	9.999999999999999E-6
0.579986969912343	-0.32592592592592595	0	0	0	0	0	0	-5880.831922888874	0.32715984506263646	1.0E-5
0.5949485377346072	-0.34074074074074073	0	0	0	0	0	0	-6251.331851093752	0.32320712726531486	1.0E-5
0.6099068151306956	-0.3555555555555556	0	0	0	0	0	0	-6626.015424762231	0.31934158686815006	1.0000000000000003E-5
0.624861802100608	-0.37037037037037035	0	0	0	0	0	0	-7000.274785797855	0.31560866581816105	1.0E-5
0.6398809523809523	-0.4	0	0	0	0	0	0	-7578.792616072199	0.31008024976285037	9.999999999999999E-6
0.6398134986443443	-0.3851851851851852	0	0	0	0	0	0	-7368.74227808312	0.312054415177115	1.0E-5
0.49006455816157307	-0.22222222222222227	0	0	0	0	0	0	-3834.9619613326695	0.35142043579788285	1.0E-5
0.5050475137539814	-0.23703703703703705	0	0	0	0	0	0	-4120.344182974631	0.3477897084756682	1.0E-5
0.5200271789202136	-0.25185185185185194	0	0	0	0	0	0	-4419.031107313954	0.3440729650770215	9.999999999999999E-6
0.5350035536602701	-0.26666666666666666	0	0	0	0	0	0	-4731.140452951662	0.3402829230855359	1.0E-5
0.5499766379741505	-0.2814814814814815	0	0	0	0	0	0	-5056.350224264637	0.33643722646465535	1.0E-5
0.5649464318618547	-0.2962962962962962	0	0	0	0	0	0	-5393.787280913932	0.3325588127270137	1.0E-5
0.579912935323383	-0.31111111111111106	0	0	0	0	0	0	-5741.912336048157	0.32867606033073393	1.0E-5
0.5948761483587353	-0.32592592592592595	0	0	0	0	0	0	-6098.416492916611	0.324822601018369	1.0E-5
0.6098360709679117	-0.3407407407407408	0	0	0	0	0	0	-6460.151960717396	0.3210366693544477	1.0E-5
0.6247927031509122	-0.3555555555555556	0	0	0	0	0	0	-6823.126372049431	0.3173598714002999	1.0000000000000003E-5
0.6397460449077363	-0.37037037037037035	0	0	0	0	0	0	-7182.592699272238	0.31383530208456073	1.0E-5
0.6547619047619048	-0.4	0	0	0	0	0	0	-7725.577446444398	0.308722530099948	1.0E-5
0.6546960962383848	-0.3851851851851852	0	0	0	0	0	0	-7533.26064529774	0.3105050382052323	1.0000000000000003E-5
0.5049652530995812	-0.2222222222222222	0	0	0	0	0	0	-4065.5005402270353	0.34848150955308466	1.0E-5
0.5199465634789016	-0.23703703703703705	0	0	0	0	0	0	-4352.440660967106	0.3448940633724961	1.0E-5
0.5349245834320461	-0.2518518518518519	0	0	0	0	0	0	-4652.099646148446	0.3412335832301671	1.0000000000000003E-5
0.5498993129590144	-0.2666666666666666	0	0	0	0	0	0	-4964.294967222736	0.3375150573799069	1.0E-5
0.5648707520598069	-0.2814814814814815	0	0	0	0	0	0	-5288.365570218958	0.3337582955874557	1.0E-5
0.579838900734423	-0.2962962962962964	0	0	0	0	0	0	-5623.0677559577725	0.32998814238031055	1.0E-5
0.5948037589828635	-0.31111111111111106	0	0	0	0	0	0	-5966.476866669454	0.3262344234348348	9.999999999999999E-6
0.6097653268051276	-0.32592592592592595	0	0	0	0	0	0	-6315.912646029641	0.3225315126432306	1.0000000000000003E-5
0.6247236042012162	-0.3407407407407409	0	0	0	0	0	0	-6667.912529979397	0.3189174070655723	1.0000000000000003E-5
0.6396785911711285	-0.3555555555555555	0	0	0	0	0	0	-7018.281045793592	0.31543222479706223	1.0E-5
0.6546302877148649	-0.37037037037037035	0	0	0	0	0	0	-7362.2413082304865	0.31211610948694535	1.0E-5
0.6696428571428571	-0.4	0	0	0	0	0	0	-7869.6369234503645	0.30740717792395617	1.0E-5
0.6695786938324251	-0.3851851851851852	0	0	0	0	0	0	-7694.702653069129	0.30900663857966043	1.0E-5
0.5198659480375897	-0.2222222222222222	0	0	0	0	0	0	-4300.306543971813	0.3455399382836492	1.0E-5
0.534845613203822	-0.23703703703703707	0	0	0	0	0	0	-4588.447778407828	0.3420036795771435	1.0E-5
0.5498219879438785	-0.2518518518518519	0	0	0	0	0	0	-4888.609203909509	0.3384075853885652	1.0000000000000003E-5
0.5647950722577587	-0.2666666666666667	0	0	0	0	0	0	-5200.297547119416	0.33476882358891047	1.0E-5
0.5797648661454631	-0.28148148148148144	0	0	0	0	0	0	-5522.508548160721	0.33110920069066196	1.0E-5
0.5947313696069916	-0.29629629629629634	0	0	0	0	0	0	-5853.6344559111585	0.3274552089324876	1.0E-5
0.6096945826423437	-0.31111111111111106	0	0	0	0	0	0	-6191.3875225447655	0.3238377623602717	1.0E-5
0.6246545052515202	-0.325925925925926	0	0	0	0	0	0	-6532.7593736358485	0.32029151771693815	1.0000000000000003E-5
0.6396111374345204	-0.34074074074074073	0	0	0	0	0	0	-6874.040627339117	0.31685368987732465	1.0E-5
0.654564479191345	-0.3555555555555556	0	0	0	0	0	0	-7210.925469539985	0.31356231809951246	1.0000000000000003E-5
0.6695145305219931	-0.37037037037037046	0	0	0	0	0	0	-7538.718722371853	0.3104540260376058	1.0E-5
0.6845238095238095	-0.4	0	0	0	0	0	0	-8010.63546455129	0.3061359744386333	1.0E-5
0.6844612914264656	-0.3851851851851852	0	0	0	0	0	0	-7852.646116847818	0.3075614391811501	1.0E-5
0.5347666429755982	-0.2222222222222222	0	0	0	0	0	0	-4539.137443794193	0.34260303262529	1.0E-5
0.5497446629287426	-0.23703703703703705	0	0	0	0	0	0	-4828.081885360843	0.33912548567967865	1.0E-5
0.564719392455711	-0.2518518518518519	0	0	0	0	0	0	-5128.224268226455	0.33560158787851047	1.0000000000000003E-5
0.5796908315565032	-0.2666666666666667	0	0	0	0	0	0	-5438.752688886118	0.33205056125196425	1.0E-5
0.5946589802311195	-0.2814814814814815	0	0	0	0	0	0	-5758.319714717478	0.3284960047485122	1.0E-5
0.6096238384795597	-0.2962962962962962	0	0	0	0	0	0	-6084.966141446593	0.3249657626628401	1.0E-5
0.6245854063018242	-0.31111111111111106	0	0	0	0	0	0	-6416.071422418791	0.32149144311388433	1.0E-5
0.6395436836979125	-0.32592592592592595	0	0	0	0	0	0	-6748.351596053634	0.3181074969599939	9.999999999999999E-6
0.6544986706678249	-0.34074074074074084	0	0	0	0	0	0	-7077.927413170789	0.3148497973306338	1.0E-5
0.6694503672115613	-0.3555555555555556	0	0	0	0	0	0	-7400.481617786889	0.3117537242859104	1.0000000000000003E-5
0.6843987733291215	-0.37037037037037035	0	0	0	0	0	0	-7711.51246857496	0.3088518584291074	1.0000000000000003E-5
0.6994047619047619	-0.4	0	0	0	0	0	0	-8148.243495348539	0.30491055020520547	1.0E-5
0.699343889020506	-0.3851851851851853	0	0	0	0	0	0	-8006.670532013853	0.30617150444464003	1.0E-5
0.5496673379136066	-0.22222222222222227	0	0	0	0	0	0	-4781.73753905691	0.33967764393747407	1.0E-5
0.5646437126536629	-0.23703703703703705	0	0	0	0	0	0	-5071.03492989587	0.3362660753316077	1.0E-5
0.5796167969675432	-0.2518518518518519	0	0	0	0	0	0	-5370.574477601598	0.33282197714711953	1.0E-5
0.5945865908552477	-0.2666666666666667	0	0	0	0	0	0	-5679.220994994625	0.3293664657171611	1.0E-5
0.6095530943167757	-0.2814814814814815	0	0	0	0	0	0	-5995.2890195313585	0.3259246909066735	9.999999999999999E-6
0.6245163073521283	-0.2962962962962964	0	0	0	0	0	0	-6316.487713915305	0.3225255141832373	1.0000000000000003E-5
0.6394762299613045	-0.3111111111111111	0	0	0	0	0	0	-6639.903115071781	0.3192008057053441	1.0E-5
0.654432862144305	-0.32592592592592595	0	0	0	0	0	0	-6962.038127577118	0.315984292527794	1.0E-5
0.6693862039011294	-0.3407407407407409	0	0	0	0	0	0	-7278.929292184419	0.312909936249694	1.0E-5
0.6843362552317777	-0.35555555555555557	0	0	0	0	0	0	-7586.351378711274	0.3100098978311527	9.999999999999999E-6
0.6992830161362499	-0.37037037037037035	0	0	0	0	0	0	-7880.105203270897	0.30731225122562095	1.0E-5
0.7142857142857142	-0.4	0	0	0	0	0	0	-8282.141684397546	0.3037323641064514	1.0E-5
0.714226486614546	-0.3851851851851852	0	0	0	0	0	0	-8156.363053500139	0.304838708505612	1.0E-5
0.5645680328516149	-0.2222222222222223	0	0	0	0	0	0	-5027.828114347448	0.33677027052182834	9.999999999999992E-6
0.5795427623785832	-0.23703703703703707	0	0	0	0	0	0	-5316.96426641231	0.33343180708622366	1.0E-5
0.5945142014793754	-0.2518518518518519	0	0	0	0	0	0	-5615.244337520479	0.3300750021107774	1.0E-5
0.6094823501539919	-0.26666666666666683	0	0	0	0	0	0	-5921.209319562668	0.32672267016464784	1.0E-5
0.6244472084024322	-0.28148148148148155	0	0	0	0	0	0	-6232.847148670645	0.3234012300440316	1.0E-5
0.6394087762246967	-0.2962962962962962	0	0	0	0	0	0	-6547.563681749867	0.32014018291435614	1.0E-5
0.6543670536207848	-0.31111111111111106	0	0	0	0	0	0	-6862.201060333814	0.31697118969270605	1.0E-5
0.6693220405906974	-0.32592592592592595	0	0	0	0	0	0	-7173.121753408142	0.3139267090930481	1.0E-5
0.6842737371344335	-0.34074074074074073	0	0	0	0	0	0	-7476.371552612187	0.31103821961170963	1.0000000000000003E-5
0.699222143251994	-0.3555555555555555	0	0	0	0	0	0	-7767.922924585398	0.30833413798497283	1.0000000000000003E-5
0.7141672589433782	-0.37037037037037046	0	0	0	0	0	0	-8043.982316548863	0.3058376442895897	1.0E-5
0.7291666666666665	-0.4	0	0	0	0	0	0	-8412.025712199635	0.3026026796769904	1.0E-5
0.7291090842085866	-0.3851851851851852	0	0	0	0	0	0	-8301.325604295618	0.30356469708055983	9.999999999999999E-6
0.5794687277896233	-0.2222222222222222	0	0	0	0	0	0	-5277.0963942009	0.3338871707567643	1.0000000000000003E-5
0.5944418121035034	-0.237037037037037	0	0	0	0	0	0	-5565.4813704117905	0.33062890851033727	1.0E-5
0.6094116059912078	-0.2518518518518519	0	0	0	0	0	0	-5861.762149990133	0.3273668671295439	9.999999999999999E-6
0.6243781094527363	-0.2666666666666667	0	0	0	0	0	0	-6164.16065770888	0.32412532361999147	1.0000000000000003E-5
0.6393413224880885	-0.2814814814814815	0	0	0	0	0	0	-6470.35735315995	0.32093163898827554	1.0E-5
0.6543012450972652	-0.2962962962962964	0	0	0	0	0	0	-6777.4929861076325	0.3178155308421587	1.0E-5
0.6692578772802652	-0.31111111111111106	0	0	0	0	0	0	-7082.226323627613	0.31480794058580375	1.0E-5
0.6842112190370896	-0.32592592592592595	0	0	0	0	0	0	-7380.862134864004	0.3119394935431921	1.0000000000000003E-5
0.699161270367738	-0.3407407407407409	0	0	0	0	0	0	-7669.554987116885	0.3092386250164203	1.0E-5
0.7141080312722102	-0.35555555555555557	0	0	0	0	0	0	-7944.579677538483	0.30672953581239115	1.0000000000000003E-5
0.7290515017505067	-0.37037037037037035	0	0	0	0	0	0	-8202.641347825918	0.3044302199496708	9.999999999999999E-6
0.7440476190476188	-0.4	0	0	0	0	0	0	-8537.611415551715	0.3015225400531037	1.0E-5
0.7439916818026269	-0.3851851851851853	0	0	0	0	0	0	-8441.182887940722	0.30235084509808235	1.0E-5
0.5943694227276317	-0.2222222222222222	0	0	0	0	0	0	-5529.183317258932	0.33103447943997794	1.0E-5
0.609340861828424	-0.23703703703703707	0	0	0	0	0	0	-5816.13961336637	0.3278635805324165	1.0E-5
0.6243090105030404	-0.25185185185185194	0	0	0	0	0	0	-6109.58848977446	0.3247038209567166	1.0E-5
0.6392738687514807	-0.2666666666666666	0	0	0	0	0	0	-6407.444322082971	0.32158065960099247	9.999999999999999E-6
0.6542354365737449	-0.2814814814814815	0	0	0	0	0	0	-6707.108506337373	0.31852202352439074	1.0E-5
0.6691937139698332	-0.29629629629629634	0	0	0	0	0	0	-7005.506064272611	0.3155573756954144	1.0E-5
0.6841487009397458	-0.3111111111111111	0	0	0	0	0	0	-7299.184361989845	0.312716392099858	9.999999999999999E-6
0.6991003974834821	-0.32592592592592595	0	0	0	0	0	0	-7584.482229159132	0.31002729020837	1.0E-5
0.7140488036010424	-0.34074074074074084	0	0	0	0	0	0	-7857.765837808793	0.3075149321945301	9.999999999999999E-6
0.7289939192924266	-0.3555555555555556	0	0	0	0	0	0	-8115.711855320493	0.3051989065526483	1.0E-5
0.7439357445576348	-0.3703703703703704	0	0	0	0	0	0	-8355.60294889113	0.3030918425830405	1.0E-5
0.7589285714285714	-0.4	0	0	0	0	0	0	-8658.640090754267	0.30049274310533913	1.0E-5
0.7588742793966674	-0.3851851851851852	0	0	0	0	0	0	-8575.590954309891	0.30119821281088105	1.0E-5
0.6092701176656401	-0.22222222222222227	0	0	0	0	0	0	-5783.670230220454	0.3282183236705146	9.999999999999999E-6
0.6242399115533444	-0.237037037037037	0	0	0	0	0	0	-6068.421386943478	0.3251420975908598	1.0E-5
0.6392064150148729	-0.2518518518518519	0	0	0	0	0	0	-6358.104749485791	0.32209223630016354	1.0000000000000003E-5
0.6541696280502249	-0.2666666666666667	0	0	0	0	0	0	-6650.347171139647	0.3190950492279938	1.0000000000000003E-5
0.6691295506594014	-0.2814814814814815	0	0	0	0	0	0	-6942.310350260383	0.31617859967140605	9.999999999999999E-6
0.6840861828424017	-0.2962962962962964	0	0	0	0	0	0	-7230.765182160816	0.3133715775186736	1.0E-5
0.6990395245992261	-0.3111111111111111	0	0	0	0	0	0	-7512.230793689222	0.310701820008684	1.0E-5
0.7139895759298743	-0.32592592592592595	0	0	0	0	0	0	-7783.178759300228	0.30819457021255975	9.999999999999999E-6
0.7289363368343467	-0.34074074074074084	0	0	0	0	0	0	-8040.2891595132205	0.3058706409490497	9.999999999999999E-6
0.7438798073126431	-0.3555555555555556	0	0	0	0	0	0	-8280.7303287578	0.3037447104958611	1.0000000000000003E-5
0.7588199873647633	-0.37037037037037035	0	0	0	0	0	0	-8502.422928596312	0.30182399443762087	1.0E-5
0.7738095238095237	-0.4	0	0	0	0	0	0	-8774.883690106144	0.2995138185435921	1.0E-5
0.7737568769907076	-0.3851851851851852	0	0	0	0	0	0	-8704.245849337794	0.3001075037210924	1.0000000000000003E-5
0.6241708126036485	-0.22222222222222227	0	0	0	0	0	0	-6040.064737361235	0.325444934189379	1.0E-5
0.6391389612782648	-0.23703703703703705	0	0	0	0	0	0	-6321.725064373041	0.3224708983481508	1.0E-5
0.6541038195267052	-0.2518518518518519	0	0	0	0	0	0	-6606.602521634686	0.31953867364746646	1.0E-5
0.6690653873489694	-0.2666666666666666	0	0	0	0	0	0	-6892.066912263702	0.31667503171733363	1.0E-5
0.6840236647450577	-0.2814814814814815	0	0	0	0	0	0	-7175.092102491095	0.3139076862346482	1.0E-5
0.6989786517149701	-0.29629629629629634	0	0	0	0	0	0	-7452.369139649373	0.31126399313845926	1.0E-5
0.7139303482587063	-0.31111111111111106	0	0	0	0	0	0	-7720.481913415028	0.3087693651085875	1.0E-5
0.7288787543762667	-0.32592592592592595	0	0	0	0	0	0	-7976.1369853439655	0.30644553593131874	1.0E-5
0.743823870067651	-0.3407407407407409	0	0	0	0	0	0	-8216.42537150721	0.30430887309586974	9.999999999999999E-6
0.7587656953328591	-0.35555555555555557	0	0	0	0	0	0	-8439.082238986495	0.30236896720462725	1.0E-5
0.7737042301718918	-0.37037037037037035	0	0	0	0	0	0	-8642.704713782907	0.3006277125435067	1.0000000000000003E-5
0.7886904761904762	-0.4	0	0	0	0	0	0	-8886.149614223757	0.2985860088773475	1.0E-5
0.7886394745847483	-0.3851851851851852	0	0	0	0	0	0	-8826.891787977505	0.29907902801959596	1.0E-5
0.6390715075416569	-0.2222222222222222	0	0	0	0	0	0	-6297.786147240524	0.3227207472098428	1.0E-5
0.6540380110031851	-0.23703703703703707	0	0	0	0	0	0	-6575.352554415681	0.3198566605787137	1.0000000000000003E-5
0.6690012240385375	-0.2518518518518519	0	0	0	0	0	0	-6854.274884568281	0.3170499218383563	1.0E-5
0.6839611466477136	-0.2666666666666668	0	0	0	0	0	0	-7131.708774201579	0.3143273143746991	1.0E-5
0.6989177788307143	-0.2814814814814815	0	0	0	0	0	0	-7404.505736447113	0.3117156618400477	1.0000000000000003E-5
0.7138711205875383	-0.2962962962962964	0	0	0	0	0	0	-7669.363362940705	0.30924039474219706	1.0E-5
0.7288211719181867	-0.31111111111111106	0	0	0	0	0	0	-7923.030408692864	0.3069239255910437	1.0E-5
0.7437679328226589	-0.32592592592592595	0	0	0	0	0	0	-8162.549633947139	0.3047840042961379	1.0E-5
0.7587114033009555	-0.3407407407407407	0	0	0	0	0	0	-8385.509396938103	0.30283226412048947	1.0E-5
0.7736515833530755	-0.3555555555555555	0	0	0	0	0	0	-8590.267531759411	0.3010731693924138	1.0E-5
0.7885884729790202	-0.37037037037037046	0	0	0	0	0	0	-8776.111392838426	0.29950353228537274	1.0000000000000003E-5
0.8035714285714285	-0.4	0	0	0	0	0	0	-8992.284796309037	0.29770925602905773	1.0E-5
0.8035220721787888	-0.3851851851851853	0	0	0	0	0	0	-8943.328248921855	0.2981126752382907	1.0E-5
0.6539722024796653	-0.2222222222222222	0	0	0	0	0	0	-6556.151244791649	0.32005249043293177	1.0000000000000003E-5
0.6689370607281055	-0.23703703703703707	0	0	0	0	0	0	-6828.498540230402	0.3173063524017962	1.0E-5
0.6838986285503698	-0.2518518518518519	0	0	0	0	0	0	-7100.210991199608	0.3146330067046935	1.0E-5
0.6988569059464582	-0.2666666666666666	0	0	0	0	0	0	-7368.287062974445	0.31205873400465484	9.999999999999999E-6
0.7138118929163704	-0.2814814814814815	0	0	0	0	0	0	-7629.535219136923	0.3096088812057912	1.0E-5
0.7287635894601068	-0.29629629629629634	0	0	0	0	0	0	-7880.756088001619	0.30730635189638655	1.0E-5
0.743711995577667	-0.31111111111111106	0	0	0	0	0	0	-8118.966272459583	0.305170022508388	9.999999999999999E-6
0.7586571112690517	-0.32592592592592595	0	0	0	0	0	0	-8341.639380350924	0.30321327542090415	1.0E-5
0.7735989365342596	-0.3407407407407409	0	0	0	0	0	0	-8546.931399218753	0.3014428522471699	1.0E-5
0.7885374713732924	-0.3555555555555555	0	0	0	0	0	0	-8733.855303848633	0.29985820392337936	1.0E-5
0.8034727157861485	-0.3703703703703704	0	0	0	0	0	0	-8902.376410974635	0.29845144340030105	1.0E-5
0.8184523809523809	-0.4	0	0	0	0	0	0	-9093.178799265086	0.29688319511299416	1.0E-5
0.8184046697728289	-0.3851851851851852	0	0	0	0	0	0	-9053.415419129502	0.2972078993432927	1.0E-5
0.6688728974176734	-0.2222222222222222	0	0	0	0	0	0	-6814.3614892437145	0.31744724523041684	1.0E-5
0.6838361104530258	-0.23703703703703705	0	0	0	0	0	0	-7080.242887316938	0.31482725048670507	1.0E-5
0.6987960330622021	-0.2518518518518519	0	0	0	0	0	0	-7343.395662748764	0.31229515843680355	1.0E-5
0.7137526652452024	-0.2666666666666667	0	0	0	0	0	0	-7600.733163922891	0.3098761728976677	1.0E-5
0.7287060070020267	-0.2814814814814815	0	0	0	0	0	0	-7849.112697139924	0.3075935487252865	1.0E-5
0.7436560583326749	-0.29629629629629634	0	0	0	0	0	0	-8085.54081995622	0.30546708037082515	1.0E-5
0.7586028192371475	-0.31111111111111106	0	0	0	0	0	0	-8307.402348885513	0.3035116454143498	1.0E-5
0.7735462897154439	-0.32592592592592595	0	0	0	0	0	0	-8512.683781809443	0.3017359955349218	1.0E-5
0.7884864697675644	-0.34074074074074073	0	0	0	0	0	0	-8700.157753497051	0.30014197426024297	1.0E-5
0.8034233593935086	-0.35555555555555557	0	0	0	0	0	0	-8869.498677176563	0.29872428791316935	1.0E-5
0.8183569585932771	-0.37037037037037046	0	0	0	0	0	0	-9021.311998991378	0.2974708636184538	1.0E-5
0.8333333333333333	-0.4	0	0	0	0	0	0	-9188.765703402958	0.2961071564164455	1.0E-5
0.833287267366869	-0.3851851851851852	0	0	0	0	0	0	-9157.077523541508	0.29636371854833193	1.0000000000000003E-5
0.6837735923556818	-0.2222222222222222	0	0	0	0	0	0	-7071.493188644234	0.3149124750359651	1.0E-5
0.6987351601779463	-0.23703703703703707	0	0	0	0	0	0	-7329.54809519372	0.3124269146865079	1.0000000000000003E-5
0.7136934375740345	-0.2518518518518519	0	0	0	0	0	0	-7582.715831199381	0.31004372915559925	1.0E-5
0.7286484245439468	-0.2666666666666666	0	0	0	0	0	0	-7827.911299227296	0.30778642595470856	1.0E-5
0.7436001210876829	-0.2814814814814815	0	0	0	0	0	0	-8062.142056070467	0.30567555212559655	1.0E-5
0.7585485272052436	-0.29629629629629634	0	0	0	0	0	0	-8282.724598586909	0.30372726528212507	1.0E-5
0.7734936428966277	-0.3111111111111111	0	0	0	0	0	0	-8487.503344482113	0.3019520883437258	1.0E-5
0.7884354681618366	-0.32592592592592595	0	0	0	0	0	0	-8675.04107021089	0.3003540253809596	1.0E-5
0.8033740030008689	-0.3407407407407409	0	0	0	0	0	0	-8844.750604080738	0.29893017838021146	1.0E-5
0.818309247413725	-0.35555555555555557	0	0	0	0	0	0	-8996.946883471302	0.2976709274343238	1.0E-5
0.8332412014004051	-0.37037037037037035	0	0	0	0	0	0	-9132.814561915664	0.2965606338014038	9.999999999999999E-6
0.8482142857142858	-0.4	0	0	0	0	0	0	-9279.024646312966	0.2953801760045018	1.0E-5
0.84816986496091	-0.3851851851851852	0	0	0	0	0	0	-9254.303750722578	0.29557873081073444	1.0E-5
0.6986742872936902	-0.22222222222222227	0	0	0	0	0	0	-7326.492681347988	0.312456008265065	1.0E-5
0.7136342099028667	-0.23703703703703705	0	0	0	0	0	0	-7575.26391439045	0.3101131088458141	1.0000000000000003E-5
0.7285908420858669	-0.2518518518518519	0	0	0	0	0	0	-7816.97548290584	0.30788605550457937	1.0000000000000003E-5
0.7435441838426913	-0.2666666666666668	0	0	0	0	0	0	-8048.642753652675	0.3057960208136473	1.0000000000000003E-5
0.7584942351733397	-0.2814814814814815	0	0	0	0	0	0	-8267.52952718649	0.30386026394860044	1.0E-5
0.7734409960778119	-0.29629629629629634	0	0	0	0	0	0	-8471.360881142098	0.30209086978500954	1.0000000000000003E-5
0.7883844665561084	-0.3111111111111111	0	0	0	0	0	0	-8658.516517999533	0.30049378902183005	1.0E-5
0.8033246466082287	-0.32592592592592595	0	0	0	0	0	0	-8828.174793445585	0.2990683267556765	1.0E-5
0.8182615362341731	-0.34074074074074084	0	0	0	0	0	0	-8980.384246708747	0.2978071642663423	1.0000000000000003E-5
0.8331951354339413	-0.3555555555555555	0	0	0	0	0	0	-9116.053402407582	0.29669690465431137	9.999999999999999E-6
0.8481254442075337	-0.37037037037037046	0	0	0	0	0	0	-9236.866521576587	0.29571903639225594	1.0000000000000003E-5
0.8630952380952381	-0.4	0	0	0	0	0	0	-9363.978976848508	0.29470101469394316	1.0E-5
0.8630524625549502	-0.3851851851851852	0	0	0	0	0	0	-9345.146702225025	0.29485114449424804	1.0E-5
0.7135749822316986	-0.2222222222222222	0	0	0	0	0	0	-7578.1789170664915	0.3100859637510093	1.0E-5
0.7285332596277868	-0.23703703703703705	0	0	0	0	0	0	-7816.1411423126165	0.30789366065215024	1.0E-5
0.7434882465976991	-0.2518518518518519	0	0	0	0	0	0	-8044.9201462938345	0.3058292669288321	1.0E-5
0.7584399431414358	-0.2666666666666667	0	0	0	0	0	0	-8261.738434999337	0.30391099874168076	1.0E-5
0.7733883492589961	-0.2814814814814815	0	0	0	0	0	0	-8464.220178174506	0.30215232302737866	1.0E-5
0.7883334649503804	-0.2962962962962962	0	0	0	0	0	0	-8650.58510399827	0.3005609438289798	1.0E-5
0.8032752902155886	-0.31111111111111106	0	0	0	0	0	0	-8819.801694876733	0.2991381863486564	1.0E-5
0.8182138250546211	-0.325925925925926	0	0	0	0	0	0	-8971.675068114171	0.29787888006966123	1.0E-5
0.8331490694674775	-0.34074074074074073	0	0	0	0	0	0	-9106.856719934116	0.2967717583753774	9.999999999999999E-6
0.848081023454158	-0.3555555555555556	0	0	0	0	0	0	-9226.779350521665	0.29580029647114664	1.0E-5
0.8630096870146624	-0.37037037037037035	0	0	0	0	0	0	-9333.534456221316	0.2949438366105448	1.0E-5
0.8779761904761905	-0.4	0	0	0	0	0	0	-9443.69408850586	0.29406818449863636	1.0E-5
0.8779350601489904	-0.3851851851851852	0	0	0	0	0	0	-9429.718516484767	0.2941788222902065	1.0E-5
0.7284756771697068	-0.22222222222222227	0	0	0	0	0	0	-7825.255824594468	0.3078106094564696	9.999999999999999E-6
0.7434323093527071	-0.23703703703703707	0	0	0	0	0	0	-8050.856008676353	0.3057762597148713	1.0E-5
0.7583856511095315	-0.2518518518518519	0	0	0	0	0	0	-8265.27102998093	0.303880047191098	1.0E-5
0.77333570244018	-0.2666666666666667	0	0	0	0	0	0	-8466.038677650811	0.3021366692869959	1.0E-5
0.7882824633446524	-0.2814814814814815	0	0	0	0	0	0	-8651.238242886411	0.300555411989736	1.0E-5
0.8032259338229488	-0.2962962962962962	0	0	0	0	0	0	-8819.650254409073	0.2991394503339618	1.0E-5
0.8181661138750691	-0.31111111111111106	0	0	0	0	0	0	-8970.857874943382	0.29788561201535535	1.0E-5
0.8331030035010134	-0.32592592592592595	0	0	0	0	0	0	-9105.274299051081	0.29678464398458804	1.0E-5
0.8480366027007817	-0.3407407407407409	0	0	0	0	0	0	-9224.095416726705	0.2958219294609866	1.0E-5
0.8629669114743745	-0.3555555555555556	0	0	0	0	0	0	-9329.19181240906	0.2949785243224238	1.0E-5
0.8778939298217905	-0.3703703703703704	0	0	0	0	0	0	-9422.963747939348	0.29423234353853145	9.999999999999999E-6
0.8928571428571428	-0.4	0	0	0	0	0	0	-9518.274090096274	0.2934799811225363	1.0E-5
0.8928176577430307	-0.3851851851851852	0	0	0	0	0	0	-9508.185011578884	0.29355933539875717	9.999999999999999E-6
0.7433763721077151	-0.22222222222222227	0	0	0	0	0	0	-8066.336276930305	0.30563815189476895	1.0E-5
0.7583313590776279	-0.23703703703703705	0	0	0	0	0	0	-8278.045540484572	0.3037682009698225	1.0E-5
0.7732830556213639	-0.25185185185185194	0	0	0	0	0	0	-8476.767834265249	0.30204436281342706	1.0E-5
0.7882314617389242	-0.2666666666666667	0	0	0	0	0	0	-8660.458182574599	0.3004773561245226	1.0000000000000003E-5
0.803176577430309	-0.2814814814814815	0	0	0	0	0	0	-8827.728344480805	0.29907205035261475	9.999999999999999E-6
0.8181184026955168	-0.2962962962962962	0	0	0	0	0	0	-8977.959224369888	0.2978271277281604	1.0E-5
0.8330569375345491	-0.31111111111111106	0	0	0	0	0	0	-9111.343699469862	0.29673523053518647	1.0E-5
0.8479921819474062	-0.32592592592592595	0	0	0	0	0	0	-9228.85569718215	0.2957835641458602	1.0E-5
0.8629241359340862	-0.34074074074074084	0	0	0	0	0	0	-9332.156175139975	0.29495484450961457	9.999999999999999E-6
0.8778527994945907	-0.35555555555555557	0	0	0	0	0	0	-9423.457345336748	0.29422843149226824	1.0E-5
0.8927781726289188	-0.37037037037037035	0	0	0	0	0	0	-9505.370270269354	0.2935814864507346	1.0E-5
0.9077380952380952	-0.4	0	0	0	0	0	0	-9587.857542550784	0.2929345207255494	1.0E-5
0.9077002553370712	-0.3851851851851853	0	0	0	0	0	0	-9580.758328770855	0.2929900243221468	1.0E-5
0.7582770670457238	-0.2222222222222222	0	0	0	0	0	0	-8299.97836723247	0.3035764626719283	1.0E-5
0.7732304088025481	-0.23703703703703705	0	0	0	0	0	0	-8496.353084073642	0.30187608766787977	1.0000000000000003E-5
0.7881804601331963	-0.2518518518518519	0	0	0	0	0	0	-8678.218111425063	0.3003271771775312	9.999999999999999E-6
0.8031272210376688	-0.2666666666666668	0	0	0	0	0	0	-8844.032914337826	0.2989361557449737	1.0E-5
0.8180706915159651	-0.2814814814814815	0	0	0	0	0	0	-8992.993897756107	0.2977034252742409	1.0E-5
0.833010871568085	-0.2962962962962964	0	0	0	0	0	0	-9125.090574650387	0.2966234067030425	1.0E-5
0.8479477611940298	-0.31111111111111106	0	0	0	0	0	0	-9241.089536843805	0.2956850374747738	1.0000000000000003E-5
0.8628813603937984	-0.32592592592592595	0	0	0	0	0	0	-9342.453730112351	0.2948726323748771	1.0000000000000003E-5
0.877811669167391	-0.34074074074074073	0	0	0	0	0	0	-9431.216045713321	0.29416696080625954	1.0000000000000003E-5
0.892738687514807	-0.3555555555555555	0	0	0	0	0	0	-9509.831370303478	0.2935463815632573	1.0E-5
0.9076624154360469	-0.3703703703703703	0	0	0	0	0	0	-9581.02987508006	0.29298790068714886	1.0E-5
0.9226190476190476	-0.4	0	0	0	0	0	0	-9652.612533588655	0.29242977903661965	1.0E-5
0.9225828529311118	-0.3851851851851852	0	0	0	0	0	0	-9647.688627765192	0.29246806244923174	1.0E-5
0.7731777619837321	-0.22222222222222227	0	0	0	0	0	0	-8524.73336390923	0.30163275685411506	1.0E-5
0.7881294585274685	-0.23703703703703707	0	0	0	0	0	0	-8704.481882083051	0.3001055138832936	1.0E-5
0.8030778646450288	-0.2518518518518519	0	0	0	0	0	0	-8868.54980657555	0.29873217387947265	1.0E-5
0.8180229803364133	-0.2666666666666668	0	0	0	0	0	0	-9015.96477575053	0.2975147341569008	1.0E-5
0.832964805601621	-0.2814814814814815	0	0	0	0	0	0	-9146.528644584008	0.2964492816808953	1.0E-5
0.847903340440654	-0.2962962962962963	0	0	0	0	0	0	-9260.814807810084	0.2955263942692068	1.0000000000000003E-5
0.8628385848535103	-0.31111111111111106	0	0	0	0	0	0	-9360.09989819379	0.29473191882163835	1.0000000000000003E-5
0.8777705388401909	-0.32592592592592595	0	0	0	0	0	0	-9446.246603057478	0.2940479916437335	9.999999999999999E-6
0.892699202400695	-0.34074074074074084	0	0	0	0	0	0	-9521.560611231564	0.29345414605612347	9.999999999999999E-6
0.9076245755350234	-0.3555555555555556	0	0	0	0	0	0	-9588.644506390614	0.2929283700735429	1.0E-5
0.9225466582431754	-0.37037037037037035	0	0	0	0	0	0	-9650.266546549394	0.2924480171281024	1.0E-5
0.9375	-0.4	0	0	0	0	0	0	-9712.731375493831	0.2919636309285308	1.0E-5
0.9374654505251518	-0.3851851851851852	0	0	0	0	0	0	-9709.255386282262	0.2919905188621859	1.0E-5
0.7880784569217405	-0.2222222222222222	0	0	0	0	0	0	-8739.203301444682	0.2998132442135123	1.0E-5
0.8030285082523889	-0.23703703703703694	0	0	0	0	0	0	-8901.253193241322	0.29846075193923416	1.0E-5
0.8179752691568615	-0.2518518518518519	0	0	0	0	0	0	-9046.86236329685	0.29726151754350233	1.0E-5
0.8329187396351575	-0.26666666666666666	0	0	0	0	0	0	-9175.65931557718	0.29621318740884367	1.0000000000000003E-5
0.8478589196872779	-0.28148148148148155	0	0	0	0	0	0	-9288.037679351044	0.29530788865945434	9.999999999999999E-6
0.8627958093132226	-0.29629629629629634	0	0	0	0	0	0	-9385.099336648263	0.2945329301596727	1.0E-5
0.8777294085129904	-0.31111111111111106	0	0	0	0	0	0	-9468.546103607223	0.2938717667620349	1.0E-5
0.892659717286583	-0.32592592592592595	0	0	0	0	0	0	-9540.541779520458	0.29330507706748526	9.999999999999999E-6
0.9075867356339994	-0.34074074074074073	0	0	0	0	0	0	-9603.567228261489	0.29281181620175284	1.0E-5
0.9225104635552395	-0.3555555555555556	0	0	0	0	0	0	-9660.287071662202	0.29237014106107523	1.0E-5
0.9374309010503041	-0.37037037037037035	0	0	0	0	0	0	-9713.440083920896	0.2919581497962953	1.0E-5
0.9523809523809523	-0.4	0	0	0	0	0	0	-9768.425198432325	0.2915338887655497	1.0E-5
0.9523480481191927	-0.3851851851851852	0	0	0	0	0	0	-9765.758802955741	0.29155441736187215	1.0E-5
0.8029791518597489	-0.2222222222222222	0	0	0	0	0	0	-8942.104594277262	0.29812278040620677	1.0E-5
0.817927557977309	-0.23703703703703707	0	0	0	0	0	0	-9085.663936439658	0.29694447588762773	1.0E-5
0.8328726736686938	-0.2518518518518519	0	0	0	0	0	0	-9212.470936673053	0.2959156821638734	1.0E-5
0.847814498933902	-0.2666666666666667	0	0	0	0	0	0	-9322.75201068976	0.29502998710702216	1.0000000000000003E-5
0.8627530337729346	-0.2814814814814815	0	0	0	0	0	0	-9417.4455241204	0.2942760898280266	1.0000000000000003E-5
0.8776882781857909	-0.29629629629629634	0	0	0	0	0	0	-9498.101807492763	0.2936387111767815	1.0E-5
0.8926202321724708	-0.31111111111111106	0	0	0	0	0	0	-9566.750303721832	0.29309964049047355	1.0E-5
0.9075488957329751	-0.32592592592592595	0	0	0	0	0	0	-9625.756231857195	0.29263877997205134	1.0E-5
0.9224742688673034	-0.3407407407407408	0	0	0	0	0	0	-9677.685806315903	0.2922350799738534	1.0E-5
0.937396351575456	-0.35555555555555557	0	0	0	0	0	0	-9725.192966336426	0.2918673008589594	1.0E-5
0.9523151438574324	-0.3703703703703704	0	0	0	0	0	0	-9770.934076429812	0.2915145770864241	9.999999999999999E-6
0.9672619047619047	-0.4	0	0	0	0	0	0	-9819.91867862366	0.2911383381392753	1.0E-5
0.9672306457132328	-0.3851851851851852	0	0	0	0	0	0	-9817.51171152257	0.2911567894535015	1.0E-5
0.8178798467977573	-0.22222222222222227	0	0	0	0	0	0	-9132.33228855334	0.29656455202430826	1.0000000000000003E-5
0.8328266077022297	-0.23703703703703707	0	0	0	0	0	0	-9256.937682227579	0.29555755549754986	1.0E-5
0.8477700781805262	-0.251851851851852	0	0	0	0	0	0	-9364.938373667394	0.2946933728734521	9.999999999999999E-6
0.8627102582326465	-0.2666666666666668	0	0	0	0	0	0	-9457.119956003153	0.2939620218619078	9.999999999999999E-6
0.8776471478585908	-0.2814814814814815	0	0	0	0	0	0	-9534.890563070001	0.2933494340072379	1.0E-5
0.892580747058359	-0.2962962962962964	0	0	0	0	0	0	-9600.152932458319	0.2928384706080568	1.0E-5
0.9075110558319509	-0.31111111111111106	0	0	0	0	0	0	-9655.16286919308	0.2924099563907633	1.0E-5
0.9224380741793674	-0.32592592592592595	0	0	0	0	0	0	-9702.393464685989	0.292043621163118	1.0E-5
0.9373618021006082	-0.34074074074074084	0	0	0	0	0	0	-9744.41874085575	0.29171888010005415	1.0E-5
0.9522822395956725	-0.3555555555555556	0	0	0	0	0	0	-9783.82400782654	0.2914154229348038	1.0E-5
0.9671993866645605	-0.3703703703703703	0	0	0	0	0	0	-9823.144776125719	0.2911136133667439	9.999999999999999E-6
0.9821428571428571	-0.4	0	0	0	0	0	0	-9867.445094600436	0.2907747699677363	1.0E-5
0.982113243307273	-0.3851851851851852	0	0	0	0	0	0	-9864.832304816477	0.29079471983210964	9.999999999999999E-6
0.8327805417357657	-0.22222222222222227	0	0	0	0	0	0	-9309.018053732918	0.29513983444899283	1.0E-5
0.8477256574271501	-0.23703703703703707	0	0	0	0	0	0	-9414.562711026178	0.29429895177563825	1.0E-5
0.8626674826923584	-0.2518518518518519	0	0	0	0	0	0	-9504.090971908377	0.2935915558354407	9.999999999999999E-6
0.8776060175313908	-0.2666666666666667	0	0	0	0	0	0	-9578.877831829805	0.2930047321330597	1.0E-5
0.8925412619442468	-0.28148148148148155	0	0	0	0	0	0	-9640.706988506052	0.2925223719692469	9.999999999999999E-6
0.9074732159309271	-0.29629629629629634	0	0	0	0	0	0	-9691.731161662718	0.2921261942196446	1.0E-5
0.9224018794914315	-0.3111111111111111	0	0	0	0	0	0	-9734.335649494175	0.2917966905377719	1.0E-5
0.9373272526257599	-0.3259259259259259	0	0	0	0	0	0	-9771.019374465795	0.2915139205900825	9.999999999999999E-6
0.9522493353339123	-0.34074074074074084	0	0	0	0	0	0	-9804.301420431155	0.2912581230232492	1.0E-5
0.967168127615889	-0.3555555555555556	0	0	0	0	0	0	-9836.655553791734	0.29101013937610015	1.0E-5
0.9820836294716891	-0.37037037037037035	0	0	0	0	0	0	-9870.471291023781	0.2907516689918228	1.0E-5
0.9970238095238094	-0.4	0	0	0	0	0	0	-9911.24185299793	0.29044100830114505	1.0E-5
0.9969958409013135	-0.3851851851851852	0	0	0	0	0	0	-9908.037855786084	0.29046538365745844	1.0E-5
0.8476812366737742	-0.2222222222222222	0	0	0	0	0	0	-9471.574638697342	0.2938478590202123	1.0E-5
0.8626247071520705	-0.23703703703703705	0	0	0	0	0	0	-9558.3122354924	0.29316573299680987	1.0E-5
0.8775648872041908	-0.2518518518518519	0	0	0	0	0	0	-9630.016357633041	0.29260559529432273	1.0E-5
0.8925017768301351	-0.2666666666666667	0	0	0	0	0	0	-9688.359245521902	0.292152323065188	1.0E-5
0.9074353760299037	-0.2814814814814815	0	0	0	0	0	0	-9735.396900194153	0.2917884978477436	1.0E-5
0.9223656848034957	-0.29629629629629634	0	0	0	0	0	0	-9773.432183858036	0.29149535234622764	1.0E-5
0.9372927031509121	-0.31111111111111106	0	0	0	0	0	0	-9804.893657490398	0.2912535776888651	1.0E-5
0.9522164310721524	-0.325925925925926	0	0	0	0	0	0	-9832.238762292987	0.29104395306735126	1.0000000000000003E-5
0.9671368685672166	-0.3407407407407408	0	0	0	0	0	0	-9857.884409858185	0.2908477914271546	1.0E-5
0.9820540156361054	-0.3555555555555556	0	0	0	0	0	0	-9884.163980779642	0.29064721648347314	9.999999999999999E-6
0.9969678722788171	-0.37037037037037046	0	0	0	0	0	0	-9913.307340438312	0.29042529794647215	1.0E-5
1.0119047619047619	-0.4	0	0	0	0	0	0	-9951.546573942458	0.2901349335186057	1.0E-5
1.0118784384953536	-0.3851851851851852	0	0	0	0	0	0	-9947.439521885251	0.29016607554399904	1.0E-5
0.862581931611782	-0.22222222222222227	0	0	0	0	0	0	-9619.72088954474	0.29268581327254284	1.0E-5
0.8775237568769909	-0.23703703703703705	0	0	0	0	0	0	-9688.244513242927	0.29215321225139773	1.0E-5
0.892462291716023	-0.2518518518518519	0	0	0	0	0	0	-9743.044471032683	0.29172948135994303	1.0E-5
0.9073975361288793	-0.2666666666666666	0	0	0	0	0	0	-9786.086390376257	0.29139803088996463	1.0000000000000003E-5
0.9223294901155595	-0.2814814814814815	0	0	0	0	0	0	-9819.596059810134	0.29114081105303935	1.0E-5
0.937258153676064	-0.2962962962962962	0	0	0	0	0	0	-9845.93635003271	0.29093912892803486	1.0E-5
0.9521835268103926	-0.3111111111111111	0	0	0	0	0	0	-9867.50744025038	0.2907742939828995	1.0E-5
0.9671056095185446	-0.32592592592592595	0	0	0	0	0	0	-9886.673904689911	0.2906280828725802	1.0E-5
0.9820244018005211	-0.34074074074074084	0	0	0	0	0	0	-9905.718045451906	0.29048303636585354	1.0000000000000003E-5
0.9969399036563216	-0.35555555555555557	0	0	0	0	0	0	-9926.816325366224	0.2903226136012195	1.0E-5
1.0118521150859459	-0.37037037037037046	0	0	0	0	0	0	-9952.034656271213	0.2901312333062492	1.0E-5
1.0267857142857142	-0.4	0	0	0	0	0	0	-9988.593779648609	0.2898545008898385	1.0E-5
1.026761036089394	-0.3851851851851852	0	0	0	0	0	0	-9983.33823611881	0.2898942306807166	1.0E-5
0.8774826265497908	-0.2222222222222222	0	0	0	0	0	0	-9753.484360365603	0.2916489775850811	1.0E-5
0.8924228066019111	-0.23703703703703707	0	0	0	0	0	0	-9804.683679578453	0.29125518921340265	1.0E-5
0.9073596962278553	-0.2518518518518519	0	0	0	0	0	0	-9843.71489423264	0.290956121007796	1.0000000000000003E-5
0.9222932954276235	-0.2666666666666666	0	0	0	0	0	0	-9872.732062285259	0.29073441482608603	1.0E-5
0.9372236042012163	-0.28148148148148155	0	0	0	0	0	0	-9894.036977152522	0.29057197593703116	1.0000000000000003E-5
0.9521506225486324	-0.29629629629629634	0	0	0	0	0	0	-9909.976770414709	0.29045063201298904	9.999999999999999E-6
0.9670743504698731	-0.31111111111111106	0	0	0	0	0	0	-9922.867881746766	0.29035261450920696	9.999999999999999E-6
0.9819947879649371	-0.32592592592592595	0	0	0	0	0	0	-9934.946111520476	0.29026087325886457	9.999999999999999E-6
0.9969119350338254	-0.34074074074074073	0	0	0	0	0	0	-9948.339825975032	0.29015924801036297	1.0E-5
1.0118257916765379	-0.3555555555555555	0	0	0	0	0	0	-9965.06217090652	0.2900325256482058	1.0E-5
1.026736357893074	-0.37037037037037046	0	0	0	0	0	0	-9987.017989239517	0.2898664114078558	1.0000000000000003E-5
1.0416666666666665	-0.4	0	0	0	0	0	0	-10022.61219104061	0.2895977547028078	1.0E-5
1.0416436336834343	-0.3851851851851852	0	0	0	0	0	0	-10016.021625813652	0.28964743883236393	1.0E-5
0.907321856326831	-0.23703703703703707	0	0	0	0	0	0	-9908.184821694897	0.2904642654283271	1.0E-5
0.9222571007396874	-0.2518518518518519	0	0	0	0	0	0	-9932.735126779671	0.29027766008384354	9.999999999999999E-6
0.9371890547263683	-0.26666666666666666	0	0	0	0	0	0	-9949.078336038709	0.2901536478377779	1.0E-5
0.9521177182868724	-0.2814814814814815	0	0	0	0	0	0	-9959.512614397316	0.2900745607768064	9.999999999999999E-6
0.9670430914212009	-0.2962962962962962	0	0	0	0	0	0	-9966.310209429164	0.29002307505107844	1.0E-5
0.9819651741293534	-0.3111111111111111	0	0	0	0	0	0	-9971.664584988437	0.289982540926526	9.999999999999999E-6
0.9968839664113297	-0.32592592592592606	0	0	0	0	0	0	-9977.6607439614	0.2899371697486086	9.999999999999999E-6
1.0117994682671299	-0.3407407407407407	0	0	0	0	0	0	-9986.264684306545	0.28987210576970285	1.0000000000000003E-5
1.0267116796967546	-0.3555555555555555	0	0	0	0	0	0	-9999.327690885699	0.2897734107603433	1.0000000000000003E-5
1.0416206007002025	-0.3703703703703703	0	0	0	0	0	0	-10018.601590708382	0.2896279860762848	1.0E-5
1.056547619047619	-0.4	0	0	0	0	0	0	-10053.82260727724	0.28936283831990195	1.0E-5
1.056526231277475	-0.3851851851851852	0	0	0	0	0	0	-10045.76185854727	0.2894234521709362	1.0E-5
0.9072840164258078	-0.22222222222222227	0	0	0	0	0	0	-9979.383729751411	0.28992413660502175	1.0E-5
0.9222209060517518	-0.2370370370370371	0	0	0	0	0	0	-9999.488491193324	0.2897721965324311	1.0E-5
0.9371545052515202	-0.25185185185185194	0	0	0	0	0	0	-10010.934778567165	0.2896858055216315	1.0E-5
0.9520848140251125	-0.2666666666666667	0	0	0	0	0	0	-10015.975768181897	0.2896477846334266	1.0E-5
0.9670118323725289	-0.2814814814814815	0	0	0	0	0	0	-10016.843249068	0.2896412433977458	1.0E-5
0.9819355602937692	-0.2962962962962962	0	0	0	0	0	0	-10015.6921696452	0.28964992320913147	1.0E-5
0.996855997788834	-0.31111111111111106	0	0	0	0	0	0	-10014.56840851818	0.2896583978251897	1.0E-5
1.0117731448577216	-0.32592592592592595	0	0	0	0	0	0	-10015.39578231057	0.2896521582771533	1.0E-5
1.0266870015004343	-0.34074074074074084	0	0	0	0	0	0	-10019.977999353301	0.28961760975560774	1.0E-5
1.0415975677169707	-0.3555555555555556	0	0	0	0	0	0	-10030.011642528232	0.28954200503358174	9.999999999999999E-6
1.056504843507331	-0.37037037037037035	0	0	0	0	0	0	-10047.106986687753	0.2894133344867983	1.0E-5
1.0714285714285714	-0.4	0	0	0	0	0	0	-10082.43632196101	0.2891480006267865	1.0E-5
1.0714088288715153	-0.3851851851851852	0	0	0	0	0	0	-10072.814291185132	0.2892201879680094	1.0E-5
0.9221847113638157	-0.2222222222222222	0	0	0	0	0	0	-10072.861707967697	0.28921983209203167	1.0E-5
0.9371199557766723	-0.23703703703703705	0	0	0	0	0	0	-10079.47033558394	0.2891702462039695	1.0E-5
0.9520519097633525	-0.2518518518518519	0	0	0	0	0	0	-10079.220171000852	0.28917212274565546	1.0E-5
0.9669805733238568	-0.2666666666666666	0	0	0	0	0	0	-10074.30611883467	0.2892089920618779	9.999999999999999E-6
0.9819059464581852	-0.2814814814814814	0	0	0	0	0	0	-10066.848154270014	0.28926497662587264	1.0E-5
0.9968280291663374	-0.2962962962962962	0	0	0	0	0	0	-10058.856853925854	0.28932500319914667	9.999999999999999E-6
1.0117468214483138	-0.3111111111111111	0	0	0	0	0	0	-10052.21825464026	0.28937489922839965	1.0000000000000003E-5
1.0266623233041143	-0.32592592592592595	0	0	0	0	0	0	-10048.693748268592	0.28940140075376564	1.0E-5
1.0415745347337384	-0.3407407407407407	0	0	0	0	0	0	-10049.931058284985	0.2893920962696769	1.0000000000000003E-5
1.0564834557371867	-0.3555555555555555	0	0	0	0	0	0	-10057.483036931575	0.2893353266191756	1.0E-5
1.071389086314459	-0.3703703703703704	0	0	0	0	0	0	-10072.83183520029	0.2892200562951936	1.0E-5
1.0863095238095237	-0.4	0	0	0	0	0	0	-10108.654016723094	0.28895159938804404	1.0E-5
1.0862914264655557	-0.3851851851851852	0	0	0	0	0	0	-10097.416789150375	0.28903572717247833	1.0E-5
0.9370854063018244	-0.22222222222222232	0	0	0	0	0	0	-10154.53675528087	0.28860890762562724	1.0E-5
0.9520190055015926	-0.23703703703703707	0	0	0	0	0	0	-10149.091004838474	0.2886495132146526	1.0000000000000003E-5
0.9669493142751848	-0.2518518518518519	0	0	0	0	0	0	-10138.53282374931	0.28872829111824855	1.0000000000000003E-5
0.9818763326226015	-0.2666666666666668	0	0	0	0	0	0	-10124.950540618964	0.2888297339847413	9.999999999999999E-6
0.9968000605438414	-0.2814814814814815	0	0	0	0	0	0	-10110.322910762477	0.2889391118440723	1.0E-5
1.0117204980389056	-0.2962962962962963	0	0	0	0	0	0	-10096.502112959271	0.28904257836399994	1.0E-5
1.0266376451077943	-0.31111111111111106	0	0	0	0	0	0	-10085.211855500218	0.28912718844023777	1.0E-5
1.0415515017505064	-0.32592592592592595	0	0	0	0	0	0	-10078.056601578992	0.28918085145695066	1.0E-5
1.0564620679670431	-0.34074074074074084	0	0	0	0	0	0	-10076.538597654904	0.2891922402834379	1.0000000000000003E-5
1.0713693437574034	-0.3555555555555555	0	0	0	0	0	0	-10082.080185334526	0.2891506714442676	9.999999999999999E-6
1.086273329121588	-0.37037037037037046	0	0	0	0	0	0	-10096.049654881128	0.2890459675988462	1.0E-5
1.101190476190476	-0.4	0	0	0	0	0	0	-10132.665066455847	0.28877210203324116	1.0E-5
1.1011740240595964	-0.3851851851851852	0	0	0	0	0	0	-10119.789585077122	0.2888683098314133	1.0000000000000003E-5
0.9519861012398326	-0.2222222222222222	0	0	0	0	0	0	-10225.422761368989	0.2880820166352478	1.0E-5
0.966918055226513	-0.23703703703703707	0	0	0	0	0	0	-10209.350325242634	0.2882012120278431	1.0E-5
0.9818467187870171	-0.251851851851852	0	0	0	0	0	0	-10189.814084080215	0.28834630834321	1.0E-5
0.9967720919213454	-0.2666666666666666	0	0	0	0	0	0	-10168.764183750176	0.28850290867390627	9.999999999999999E-6
1.0116941746294978	-0.28148148148148155	0	0	0	0	0	0	-10148.022468976329	0.28865748276973363	9.999999999999999E-6
1.026612966911474	-0.2962962962962963	0	0	0	0	0	0	-10129.279061634634	0.2887973929117747	1.0E-5
1.0415284687672746	-0.3111111111111111	0	0	0	0	0	0	-10114.100079906559	0.28891085544427403	1.0E-5
1.0564406801968995	-0.32592592592592595	0	0	0	0	0	0	-10103.943134446057	0.28898685799834245	1.0E-5
1.0713496012003476	-0.3407407407407409	0	0	0	0	0	0	-10100.178024616911	0.2890150478606149	1.0E-5
1.0862552317776197	-0.3555555555555555	0	0	0	0	0	0	-10104.11082454891	0.2889856026853229	1.0E-5
1.1011575719287163	-0.37037037037037035	0	0	0	0	0	0	-10117.010224580861	0.2888890911392884	1.0E-5
1.1160714285714286	-0.4	0	0	0	0	0	0	-10154.64718939384	0.2886080843758423	1.0E-5
1.1160566216536367	-0.3851851851851852	0	0	0	0	0	0	-10140.135555379147	0.2887163282075669	1.0E-5
0.9668867961778411	-0.22222222222222227	0	0	0	0	0	0	-10286.576629835889	0.28762993067651155	1.0000000000000003E-5
0.9818171049514334	-0.23703703703703705	0	0	0	0	0	0	-10261.248321934767	0.2878168966624523	1.0E-5
0.9967441232988494	-0.2518518518518519	0	0	0	0	0	0	-10233.976988729593	0.2880186416584867	9.999999999999999E-6
1.01166785122009	-0.2666666666666668	0	0	0	0	0	0	-10206.55734578343	0.28822194125922546	1.0E-5
1.026588288715154	-0.2814814814814815	0	0	0	0	0	0	-10180.649576782116	0.2884144540752529	1.0000000000000003E-5
1.0415054357840425	-0.2962962962962963	0	0	0	0	0	0	-10157.785783010282	0.28858469033871387	1.0E-5
1.0564192924267553	-0.3111111111111111	0	0	0	0	0	0	-10139.384171654006	0.28872193639541965	1.0E-5
1.0713298586432916	-0.32592592592592595	0	0	0	0	0	0	-10126.768359788439	0.28881615051670506	1.0E-5
1.0862371344336519	-0.3407407407407407	0	0	0	0	0	0	-10121.189930988214	0.28885784124047403	1.0E-5
1.1011411197978358	-0.3555555555555556	0	0	0	0	0	0	-10123.853047900724	0.28883793587583806	1.0E-5
1.1160418147358442	-0.3703703703703704	0	0	0	0	0	0	-10135.940475066378	0.28874764396172414	1.0000000000000003E-5
1.130952380952381	-0.4	0	0	0	0	0	0	-10174.766377523696	0.2884582277294531	1.0E-5
1.130939219247677	-0.3851851851851852	0	0	0	0	0	0	-10158.640806898122	0.2885783183252123	1.0000000000000003E-5
0.9817874911158493	-0.22222222222222227	0	0	0	0	0	0	-10339.055670026306	0.28724378249083743	1.0E-5
0.9967161546763537	-0.23703703703703707	0	0	0	0	0	0	-10305.7543239323	0.28748862546543386	1.0E-5
1.011641527810682	-0.2518518518518518	0	0	0	0	0	0	-10271.885494430546	0.2877383287941061	1.0E-5
1.0265636105188347	-0.2666666666666666	0	0	0	0	0	0	-10239.0827079698	0.2879808366286966	1.0000000000000003E-5
1.0414824028008103	-0.28148148148148155	0	0	0	0	0	0	-10208.847879955947	0.2882049407774401	1.0000000000000003E-5
1.056397904656611	-0.2962962962962964	0	0	0	0	0	0	-10182.56441033011	0.28840021143561134	1.0E-5
1.0713101160862357	-0.3111111111111111	0	0	0	0	0	0	-10161.51530355508	0.2885568996135644	1.0E-5
1.086219037089684	-0.32592592592592595	0	0	0	0	0	0	-10146.904410481908	0.2886658224373447	9.999999999999999E-6
1.1011246676669564	-0.3407407407407409	0	0	0	0	0	0	-10139.879549200397	0.2887182389507654	1.0E-5
1.1160270078180528	-0.3555555555555555	0	0	0	0	0	0	-10141.556802699186	0.2887057212355133	1.0E-5
1.1309260575429732	-0.37037037037037035	0	0	0	0	0	0	-10153.045719742413	0.2886200235378401	9.999999999999999E-6
1.1458333333333333	-0.4	0	0	0	0	0	0	-10193.177049251282	0.288321314823878	1.0E-5
1.1458218168417171	-0.3851851851851852	0	0	0	0	0	0	-10175.47548177194	0.2884529505473127	1.0E-5
0.9966881860538575	-0.22222222222222227	0	0	0	0	0	0	-10383.883956256012	0.286915243965537	1.0000000000000003E-5
1.011615204401274	-0.2370370370370371	0	0	0	0	0	0	-10343.784289986415	0.28720907027605547	1.0E-5
1.0265389323225143	-0.2518518518518519	0	0	0	0	0	0	-10304.340537536145	0.2874990349341726	9.999999999999999E-6
1.0414593698175785	-0.2666666666666667	0	0	0	0	0	0	-10267.027845055116	0.2877741996438621	1.0E-5
1.0563765168864672	-0.28148148148148155	0	0	0	0	0	0	-10233.198857677275	0.28802440468535895	1.0E-5
1.071290373529179	-0.2962962962962963	0	0	0	0	0	0	-10204.100852809152	0.28824017706613364	1.0E-5
1.0862009397457157	-0.311111111111111	0	0	0	0	0	0	-10180.895863578766	0.2884126220540524	1.0E-5
1.1011082155360765	-0.32592592592592606	0	0	0	0	0	0	-10164.682517641228	0.28853330566740115	1.0E-5
1.1160122009002607	-0.3407407407407408	0	0	0	0	0	0	-10156.518848666057	0.288594132917486	1.0E-5
1.1309128958382688	-0.3555555555555556	0	0	0	0	0	0	-10157.445754537352	0.28858722450531643	1.0E-5
1.1458103003501015	-0.37037037037037035	0	0	0	0	0	0	-10168.511098955723	0.2885047931496262	1.0000000000000003E-5
1.1607142857142856	-0.4	0	0	0	0	0	0	-10210.022368004506	0.288196224902063	1.0E-5
1.1607044144357572	-0.3851851851851852	0	0	0	0	0	0	-10190.79470377241	0.2883390196723663	1.0E-5
1.0115888809918658	-0.22222222222222227	0	0	0	0	0	0	-10422.02778652934	0.28663664305319003	1.0000000000000003E-5
1.0265142541261942	-0.23703703703703707	0	0	0	0	0	0	-10376.18572479307	0.2869715771180849	1.0E-5
1.0414363368343467	-0.25185185185185194	0	0	0	0	0	0	-10332.071980370598	0.2872950735335327	1.0E-5
1.0563551291163233	-0.26666666666666666	0	0	0	0	0	0	-10291.012034721472	0.2875972298954697	1.0E-5
1.0712706309721232	-0.2814814814814815	0	0	0	0	0	0	-10254.221733756374	0.28786883390550727	1.0E-5
1.0861828424017481	-0.2962962962962962	0	0	0	0	0	0	-10222.826475882002	0.2881012603528237	1.0000000000000003E-5
1.1010917634051962	-0.3111111111111111	0	0	0	0	0	0	-10197.881956691304	0.28828635964026905	1.0000000000000003E-5
1.1159973939824683	-0.32592592592592584	0	0	0	0	0	0	-10180.395701770462	0.28841634258089444	1.0E-5
1.130899734133565	-0.34074074074074073	0	0	0	0	0	0	-10171.349024980314	0.28848366413648197	1.0E-5
1.1457987838584853	-0.3555555555555555	0	0	0	0	0	0	-10171.719358559272	0.2884809072828722	9.999999999999999E-6
1.1606945431572298	-0.37037037037037046	0	0	0	0	0	0	-10182.5031368033	0.288400667156687	1.0E-5
1.1755952380952381	-0.4	0	0	0	0	0	0	-10225.434695855016	0.2880819281861159	1.0E-5
1.1755870120297978	-0.3851851851851852	0	0	0	0	0	0	-10204.739608245967	0.2882354349015862	1.0000000000000003E-5
1.0264895759298744	-0.22222222222222227	0	0	0	0	0	0	-10454.379508135582	0.2864010277495795	1.0000000000000003E-5
1.0414133038511146	-0.23703703703703705	0	0	0	0	0	0	-10403.72910410518	0.2867701873096444	1.0E-5
1.056333741346179	-0.251851851851852	0	0	0	0	0	0	-10355.73532618954	0.28712139918805807	1.0E-5
1.0712508884150673	-0.2666666666666666	0	0	0	0	0	0	-10311.586375958846	0.2874456978359794	1.0E-5
1.0861647450577796	-0.28148148148148144	0	0	0	0	0	0	-10272.375563900972	0.2877347107186701	1.0E-5
1.1010753112743161	-0.29629629629629634	0	0	0	0	0	0	-10239.121131874599	0.2879805521811831	1.0E-5
1.1159825870646765	-0.31111111111111106	0	0	0	0	0	0	-10212.786689576636	0.2881757142034717	1.0E-5
1.1308865724288613	-0.32592592592592595	0	0	0	0	0	0	-10194.301880290925	0.2883129566398476	1.0E-5
1.1457872673668692	-0.3407407407407409	0	0	0	0	0	0	-10184.58318733852	0.2883851980961046	1.0000000000000003E-5
1.1606846718787016	-0.3555555555555556	0	0	0	0	0	0	-10184.555013198767	0.28838540760571224	1.0E-5
1.1755787859643585	-0.37037037037037035	0	0	0	0	0	0	-10195.171339495104	0.2883064965565481	1.0E-5
1.1904761904761905	-0.4	0	0	0	0	0	0	-10239.53609101359	0.28797748034628934	1.0E-5
1.1904696096238383	-0.3851851851851852	0	0	0	0	0	0	-10217.438398812727	0.288141210025243	1.0E-5
1.056312353576035	-0.23703703703703707	0	0	0	0	0	0	-10427.104538021662	0.28659962819865675	1.0E-5
1.0712311458580115	-0.2518518518518519	0	0	0	0	0	0	-10375.91207447675	0.2869735802560158	1.0E-5
1.086146647713812	-0.2666666666666666	0	0	0	0	0	0	-10329.236301971432	0.28731590829590936	1.0E-5
1.1010588591434363	-0.2814814814814815	0	0	0	0	0	0	-10288.062804526462	0.28761897227115835	1.0E-5
1.1159677801468844	-0.2962962962962962	0	0	0	0	0	0	-10253.317039976717	0.2878755231604257	1.0000000000000003E-5
1.1308734107241571	-0.31111111111111106	0	0	0	0	0	0	-10225.883892049753	0.28807859915639894	1.0000000000000003E-5
1.1457757508752535	-0.32592592592592595	0	0	0	0	0	0	-10206.627161861754	0.2882214230326645	1.0000000000000003E-5
1.1606748006001735	-0.34074074074074073	0	0	0	0	0	0	-10196.409096110181	0.2882973008222331	1.0E-5
1.175570559898918	-0.35555555555555557	0	0	0	0	0	0	-10196.110208942899	0.28829952127535496	1.0E-5
1.1904630287714866	-0.3703703703703703	0	0	0	0	0	0	-10206.649761030892	0.2882212552855587	1.0E-5
1.2053571428571428	-0.4	0	0	0	0	0	0	-10252.439017513918	0.2878820156854966	1.0E-5
1.2053522072178786	-0.3851851851851852	0	0	0	0	0	0	-10229.007435560265	0.2880554537272851	1.0E-5
1.056290965805891	-0.22222222222222227	0	0	0	0	0	0	-10504.857732697617	0.28603463954742203	1.0000000000000003E-5
1.0712114033009552	-0.23703703703703705	0	0	0	0	0	0	-10446.922400830472	0.28645528210042404	9.999999999999999E-6
1.086128550369844	-0.2518518518518519	0	0	0	0	0	0	-10393.112683621475	0.2868477579396607	1.0E-5
1.1010424070125562	-0.26666666666666666	0	0	0	0	0	0	-10344.385700292816	0.287204656362474	9.999999999999999E-6
1.1159529732290925	-0.2814814814814816	0	0	0	0	0	0	-10301.63379241188	0.28751896761182133	1.0E-5
1.1308602490194533	-0.2962962962962964	0	0	0	0	0	0	-10265.703119138167	0.287783984444438	1.0E-5
1.1457642343836372	-0.3111111111111111	0	0	0	0	0	0	-10237.412010645958	0.2879932054691982	9.999999999999999E-6
1.160664929321646	-0.32592592592592595	0	0	0	0	0	0	-10217.569156250074	0.28814024031961294	9.999999999999999E-6
1.1755623338334782	-0.34074074074074084	0	0	0	0	0	0	-10206.991848074531	0.2882187161104108	1.0E-5
1.190456447919134	-0.3555555555555556	0	0	0	0	0	0	-10206.524594036366	0.28822218436793956	1.0E-5
1.2053472715786149	-0.3703703703703704	0	0	0	0	0	0	-10217.058569039034	0.2881440269267407	1.0E-5
1.2202380952380951	-0.4	0	0	0	0	0	0	-10264.24650285939	0.287794744655705	1.0E-5
1.2202348048119191	-0.38518518518518546	0	0	0	0	0	0	-10239.55219356079	0.28797736114542427	9.999999999999999E-6
1.0711916607438996	-0.22222222222222232	0	0	0	0	0	0	-10524.34492844226	0.2858935978920692	1.0E-5
1.0861104530258758	-0.23703703703703705	0	0	0	0	0	0	-10463.7167726332	0.28633314085265177	9.999999999999999E-6
1.1010259548816763	-0.2518518518518519	0	0	0	0	0	0	-10407.781258996507	0.2867405973402632	9.999999999999999E-6
1.1159381663113006	-0.2666666666666667	0	0	0	0	0	0	-10357.401999011441	0.28710917954071424	1.0E-5
1.130847087314749	-0.2814814814814815	0	0	0	0	0	0	-10313.39168848024	0.28743241374976886	1.0E-5
1.1457527178920213	-0.2962962962962962	0	0	0	0	0	0	-10276.529474716066	0.2877040491625738	1.0E-5
1.1606550580431179	-0.31111111111111106	0	0	0	0	0	0	-10247.577980450626	0.28791796905006634	1.0000000000000003E-5
1.175554107768038	-0.32592592592592595	0	0	0	0	0	0	-10227.300182631796	0.28806810371783825	1.0000000000000003E-5
1.1904498670667825	-0.3407407407407408	0	0	0	0	0	0	-10216.47642403538	0.28814834441384973	1.0E-5
1.205342335939351	-0.35555555555555557	0	0	0	0	0	0	-10215.921967425365	0.2881524567422192	9.999999999999999E-6
1.2202315143857434	-0.37037037037037046	0	0	0	0	0	0	-10226.505327718167	0.288073993849017	1.0E-5
1.2351190476190474	-0.4	0	0	0	0	0	0	-10275.05449179456	0.28771493535900916	1.0E-5
1.2351174024059592	-0.3851851851851852	0	0	0	0	0	0	-10249.168624137676	0.2879062026942792	1.0E-5
1.0860923556819082	-0.22222222222222232	0	0	0	0	0	0	-10540.766304377397	0.2857749193118241	1.0E-5
1.1010095027507965	-0.23703703703703707	0	0	0	0	0	0	-10477.950714954466	0.28622975202988493	1.0E-5
1.1159233593935087	-0.2518518518518519	0	0	0	0	0	0	-10420.301254644495	0.28664923478782006	1.0E-5
1.130833925610045	-0.2666666666666668	0	0	0	0	0	0	-10368.601722286343	0.2870271091351442	1.0000000000000003E-5
1.1457412014004054	-0.2814814814814815	0	0	0	0	0	0	-10323.597552436966	0.28735735265535517	1.0E-5
1.1606451867645897	-0.29629629629629617	0	0	0	0	0	0	-10286.011822959852	0.2876340956677251	1.0000000000000003E-5
1.175545881702598	-0.3111111111111111	0	0	0	0	0	0	-10256.560944343562	0.2878515402229897	1.0E-5
1.1904432862144305	-0.32592592592592595	0	0	0	0	0	0	-10235.970285477364	0.2880038805055028	1.0E-5
1.2053374003000865	-0.34074074074074073	0	0	0	0	0	0	-10224.990101869653	0.2880852232298255	1.0E-5
1.2202282239595665	-0.35555555555555557	0	0	0	0	0	0	-10224.411979317585	0.28808950808165884	1.0E-5
1.2351157571928715	-0.3703703703703703	0	0	0	0	0	0	-10235.086961869447	0.2880104215681054	1.0E-5
1.25	-0.4	0	0	0	0	0	0	-10284.94623909079	0.2876419540085214	1.0E-5
1.25	-0.38518518518518524	0	0	0	0	0	0	-10257.943048165022	0.2878413239540545	1.0E-5
1.1009930506199161	-0.22222222222222227	0	0	0	0	0	0	-10554.602562753118	0.28567504667238136	1.0E-5
1.1159085524757164	-0.2370370370370371	0	0	0	0	0	0	-10490.022598175676	0.2861421614877009	9.999999999999999E-6
1.1308207639053411	-0.25185185185185194	0	0	0	0	0	0	-10431.001642359746	0.286571224635264	1.0E-5
1.1457296849087895	-0.26666666666666666	0	0	0	0	0	0	-10378.256148677547	0.2869564229372017	9.999999999999999E-6
1.1606353154860616	-0.28148148148148155	0	0	0	0	0	0	-10332.475311297409	0.2872921105081312	9.999999999999999E-6
1.1755376556371584	-0.2962962962962964	0	0	0	0	0	0	-10294.335709753643	0.2875727333461717	1.0E-5
1.1904367053620781	-0.311111111111111	0	0	0	0	0	0	-10264.515723774297	0.28779275578912455	1.0E-5
1.2053324646608228	-0.32592592592592606	0	0	0	0	0	0	-10243.710052286024	0.2879465874315127	1.0E-5
1.220224933533391	-0.3407407407407409	0	0	0	0	0	0	-10232.644527731803	0.2880285104124108	1.0E-5
1.2351141119797833	-0.3555555555555555	0	0	0	0	0	0	-10232.092241297192	0.2880326011903615	1.0E-5
1.25	-0.3703703703703704	0	0	0	0	0	0	-10242.88872625861	0.28795266550715104	1.0E-5
1.1158937455579245	-0.22222222222222227	0	0	0	0	0	0	-10566.265833939247	0.28559094634824633	1.0E-5
1.130807602200637	-0.23703703703703705	0	0	0	0	0	0	-10500.272886409104	0.2860678556637659	1.0E-5
1.1457181684171733	-0.251851851851852	0	0	0	0	0	0	-10440.163149727317	0.28650448775282367	1.0000000000000003E-5
1.1606254442075339	-0.2666666666666668	0	0	0	0	0	0	-10386.596815430337	0.2868954006082695	9.999999999999999E-6
1.175529429571718	-0.2814814814814815	0	0	0	0	0	0	-10340.216466571828	0.28723525997966154	1.0E-5
1.1904301245097262	-0.2962962962962962	0	0	0	0	0	0	-10301.660423575358	0.2875187714763076	1.0E-5
1.2053275290215588	-0.3111111111111111	0	0	0	0	0	0	-10271.576029295353	0.2877406135824717	9.999999999999999E-6
1.220221643107215	-0.32592592592592595	0	0	0	0	0	0	-10250.633051855684	0.2878953713492068	1.0E-5
1.2351124667666955	-0.34074074074074073	0	0	0	0	0	0	-10239.53810532372	0.28797746543512986	1.0E-5
1.25	-0.35555555555555557	0	0	0	0	0	0	-10239.04814957906	0.2879810924610466	1.0E-5
1.130794440495933	-0.22222222222222227	0	0	0	0	0	0	-10576.107079021589	0.2855200461351082	1.0E-5
1.1457066519255572	-0.23703703703703707	0	0	0	0	0	0	-10508.990951055803	0.2860047060071289	1.0E-5
1.1606155729290057	-0.2518518518518519	0	0	0	0	0	0	-10448.024291796533	0.28644726318668123	1.0E-5
1.1755212035062783	-0.2666666666666666	0	0	0	0	0	0	-10393.820703080872	0.2868425825800715	1.0E-5
1.1904235436573747	-0.2814814814814816	0	0	0	0	0	0	-10346.984436757515	0.2871855860329215	1.0E-5
1.2053225933822946	-0.2962962962962962	0	0	0	0	0	0	-10308.122586014675	0.2874711910632407	1.0E-5
1.2202183526810388	-0.3111111111111111	0	0	0	0	0	0	-10277.857249921586	0.28769425057058673	9.999999999999999E-6
1.2351108215536075	-0.32592592592592584	0	0	0	0	0	0	-10256.838468871196	0.28784948871712623	1.0000000000000003E-5
1.25	-0.3407407407407408	0	0	0	0	0	0	-10245.756199741189	0.287931447072664	1.0E-5
1.145695135433941	-0.2222222222222222	0	0	0	0	0	0	-10584.423473896066	0.28546017575320887	1.0E-5
1.1606057016504776	-0.23703703703703705	0	0	0	0	0	0	-10516.42162097608	0.28595091706110537	1.0E-5
1.1755129774408384	-0.2518518518518519	0	0	0	0	0	0	-10454.78702178383	0.28639806382725536	1.0E-5
1.1904169628050227	-0.2666666666666668	0	0	0	0	0	0	-10400.094994705587	0.2867967329421194	1.0E-5
1.205317657743031	-0.2814814814814815	0	0	0	0	0	0	-10352.918515011665	0.2871420551719197	9.999999999999999E-6
1.220215062254863	-0.2962962962962964	0	0	0	0	0	0	-10313.839278522764	0.2874291205389941	1.0000000000000003E-5
1.2351091763405193	-0.31111111111111106	0	0	0	0	0	0	-10283.459335404346	0.28765292059912856	1.0E-5
1.25	-0.32592592592592595	0	0	0	0	0	0	-10262.411772196878	0.28780829988184625	1.0E-5
1.175504751375398	-0.23703703703703707	0	0	0	0	0	0	-10522.771287309042	0.285904979057364	1.0E-5
1.1904103819526708	-0.2518518518518519	0	0	0	0	0	0	-10460.621893909978	0.28635563653749513	1.0E-5
1.2053127221037667	-0.26666666666666666	0	0	0	0	0	0	-10405.561387561718	0.2867568062475388	1.0E-5
1.2202117718286871	-0.2814814814814815	0	0	0	0	0	0	-10358.13731860924	0.28710378888377996	1.0E-5
1.235107531127431	-0.2962962962962964	0	0	0	0	0	0	-10318.911162284825	0.28739181185083446	1.0000000000000003E-5
1.25	-0.3111111111111111	0	0	0	0	0	0	-10288.46786229799	0.2876159857836183	9.999999999999999E-6
1.175496525309958	-0.22222222222222227	0	0	0	0	0	0	-10597.443330475176	0.28536652600572726	1.0000000000000003E-5
1.1904038011003184	-0.23703703703703694	0	0	0	0	0	0	-10528.213456074314	0.2858656254444568	1.0E-5
1.205307786464503	-0.2518518518518519	0	0	0	0	0	0	-10465.672715392142	0.28631892666105724	1.0E-5
1.2202084814025107	-0.2666666666666666	0	0	0	0	0	0	-10410.339850649005	0.28672191884086123	1.0E-5
1.2351058859143438	-0.28148148148148155	0	0	0	0	0	0	-10362.742138425405	0.28707003815712184	9.999999999999999E-6
1.25	-0.2962962962962963	0	0	0	0	0	0	-10323.42391851127	0.2873586291553547	1.0E-5
1.1903972202479665	-0.22222222222222232	0	0	0	0	0	0	-10602.533077327718	0.2853299431925434	1.0E-5
1.2053028508252388	-0.23703703703703705	0	0	0	0	0	0	-10532.893726270955	0.2858317952502109	1.0E-5
1.2202051909763352	-0.25185185185185177	0	0	0	0	0	0	-10470.060597231086	0.2862870473830013	9.999999999999999E-6
1.2351042407012554	-0.2666666666666666	0	0	0	0	0	0	-10414.532194407895	0.28669132190440955	1.0E-5
1.25	-0.2814814814814815	0	0	0	0	0	0	-10366.81872162562	0.28704016973622887	1.0E-5
1.2052979151859748	-0.2222222222222222	0	0	0	0	0	0	-10606.881761035627	0.28529869878600905	1.0000000000000003E-5
1.2202019005501592	-0.23703703703703705	0	0	0	0	0	0	-10536.934118660967	0.28580260062574775	1.0E-5
1.2351025954881678	-0.2518518518518519	0	0	0	0	0	0	-10473.887734275382	0.2862592514063064	1.0E-5
1.25	-0.2666666666666667	0	0	0	0	0	0	-10418.22416898682	0.28666438549563844	1.0E-5
1.220198610123983	-0.2222222222222222	0	0	0	0	0	0	-10610.612061347741	0.28527190612822134	9.999999999999999E-6
1.2351009502750794	-0.23703703703703705	0	0	0	0	0	0	-10540.437055555247	0.2857772972603598	1.0E-5
1.25	-0.2518518518518519	0	0	0	0	0	0	-10477.23979316467	0.2862349129899065	1.0E-5
1.2350993050619914	-0.2222222222222222	0	0	0	0	0	0	-10613.826453400701	0.28524882545845626	1.0000000000000003E-5
1.25	-0.23703703703703705	0	0	0	0	0	0	-10543.488014083245	0.2857552646267421	1.0E-5
1.25	-0.22222222222222224	0	0	0	0	0	0	-10616.610102970348	0.2852288425643202	1.0000000000000003E-5
0.01479665940450254	-0.20740740740740748	0	0	0	0	0	0	-12.456938967921289	0.3989762832747127	1.000000000000001E-5
0	-0.20740740740740746	0	0	0	0	0	0	-9.992989453205103	0.3989825022387295	1.0E-5
0.014790175329391017	-0.19259259259259257	0	0	0	0	0	0	5.074134708722138	0.399	1.0E-5
0	-0.19259259259259262	0	0	0	0	0	0	6.726885433565643	0.399	9.999999999999994E-6
0.02959331880900508	-0.20740740740740748	0	0	0	0	0	0	-18.350660457390052	0.39895952525959405	1.0000000000000003E-5
0.01478369125427949	-0.17777777777777778	0	0	0	0	0	0	10.31597978976937	0.399	9.99999999999999E-6
0	-0.17777777777777778	0	0	0	0	0	0	9.50847848397943	0.399	1.0E-5
0.029580350658782034	-0.19259259259259257	0	0	0	0	0	0	0.9791755323052775	0.399	1.0E-5
0.04438997821350761	-0.20740740740740748	0	0	0	0	0	0	-26.595939889316345	0.3989324661500389	1.0E-5
0.014777207179167962	-0.16296296296296298	0	0	0	0	0	0	10.421893667969691	0.399	1.0E-5
0	-0.16296296296296298	0	0	0	0	0	0	11.831854115371133	0.399	1.0E-5
0.02956738250855898	-0.1777777777777778	0	0	0	0	0	0	11.490680170636578	0.399	9.999999999999999E-6
0.04437052598817304	-0.19259259259259265	0	0	0	0	0	0	-5.064692206383744	0.39899314964747973	1.0E-5
0.05918663761801016	-0.20740740740740743	0	0	0	0	0	0	-39.42845561639937	0.39888375596322023	1.0E-5
0.01477072310405644	-0.14814814814814814	0	0	0	0	0	0	20.980020035180697	0.399	1.0E-5
0	-0.14814814814814814	0	0	0	0	0	0	21.381381546638618	0.399	1.0E-5
0.029554414358335925	-0.162962962962963	0	0	0	0	0	0	9.250478238012176	0.399	1.0E-5
0.04435107376283845	-0.17777777777777776	0	0	0	0	0	0	10.536191178064366	0.399	1.0E-5
0.05916070131756407	-0.19259259259259265	0	0	0	0	0	0	-10.120507291245245	0.3989821933934119	1.0000000000000003E-5
0.07398329702251269	-0.20740740740740748	0	0	0	0	0	0	-61.76362357293626	0.3987841695970169	1.0E-5
0.014764239028944913	-0.13333333333333333	0	0	0	0	0	0	24.144362218163486	0.399	9.999999999999992E-6
0	-0.13333333333333336	0	0	0	0	0	0	24.009900392892757	0.399	1.0E-5
0.02954144620811288	-0.1481481481481482	0	0	0	0	0	0	16.60964716530624	0.399	9.999999999999999E-6
0.044331621537503876	-0.162962962962963	0	0	0	0	0	0	8.374495731373313	0.399	9.999999999999994E-6
0.05913476501711796	-0.17777777777777778	0	0	0	0	0	0	6.384293648552091	0.399	9.99999999999999E-6
0.07395087664695509	-0.1925925925925926	0	0	0	0	0	0	-22.468382245339903	0.3989464843436604	1.0E-5
0.08877995642701522	-0.2074074074074075	0	0	0	0	0	0	-89.0532298948783	0.3986426777677433	1.0E-5
0.014757754953833382	-0.11851851851851854	0	0	0	0	0	0	27.221390332701475	0.399	1.0E-5
0	-0.11851851851851852	0	0	0	0	0	0	28.01567154108419	0.399	1.0E-5
0.029528478057889825	-0.13333333333333333	0	0	0	0	0	0	25.835864923895517	0.399	1.0000000000000003E-5
0.04431216931216931	-0.14814814814814814	0	0	0	0	0	0	11.563801584407347	0.399	1.0E-5
0.05910882871667185	-0.16296296296296298	0	0	0	0	0	0	5.205806234674662	0.399	1.0000000000000003E-5
0.07391845627139745	-0.1777777777777778	0	0	0	0	0	0	-0.2534234739486586	0.3989998901613025	9.999999999999999E-6
0.08874105197634607	-0.19259259259259257	0	0	0	0	0	0	-44.81620544456143	0.3988612998766957	1.0E-5
0.1035766158315178	-0.20740740740740748	0	0	0	0	0	0	-122.92477381598988	0.39844314664687963	1.0E-5
0.014751270878721856	-0.10370370370370376	0	0	0	0	0	0	33.246097863762245	0.399	1.0E-5
0	-0.10370370370370373	0	0	0	0	0	0	33.67044425258108	0.399	1.0E-5
0.029515509907666763	-0.11851851851851852	0	0	0	0	0	0	25.919860552855567	0.399	9.999999999999999E-6
0.04429271708683473	-0.13333333333333333	0	0	0	0	0	0	22.875285323419757	0.399	1.0E-5
0.05908289241622576	-0.14814814814814814	0	0	0	0	0	0	9.122471995799579	0.399	1.0000000000000003E-5
0.07388603589583982	-0.162962962962963	0	0	0	0	0	0	3.670616796942544	0.399	9.999999999999999E-6
0.0887021475256769	-0.1777777777777778	0	0	0	0	0	0	-13.077487105381257	0.39897463782733655	1.0E-5
0.1035312273057371	-0.19259259259259257	0	0	0	0	0	0	-73.94256059328528	0.39872341912790465	1.0E-5
0.11837327523602031	-0.20740740740740748	0	0	0	0	0	0	-163.41240655250917	0.39817643832344746	1.0E-5
0.01474478680361033	-0.0888888888888889	0	0	0	0	0	0	40.526707253450326	0.399	9.999999999999992E-6
0	-0.08888888888888889	0	0	0	0	0	0	40.764698269845574	0.399	1.0E-5
0.029502541757443712	-0.10370370370370376	0	0	0	0	0	0	32.6265736914518	0.399	9.999999999999992E-6
0.044273264861500156	-0.11851851851851854	0	0	0	0	0	0	26.475019150450894	0.399	1.0E-5
0.05905695611577965	-0.13333333333333333	0	0	0	0	0	0	19.65117935250815	0.399	1.0E-5
0.07385361552028219	-0.14814814814814814	0	0	0	0	0	0	8.857318039228653	0.399	1.0E-5
0.08866324307500775	-0.16296296296296298	0	0	0	0	0	0	2.361166212793599	0.399	1.0000000000000003E-5
0.1034858387799564	-0.17777777777777776	0	0	0	0	0	0	-35.617130622709425	0.39889896287727694	1.0000000000000003E-5
0.11832140263512814	-0.19259259259259257	0	0	0	0	0	0	-110.14925021803401	0.39852118192366437	1.0E-5
0.13316993464052287	-0.20740740740740748	0	0	0	0	0	0	-210.76567807587972	0.39783229306987444	1.0E-5
0.014738302728498808	-0.07407407407407404	0	0	0	0	0	0	48.53672955987234	0.399	1.0E-5
0	-0.07407407407407406	0	0	0	0	0	0	48.79588816135513	0.399	1.0E-5
0.02948957360722066	-0.0888888888888889	0	0	0	0	0	0	39.93250365121676	0.399	1.0E-5
0.044253812636165554	-0.10370370370370374	0	0	0	0	0	0	31.78684708881709	0.399	9.999999999999992E-6
0.05903101981533353	-0.11851851851851852	0	0	0	0	0	0	24.87090714534063	0.399	1.0E-5
0.07382119514472454	-0.13333333333333333	0	0	0	0	0	0	16.01686413866416	0.399	9.999999999999992E-6
0.08862433862433862	-0.14814814814814817	0	0	0	0	0	0	6.103570851215096	0.399	1.000000000000001E-5
0.1034404502541757	-0.16296296296296298	0	0	0	0	0	0	-7.721613952547183	0.39898774105232926	1.0E-5
0.11826953003423592	-0.17777777777777776	0	0	0	0	0	0	-66.14133221538705	0.3987628080022752	1.000000000000001E-5
0.1331115779645191	-0.19259259259259265	0	0	0	0	0	0	-153.643648491068	0.3982433023165692	1.0E-5
0.14796659404502538	-0.20740740740740748	0	0	0	0	0	0	-265.2764954533308	0.39740008594378845	1.0E-5
0.014731818653387279	-0.0592592592592593	0	0	0	0	0	0	57.33174804972711	0.399	9.999999999999992E-6
0	-0.0592592592592593	0	0	0	0	0	0	57.56484641143017	0.399	1.0E-5
0.029476605456997616	-0.07407407407407406	0	0	0	0	0	0	47.90849068865824	0.399	1.000000000000001E-5
0.044234360410830995	-0.0888888888888889	0	0	0	0	0	0	38.81261563193702	0.399	1.0000000000000011E-5
0.059005083514887424	-0.10370370370370376	0	0	0	0	0	0	30.188102621968717	0.399	9.999999999999992E-6
0.0737887747691669	-0.11851851851851854	0	0	0	0	0	0	21.839650845753475	0.399	1.000000000000001E-5
0.08858543417366946	-0.1333333333333333	0	0	0	0	0	0	12.021616714371955	0.399	9.999999999999992E-6
0.10339506172839502	-0.14814814814814814	0	0	0	0	0	0	3.3819493005916397	0.399	1.0E-5
0.1182176574333437	-0.162962962962963	0	0	0	0	0	0	-31.48524713680384	0.3989147647185849	1.0E-5
0.13305322128851543	-0.17777777777777784	0	0	0	0	0	0	-104.91778532019403	0.398552197730071	1.0E-5
0.14790175329391017	-0.19259259259259257	0	0	0	0	0	0	-204.67708869785326	0.3978782857095795	1.0E-5
0.16276325344952797	-0.20740740740740748	0	0	0	0	0	0	-327.26086593986736	0.3968689438512418	1.0E-5
0.014725334578275757	-0.04444444444444448	0	0	0	0	0	0	66.83489860160843	0.399	1.0000000000000003E-5
0	-0.04444444444444447	0	0	0	0	0	0	67.02314528860418	0.399	1.0E-5
0.029463637306774558	-0.0592592592592593	0	0	0	0	0	0	56.7778168671592	0.399	1.000000000000001E-5
0.044214908185496414	-0.07407407407407406	0	0	0	0	0	0	46.847977416885946	0.399	1.000000000000001E-5
0.05897914721444132	-0.0888888888888889	0	0	0	0	0	0	37.114644478327975	0.399	9.999999999999999E-6
0.07375635439360928	-0.10370370370370374	0	0	0	0	0	0	27.61634577425188	0.399	1.0E-5
0.08854652972300031	-0.11851851851851852	0	0	0	0	0	0	17.99817301201254	0.399	1.0000000000000003E-5
0.10334967320261437	-0.13333333333333333	0	0	0	0	0	0	7.228783859597535	0.399	1.0E-5
0.11816578483245152	-0.14814814814814814	0	0	0	0	0	0	-6.641309409990173	0.39899004292046636	9.999999999999992E-6
0.13299486461251167	-0.16296296296296303	0	0	0	0	0	0	-64.20882943072591	0.3987723057008193	9.999999999999999E-6
0.1478369125427949	-0.1777777777777778	0	0	0	0	0	0	-151.69895461382066	0.39825643065487976	9.999999999999999E-6
0.16269192862330115	-0.19259259259259265	0	0	0	0	0	0	-263.5391399576252	0.3974143950653172	9.999999999999992E-6
0.17755991285403044	-0.20740740740740743	0	0	0	0	0	0	-397.06634435937997	0.3962277186977628	1.0E-5
0.014718850503164231	-0.029629629629629624	0	0	0	0	0	0	76.91006641650343	0.399	9.999999999999992E-6
0	-0.02962962962962963	0	0	0	0	0	0	77.0416727381313	0.399	1.0E-5
0.029450669156551514	-0.04444444444444447	0	0	0	0	0	0	66.38768482667942	0.399	1.0000000000000003E-5
0.044195455960161834	-0.0592592592592593	0	0	0	0	0	0	55.84004897581225	0.399	1.0E-5
0.05895321091399523	-0.07407407407407406	0	0	0	0	0	0	45.276413105036546	0.399	1.0E-5
0.07372393401805165	-0.0888888888888889	0	0	0	0	0	0	34.74517802480151	0.399	1.0E-5
0.08850762527233111	-0.10370370370370376	0	0	0	0	0	0	24.236570472533817	0.399	9.999999999999984E-6
0.1033042846768337	-0.11851851851851852	0	0	0	0	0	0	13.58267015861943	0.399	1.0E-5
0.1181139122315593	-0.1333333333333333	0	0	0	0	0	0	4.024955887952271	0.399	9.999999999999992E-6
0.13293650793650796	-0.1481481481481482	0	0	0	0	0	0	-31.631470091668096	0.3989142182403917	1.0E-5
0.14777207179167964	-0.16296296296296298	0	0	0	0	0	0	-105.7571751486059	0.3985472592408812	1.0E-5
0.16262060379707444	-0.17777777777777778	0	0	0	0	0	0	-206.79762865751715	0.3978623227442292	9.99999999999999E-6
0.17748210395269215	-0.19259259259259265	0	0	0	0	0	0	-330.62429660200604	0.39683903920862257	1.0E-5
0.19235657225853303	-0.20740740740740743	0	0	0	0	0	0	-475.05327396673084	0.39546522576721094	9.999999999999999E-6
0.014712366428052702	-0.014814814814814838	0	0	0	0	0	0	87.38549805810783	0.399	1.0E-5
0	-0.014814814814814836	0	0	0	0	0	0	87.45304062625355	0.399	1.0E-5
0.029437701006328462	-0.029629629629629624	0	0	0	0	0	0	76.59832250585661	0.399	1.0000000000000003E-5
0.044176003734827246	-0.044444444444444474	0	0	0	0	0	0	65.63852665568751	0.399	1.0E-5
0.058927274613549116	-0.0592592592592593	0	0	0	0	0	0	54.478048814493675	0.399	1.0000000000000003E-5
0.07369151364249404	-0.07407407407407404	0	0	0	0	0	0	43.14081145455851	0.399	1.0E-5
0.08846872082166199	-0.0888888888888889	0	0	0	0	0	0	31.680613525687075	0.399	9.99999999999999E-6
0.10325889615105298	-0.10370370370370377	0	0	0	0	0	0	20.171444267225095	0.399	1.0E-5
0.11806203963066705	-0.11851851851851852	0	0	0	0	0	0	8.674941613191661	0.399	1.0E-5
0.1328781512605042	-0.13333333333333341	0	0	0	0	0	0	-6.897332952612239	0.39898950939472605	1.0E-5
0.14770723104056438	-0.14814814814814808	0	0	0	0	0	0	-66.418217809162	0.39876143854464613	1.0E-5
0.16254927897084764	-0.16296296296296298	0	0	0	0	0	0	-156.27841430350637	0.3982254177587382	1.0E-5
0.1774042950513538	-0.1777777777777778	0	0	0	0	0	0	-270.6487209160709	0.39735562979479866	1.0000000000000003E-5
0.19227227928208313	-0.19259259259259257	0	0	0	0	0	0	-406.35186824548106	0.396139343221062	1.0E-5
0.2071532316630356	-0.20740740740740748	0	0	0	0	0	0	-561.5625022392115	0.39457071778474256	1.0E-5
0.014705882352941176	0	0	0	0	0	0	0	98.06650000000002	0.399	1.0E-5
0	0	0	0	0	0	0	0	98.06650000000002	0.399	1.0E-5
0.029424732856105404	-0.01481481481481483	0	0	0	0	0	0	87.22550088892214	0.399	1.0E-5
0.04415655150949267	-0.02962962962962963	0	0	0	0	0	0	76.07637831430144	0.399	1.0E-5
0.05890133831310303	-0.044444444444444474	0	0	0	0	0	0	64.55385646571592	0.399	9.99999999999999E-6
0.0736590932669364	-0.0592592592592593	0	0	0	0	0	0	52.64216267103917	0.399	1.0000000000000011E-5
0.08842981637099283	-0.07407407407407406	0	0	0	0	0	0	40.39398913251388	0.399	1.000000000000001E-5
0.10321350762527232	-0.0888888888888889	0	0	0	0	0	0	27.943508149821714	0.399	1.0E-5
0.11801016702977485	-0.10370370370370376	0	0	0	0	0	0	15.623650978877084	0.399	9.999999999999999E-6
0.13281979458450047	-0.11851851851851858	0	0	0	0	0	0	4.678510596002771	0.399	1.0E-5
0.1476423902894491	-0.13333333333333333	0	0	0	0	0	0	-33.844709180383546	0.39890583136044544	1.0E-5
0.16247795414462082	-0.14814814814814814	0	0	0	0	0	0	-111.44529322446537	0.39851341185352335	9.999999999999992E-6
0.1773264861500155	-0.162962962962963	0	0	0	0	0	0	-216.27147005832447	0.3977902870099676	1.0E-5
0.19218798630563327	-0.17777777777777776	0	0	0	0	0	0	-343.7317341578401	0.3967215023330434	1.0E-5
0.2070624546114742	-0.1925925925925926	0	0	0	0	0	0	-491.12038468719	0.3953027345165228	1.0E-5
0.22194989106753815	-0.20740740740740748	0	0	0	0	0	0	-656.8876094308828	0.3935344298908281	1.0E-5
0.029411764705882353	0	0	0	0	0	0	0	98.06650000000002	0.399	1.0E-5
0.0441370992841581	-0.014814814814814836	0	0	0	0	0	0	86.95785308823548	0.399	1.0E-5
0.058875402012656924	-0.02962962962962963	0	0	0	0	0	0	75.32162043474307	0.399	1.0E-5
0.07362667289137877	-0.04444444444444446	0	0	0	0	0	0	63.09274525295037	0.399	1.0000000000000003E-5
0.08839091192032367	-0.0592592592592593	0	0	0	0	0	0	50.2744109676777	0.399	1.0E-5
0.10316811909949163	-0.07407407407407406	0	0	0	0	0	0	36.9758141515376	0.399	1.0000000000000003E-5
0.11795829442888264	-0.0888888888888889	0	0	0	0	0	0	23.45165129653724	0.399	1.0000000000000003E-5
0.1327614379084967	-0.10370370370370376	0	0	0	0	0	0	10.028078833368772	0.399	1.0E-5
0.1475775495383338	-0.11851851851851852	0	0	0	0	0	0	-8.080056999537044	0.39898694893544273	1.0E-5
0.16240662931839406	-0.13333333333333333	0	0	0	0	0	0	-71.96114103818401	0.39873357882076843	1.0E-5
0.17724867724867724	-0.1481481481481482	0	0	0	0	0	0	-166.79849289557112	0.39815291246127227	1.0E-5
0.19210369332918348	-0.16296296296296298	0	0	0	0	0	0	-286.2287030111903	0.3972249472722515	1.0E-5
0.2069716775599128	-0.17777777777777776	0	0	0	0	0	0	-426.50364395263193	0.3959452320782494	1.0E-5
0.22185262994086521	-0.19259259259259257	0	0	0	0	0	0	-585.271956134206	0.3943176124367088	1.0E-5
0.23674655047204063	-0.20740740740740748	0	0	0	0	0	0	-761.2521824196757	0.3923481466379503	1.0000000000000003E-5
0.044117647058823525	0	0	0	0	0	0	0	98.06650000000002	0.399	1.000000000000001E-5
0.05884946571221081	-0.014814814814814833	0	0	0	0	0	0	86.57071141262726	0.399	1.0E-5
0.07359425251582115	-0.029629629629629624	0	0	0	0	0	0	74.30365338298756	0.399	9.999999999999999E-6
0.08835200746965449	-0.04444444444444448	0	0	0	0	0	0	61.20038082112779	0.399	1.0E-5
0.10312273057371099	-0.05925925925925932	0	0	0	0	0	0	47.29805376742106	0.399	1.0E-5
0.11790642182799047	-0.07407407407407404	0	0	0	0	0	0	32.80736189558121	0.399	1.0000000000000008E-5
0.13270308123249303	-0.0888888888888889	0	0	0	0	0	0	18.236170079947627	0.399	1.0E-5
0.14751270878721856	-0.10370370370370376	0	0	0	0	0	0	5.054615187673772	0.399	9.999999999999992E-6
0.16233530449216724	-0.11851851851851854	0	0	0	0	0	0	-38.16588200078566	0.398888858047476	1.0000000000000003E-5
0.17717086834733892	-0.13333333333333341	0	0	0	0	0	0	-121.75816455436241	0.3984504032140749	9.999999999999999E-6
0.19201940035273374	-0.14814814814814814	0	0	0	0	0	0	-233.03279643081638	0.39766005089432593	9.999999999999999E-6
0.2068809005083514	-0.162962962962963	0	0	0	0	0	0	-366.67475446131056	0.3965120625664547	1.0E-5
0.2217553688141924	-0.1777777777777778	0	0	0	0	0	0	-519.3620206313882	0.3950129870719317	9.999999999999999E-6
0.23664280527025627	-0.19259259259259257	0	0	0	0	0	0	-689.0633984425367	0.39317406103935465	9.999999999999999E-6
0.2515432098765432	-0.20740740740740748	0	0	0	0	0	0	-874.7924453496386	0.39100574051712494	1.0E-5
0.058823529411764705	0	0	0	0	0	0	0	98.06650000000002	0.399	1.0E-5
0.07356183214026352	-0.01481481481481483	0	0	0	0	0	0	86.04790875873728	0.399	1.0E-5
0.08831310301898534	-0.029629629629629617	0	0	0	0	0	0	72.97999725586274	0.399	9.999999999999992E-6
0.10307734204793027	-0.04444444444444448	0	0	0	0	0	0	58.79914257528649	0.399	9.999999999999992E-6
0.11785454922709823	-0.0592592592592593	0	0	0	0	0	0	43.594640122188366	0.399	1.0000000000000003E-5
0.13264472455648924	-0.07407407407407407	0	0	0	0	0	0	27.69633305819749	0.399	1.0E-5
0.1474478680361033	-0.0888888888888889	0	0	0	0	0	0	11.570592322854244	0.399	1.0E-5
0.16226397966594044	-0.10370370370370376	0	0	0	0	0	0	-10.210442014840039	0.3989819746821568	1.0E-5
0.17709305944600062	-0.11851851851851852	0	0	0	0	0	0	-80.88232756155902	0.3986870364646644	1.0E-5
0.19193510737628386	-0.13333333333333333	0	0	0	0	0	0	-183.4819181987173	0.39803447923364915	9.999999999999992E-6
0.20679012345679004	-0.14814814814814814	0	0	0	0	0	0	-310.72441385595073	0.39701441066536086	1.0E-5
0.22165810768751948	-0.16296296296296298	0	0	0	0	0	0	-458.07271351108136	0.3956350293430372	1.0000000000000003E-5
0.23653906006847183	-0.17777777777777776	0	0	0	0	0	0	-622.6021079666353	0.3939127518013319	1.0E-5
0.2514329805996472	-0.19259259259259257	0	0	0	0	0	0	-802.6428765109678	0.3918645555733808	1.0E-5
0.2664455500276396	-0.20740740740740748	0	0	0	0	0	0	-998.4562865208923	0.38949231242539795	1.0E-5
0.07352941176470588	0	0	0	0	0	0	0	98.06650000000002	0.399	1.0E-5
0.0882741985683162	-0.014814814814814833	0	0	0	0	0	0	85.36634652118255	0.399	1.0E-5
0.10303195352214958	-0.029629629629629617	0	0	0	0	0	0	71.28955051647469	0.399	1.0E-5
0.11780267662620605	-0.04444444444444448	0	0	0	0	0	0	55.77663950305252	0.399	9.999999999999992E-6
0.13258636788048556	-0.05925925925925932	0	0	0	0	0	0	39.004397855107925	0.399	9.999999999999992E-6
0.1473830272849881	-0.07407407407407406	0	0	0	0	0	0	21.583448949264696	0.399	1.0000000000000003E-5
0.16219265483971368	-0.08888888888888889	0	0	0	0	0	0	5.378644816036066	0.399	9.999999999999992E-6
0.17701525054466222	-0.10370370370370376	0	0	0	0	0	0	-44.65716101748437	0.39886197813848057	9.999999999999992E-6
0.191850814399834	-0.11851851851851852	0	0	0	0	0	0	-137.12303058215903	0.39835282451206655	1.0E-5
0.20669934640522875	-0.1333333333333333	0	0	0	0	0	0	-257.8553401163509	0.39746097332885216	1.0E-5
0.22156084656084657	-0.14814814814814814	0	0	0	0	0	0	-400.42993789544494	0.3961957846803661	1.0E-5
0.2364353148666874	-0.16296296296296298	0	0	0	0	0	0	-560.7677306066794	0.3945791459609453	9.999999999999999E-6
0.2513227513227512	-0.17777777777777776	0	0	0	0	0	0	-736.3839019001541	0.3926352679635741	1.0E-5
0.2663369659638317	-0.19259259259259257	0	0	0	0	0	0	-927.0229565960426	0.39037250412253366	9.999999999999999E-6
0.28134789017873596	-0.20740740740740748	0	0	0	0	0	0	-1131.3995130512685	0.3878161345321199	1.0E-5
0.08823529411764705	0	0	0	0	0	0	0	98.06650000000002	0.399	1.000000000000001E-5
0.1029865649963689	-0.014814814814814833	0	0	0	0	0	0	84.49236133970008	0.399	1.0E-5
0.11775080402531385	-0.029629629629629624	0	0	0	0	0	0	69.14175938978715	0.399	9.999999999999994E-6
0.1325280112044818	-0.044444444444444474	0	0	0	0	0	0	51.96047275253387	0.399	1.0E-5
0.1473181865338728	-0.0592592592592593	0	0	0	0	0	0	33.22681653070571	0.399	1.0E-5
0.1621213300134869	-0.07407407407407404	0	0	0	0	0	0	13.528374749936557	0.399	9.999999999999992E-6
0.17693744164332398	-0.0888888888888889	0	0	0	0	0	0	-13.27800759411088	0.39897409968895226	1.0E-5
0.19176652142338416	-0.10370370370370371	0	0	0	0	0	0	-93.6848330874428	0.39861683862736164	1.0E-5
0.2066085693536674	-0.11851851851851854	0	0	0	0	0	0	-207.37437590950177	0.39785797083463487	1.0E-5
0.22146358543417372	-0.13333333333333336	0	0	0	0	0	0	-345.5370373690626	0.3967051912624936	1.0E-5
0.23633156966490304	-0.14814814814814814	0	0	0	0	0	0	-502.56341795065686	0.39518595762880304	1.0E-5
0.25121252204585537	-0.16296296296296298	0	0	0	0	0	0	-674.9344613573006	0.3933329220266114	9.999999999999999E-6
0.2662283819000237	-0.17777777777777776	0	0	0	0	0	0	-861.7803787822091	0.39116203818186074	1.0E-5
0.28124095132801596	-0.19259259259259257	0	0	0	0	0	0	-1061.2618400349977	0.3887061881693942	1.0E-5
0.29625023032983233	-0.20740740740740743	0	0	0	0	0	0	-1273.4569140174908	0.38597947278838823	9.999999999999999E-6
0.10294117647058823	0	0	0	0	0	0	0	98.06650000000002	0.399	1.0000000000000003E-5
0.11769893142442162	-0.01481481481481483	0	0	0	0	0	0	83.37609902302397	0.399	9.999999999999992E-6
0.13246965452847806	-0.02962962962962963	0	0	0	0	0	0	66.40232802644671	0.399	9.999999999999999E-6
0.14725334578275753	-0.044444444444444474	0	0	0	0	0	0	47.113228798705656	0.399	9.999999999999999E-6
0.16205000518726007	-0.0592592592592593	0	0	0	0	0	0	26.092178558540397	0.399	1.0000000000000003E-5
0.17685963274198566	-0.07407407407407408	0	0	0	0	0	0	5.715042742235204	0.399	1.0E-5
0.19168222844693433	-0.0888888888888889	0	0	0	0	0	0	-53.73683910863434	0.39882185558016264	1.0E-5
0.20651779230210596	-0.10370370370370374	0	0	0	0	0	0	-158.75565420129826	0.3982085010360815	9.999999999999992E-6
0.22136632430750078	-0.11851851851851854	0	0	0	0	0	0	-292.55251144235365	0.3971711773664378	1.0E-5
0.2362278244631186	-0.1333333333333333	0	0	0	0	0	0	-447.05518347535616	0.3957441144545452	9.999999999999992E-6
0.2511022927689594	-0.1481481481481481	0	0	0	0	0	0	-617.3235830919389	0.39397045615916243	1.0E-5
0.26611979783621575	-0.16296296296296298	0	0	0	0	0	0	-801.7021114025084	0.3918756235495555	1.0000000000000003E-5
0.281134012477296	-0.17777777777777776	0	0	0	0	0	0	-997.7338406365321	0.3895012909593735	1.0E-5
0.29614493669220043	-0.19259259259259257	0	0	0	0	0	0	-1205.1315706395385	0.38686808725543986	1.0E-5
0.31115257048092865	-0.20740740740740743	0	0	0	0	0	0	-1424.3752496295785	0.38398751469056586	1.0E-5
0.11764705882352941	0	0	0	0	0	0	0	98.06650000000002	0.399	1.000000000000001E-5
0.13241129785247435	-0.01481481481481484	0	0	0	0	0	0	81.94176666617045	0.399	1.0E-5
0.1471885050316423	-0.029629629629629617	0	0	0	0	0	0	62.86071541997883	0.399	1.0E-5
0.1619786803610333	-0.044444444444444474	0	0	0	0	0	0	40.79995932021344	0.399	1.0E-5
0.17678182384064733	-0.05925925925925933	0	0	0	0	0	0	16.329168791060525	0.399	9.999999999999992E-6
0.19159793547048448	-0.07407407407407406	0	0	0	0	0	0	-17.41592055361912	0.39896234194152325	1.0E-5
0.20642701525054463	-0.08888888888888889	0	0	0	0	0	0	-111.58654638197157	0.39851256296741444	9.999999999999992E-6
0.2212690631808279	-0.10370370370370376	0	0	0	0	0	0	-240.66261549602993	0.397599628555257	9.999999999999994E-6
0.2361240792613341	-0.11851851851851854	0	0	0	0	0	0	-393.33143572447403	0.39626307164736224	1.0000000000000003E-5
0.25099206349206343	-0.1333333333333333	0	0	0	0	0	0	-562.6494859956748	0.39455918485209596	1.0E-5
0.2660112137724079	-0.1481481481481481	0	0	0	0	0	0	-745.8917356618508	0.39252580669920684	1.0E-5
0.2810270736265761	-0.16296296296296298	0	0	0	0	0	0	-939.872486992992	0.3902153382415656	1.0000000000000003E-5
0.2960396430545685	-0.17777777777777778	0	0	0	0	0	0	-1143.9279678369521	0.3876558986861533	9.999999999999992E-6
0.3110489220563848	-0.19259259259259257	0	0	0	0	0	0	-1358.2985955538281	0.3848641660518868	1.0E-5
0.3260549106320251	-0.20740740740740748	0	0	0	0	0	0	-1583.830433433607	0.3818480696528459	1.0000000000000003E-5
0.1323529411764706	0	0	0	0	0	0	0	98.06650000000002	0.399	1.0E-5
0.14712366428052703	-0.014814814814814833	0	0	0	0	0	0	80.07378370483258	0.399	1.0E-5
0.1619073555348065	-0.029629629629629624	0	0	0	0	0	0	58.21198681472536	0.399	1.0E-5
0.17670401493930898	-0.04444444444444448	0	0	0	0	0	0	32.67190231006989	0.399	9.999999999999992E-6
0.1915136424940346	-0.05925925925925929	0	0	0	0	0	0	6.30534414157893	0.399	1.0E-5
0.20633623819898325	-0.07407407407407406	0	0	0	0	0	0	-66.36066575049713	0.39876172337040827	1.0000000000000011E-5
0.221171802054155	-0.08888888888888889	0	0	0	0	0	0	-189.1219479796208	0.397993525186889	9.999999999999992E-6
0.2360203340595497	-0.10370370370370376	0	0	0	0	0	0	-340.46143870259186	0.3967509747421805	9.999999999999992E-6
0.2508818342151675	-0.11851851851851852	0	0	0	0	0	0	-510.0397068959563	0.3951091999216401	1.0E-5
0.2659026297085998	-0.13333333333333336	0	0	0	0	0	0	-693.5506326949668	0.39312341002675566	1.0E-5
0.2809201347758562	-0.1481481481481481	0	0	0	0	0	0	-886.8949165641993	0.3908598353252669	9.999999999999992E-6
0.2959343494169365	-0.162962962962963	0	0	0	0	0	0	-1089.0053577453832	0.38835558044445645	1.0E-5
0.31094527363184077	-0.1777777777777778	0	0	0	0	0	0	-1299.918396743866	0.3856329538703923	1.0E-5
0.3259529074205691	-0.19259259259259265	0	0	0	0	0	0	-1520.3485382952479	0.382703459872251	9.999999999999999E-6
0.34095725078312145	-0.20740740740740748	0	0	0	0	0	0	-1751.447690293986	0.37957111996764403	1.0E-5
0.14705882352941177	0	0	0	0	0	0	0	98.06650000000002	0.399	1.0E-5
0.16183603070857971	-0.014814814814814833	0	0	0	0	0	0	77.58110545813047	0.399	9.999999999999999E-6
0.1766262060379707	-0.029629629629629645	0	0	0	0	0	0	51.86910917871774	0.399	1.0E-5
0.19142934951758483	-0.04444444444444447	0	0	0	0	0	0	20.923763876039903	0.399	1.0E-5
0.20624546114742198	-0.0592592592592593	0	0	0	0	0	0	-22.91181510593326	0.3989450218432698	1.0E-5
0.2210745409274822	-0.07407407407407406	0	0	0	0	0	0	-137.1176853502583	0.3983528591951759	1.000000000000001E-5
0.23591658885776529	-0.08888888888888888	0	0	0	0	0	0	-287.4232549007106	0.39721482193988783	9.999999999999992E-6
0.2507716049382716	-0.10370370370370371	0	0	0	0	0	0	-458.60346295917867	0.39562975249984916	1.0E-5
0.26579404564479187	-0.11851851851851852	0	0	0	0	0	0	-643.951958313544	0.3936778729893913	1.0E-5
0.2808131959251362	-0.13333333333333333	0	0	0	0	0	0	-838.16043616979	0.3914441973615841	1.0E-5
0.2958290557793046	-0.14814814814814814	0	0	0	0	0	0	-1039.7177058149455	0.38897706735311294	9.999999999999999E-6
0.31084162520729675	-0.16296296296296298	0	0	0	0	0	0	-1248.5033925768269	0.38630506199809084	1.0E-5
0.3258509042091131	-0.17777777777777776	0	0	0	0	0	0	-1465.168817815678	0.3834431787380053	1.0E-5
0.34085689278475345	-0.1925925925925926	0	0	0	0	0	0	-1690.8143308605995	0.3803974689714195	1.0E-5
0.3558595909342177	-0.20740740740740743	0	0	0	0	0	0	-1926.822203859641	0.37716828443916284	9.999999999999999E-6
0.16176470588235295	0	0	0	0	0	0	0	98.06650000000002	0.399	1.0E-5
0.1765483971366324	-0.014814814814814838	0	0	0	0	0	0	74.169637121564	0.399	1.0E-5
0.19134505654113498	-0.029629629629629624	0	0	0	0	0	0	43.217566282346034	0.399	1.0E-5
0.20615468409586055	-0.044444444444444474	0	0	0	0	0	0	7.822800170986589	0.399	1.0E-5
0.2209772798008092	-0.0592592592592593	0	0	0	0	0	0	-84.66130639589413	0.3986667197578871	1.0000000000000003E-5
0.23581284365598093	-0.07407407407407406	0	0	0	0	0	0	-233.0718768314455	0.39765974319029185	1.0000000000000008E-5
0.2506613756613757	-0.0888888888888889	0	0	0	0	0	0	-407.37089737748215	0.3961296030241704	1.0E-5
0.26568546158098394	-0.10370370370370376	0	0	0	0	0	0	-596.4192961882623	0.3941975121715329	9.999999999999992E-6
0.2807062570744162	-0.11851851851851852	0	0	0	0	0	0	-793.1680100882182	0.391975866342321	1.0E-5
0.2957237621416726	-0.13333333333333333	0	0	0	0	0	0	-995.6111968294025	0.3895276623689096	1.0E-5
0.3107379767827529	-0.14814814814814814	0	0	0	0	0	0	-1203.5496745488922	0.38688855048642695	9.999999999999999E-6
0.32574890099765713	-0.16296296296296298	0	0	0	0	0	0	-1417.6657005380794	0.38407682503039886	1.0E-5
0.34075653478638557	-0.17777777777777778	0	0	0	0	0	0	-1639.090596641178	0.38110008878499535	9.999999999999994E-6
0.35576087814893786	-0.19259259259259257	0	0	0	0	0	0	-1869.2039623150279	0.3779594550312267	1.0E-5
0.37076193108531413	-0.20740740740740748	0	0	0	0	0	0	-2109.538126669734	0.37465225901468213	9.999999999999999E-6
0.1764705882352941	0	0	0	0	0	0	0	98.06650000000002	0.399	1.0E-5
0.19126076356468513	-0.014814814814814836	0	0	0	0	0	0	69.2053847403636	0.399	1.0E-5
0.20606390704429917	-0.029629629629629624	0	0	0	0	0	0	29.565535578441423	0.399	1.0E-5
0.22088001867413637	-0.04444444444444447	0	0	0	0	0	0	-30.51396861040956	0.3989183701675226	9.999999999999999E-6
0.23570909845419646	-0.0592592592592593	0	0	0	0	0	0	-175.78213305504548	0.39808965099268184	1.0E-5
0.25055114638447973	-0.07407407407407407	0	0	0	0	0	0	-355.17021957781975	0.39661766240320684	1.0E-5
0.26557687751717607	-0.0888888888888889	0	0	0	0	0	0	-550.3075854733014	0.3946897238208685	1.0000000000000003E-5
0.2805993182236962	-0.10370370370370376	0	0	0	0	0	0	-751.5752464364875	0.3924601877804254	9.999999999999992E-6
0.2956184685040406	-0.11851851851851854	0	0	0	0	0	0	-956.445826495221	0.3900118547317861	1.0000000000000008E-5
0.310634328358209	-0.1333333333333333	0	0	0	0	0	0	-1164.7906606314266	0.38738827606395226	1.0E-5
0.3256468977862012	-0.1481481481481482	0	0	0	0	0	0	-1377.4666125235606	0.38461053938487777	1.0E-5
0.34065617678801763	-0.16296296296296298	0	0	0	0	0	0	-1595.744327090729	0.38168705889097226	1.0000000000000003E-5
0.3556621653636578	-0.17777777777777778	0	0	0	0	0	0	-1821.0801786816724	0.3786190543863701	9.999999999999994E-6
0.3706648635131222	-0.19259259259259257	0	0	0	0	0	0	-2055.0248647468316	0.3754037317602974	1.0E-5
0.38566427123641067	-0.20740740740740748	0	0	0	0	0	0	-2299.1844676998708	0.3720362893267728	1.0E-5
0.19117647058823528	0	0	0	0	0	0	0	98.06650000000002	0.399	1.0E-5
0.2059731299927378	-0.01481481481481483	0	0	0	0	0	0	61.87878811600083	0.399	9.999999999999999E-6
0.2207827575474634	-0.029629629629629624	0	0	0	0	0	0	12.219839377036035	0.399	1.0000000000000003E-5
0.2356053532524121	-0.044444444444444474	0	0	0	0	0	0	-114.16666791743587	0.3984969872113308	1.0E-5
0.25044091710758376	-0.0592592592592593	0	0	0	0	0	0	-300.4977774436525	0.39710304118357365	1.0E-5
0.2654682934533681	-0.07407407407407404	0	0	0	0	0	0	-504.998097792102	0.39516100093369483	1.0E-5
0.2804923793729764	-0.0888888888888889	0	0	0	0	0	0	-713.2560771718747	0.39289987185083136	9.999999999999999E-6
0.29551317486640877	-0.10370370370370376	0	0	0	0	0	0	-922.2534943395094	0.39043070541292046	9.99999999999999E-6
0.31053067993366495	-0.11851851851851854	0	0	0	0	0	0	-1132.2358790776705	0.38780544895953223	1.000000000000001E-5
0.32554489457474534	-0.13333333333333333	0	0	0	0	0	0	-1344.4688136569043	0.385046796823188	1.0E-5
0.34055581878964963	-0.1481481481481482	0	0	0	0	0	0	-1560.5122447029235	0.3821627809454826	1.0E-5
0.35556345257837796	-0.16296296296296298	0	0	0	0	0	0	-1781.9947895968558	0.37915382892585353	1.0000000000000003E-5
0.3705677959409302	-0.17777777777777776	0	0	0	0	0	0	-2010.5501214084468	0.3760163934504485	1.0E-5
0.38556884887730664	-0.19259259259259257	0	0	0	0	0	0	-2247.8031126038854	0.3727450224321939	1.0000000000000003E-5
0.40056661138750693	-0.2074074074074075	0	0	0	0	0	0	-2495.367094971126	0.3693337137699524	1.0000000000000003E-5
0.20588235294117646	0	0	0	0	0	0	0	98.06650000000002	0.399	1.0E-5
0.2206854964207906	-0.014814814814814833	0	0	0	0	0	0	48.41023430413364	0.399	1.0E-5
0.2355016080506277	-0.02962962962962963	0	0	0	0	0	0	-43.44652151031224	0.3988671109978496	1.000000000000001E-5
0.2503306878306878	-0.044444444444444474	0	0	0	0	0	0	-240.80103797500115	0.3975985259430882	1.0E-5
0.26535970938956016	-0.0592592592592593	0	0	0	0	0	0	-459.8923431048606	0.39561692983522595	1.0E-5
0.2803854405222564	-0.07407407407407404	0	0	0	0	0	0	-678.4368480491027	0.3932936313554698	9.999999999999994E-6
0.2954078812287768	-0.0888888888888889	0	0	0	0	0	0	-893.4598471549092	0.3907804782077617	1.0E-5
0.3104270315091211	-0.10370370370370371	0	0	0	0	0	0	-1106.2520934121967	0.3881366492718847	1.0000000000000003E-5
0.32544289136328935	-0.11851851851851854	0	0	0	0	0	0	-1318.88470888477	0.38538382316752395	1.0E-5
0.3404554607912817	-0.13333333333333333	0	0	0	0	0	0	-1533.417682318444	0.38252772397906903	1.0E-5
0.355464739793098	-0.14814814814814817	0	0	0	0	0	0	-1751.7663899964887	0.3795667695392248	9.999999999999999E-6
0.3704707283687383	-0.162962962962963	0	0	0	0	0	0	-1975.7149667436083	0.3764959108328595	1.0E-5
0.38547342651820266	-0.1777777777777778	0	0	0	0	0	0	-2206.951673516172	0.37330859051898657	1.0E-5
0.400472834241491	-0.19259259259259265	0	0	0	0	0	0	-2447.09678756745	0.369997929618706	1.0000000000000003E-5
0.4154689515386033	-0.20740740740740748	0	0	0	0	0	0	-2697.7167240040553	0.36655759784464204	9.999999999999999E-6
0.22058823529411764	0	0	0	0	0	0	0	98.06650000000002	0.399	1.0000000000000003E-5
0.23539786284884323	-0.014814814814814833	0	0	0	0	0	0	27.118851098783768	0.399	1.0E-5
0.2502204585537919	-0.029629629629629624	0	0	0	0	0	0	-172.3362174297853	0.39811405997065336	1.0E-5
0.2652511253257521	-0.04444444444444447	0	0	0	0	0	0	-414.60265099023155	0.39606024654508454	9.999999999999999E-6
0.2802785016715365	-0.05925925925925929	0	0	0	0	0	0	-648.033205326056	0.393632707117627	1.0E-5
0.2953025875911448	-0.07407407407407404	0	0	0	0	0	0	-871.1308297435172	0.3910497834967397	1.0E-5
0.3103233830845772	-0.0888888888888889	0	0	0	0	0	0	-1087.7128507684627	0.3883719578910418	1.0E-5
0.3253408881518334	-0.10370370370370376	0	0	0	0	0	0	-1301.325656946615	0.38561449042102486	1.0E-5
0.3403551027929138	-0.11851851851851854	0	0	0	0	0	0	-1514.8125537468436	0.38277784036751744	1.000000000000001E-5
0.35536602700781794	-0.13333333333333333	0	0	0	0	0	0	-1730.5022382180944	0.379856882331907	1.0E-5
0.3703736607965462	-0.14814814814814808	0	0	0	0	0	0	-1950.392219843567	0.37684425328310384	9.999999999999999E-6
0.3853780041590986	-0.16296296296296298	0	0	0	0	0	0	-2176.270393049917	0.3737318513484365	1.0E-5
0.40037905709547505	-0.17777777777777776	0	0	0	0	0	0	-2409.788714428227	0.37051169127543654	1.0E-5
0.41537681960567535	-0.19259259259259257	0	0	0	0	0	0	-2652.5037849423084	0.36717653524216115	1.0E-5
0.43037129168969973	-0.20740740740740748	0	0	0	0	0	0	-2905.8932078315406	0.363720465038833	1.0E-5
0.23529411764705882	0	0	0	0	0	0	0	98.06650000000002	0.399	1.0E-5
0.25011022927689597	-0.014814814814814833	0	0	0	0	0	0	-84.19401373556867	0.39866925080629007	1.0E-5
0.26514254126194425	-0.029629629629629624	0	0	0	0	0	0	-369.41534193067355	0.39648673845912413	9.999999999999992E-6
0.28017156282081646	-0.044444444444444474	0	0	0	0	0	0	-624.5100511158313	0.39389185815154903	9.999999999999999E-6
0.2951972939535129	-0.0592592592592593	0	0	0	0	0	0	-857.4794487711337	0.39121356718019695	1.0000000000000003E-5
0.31021973466003316	-0.07407407407407404	0	0	0	0	0	0	-1078.2636743840674	0.3884915612828726	1.0E-5
0.32523888494037745	-0.0888888888888889	0	0	0	0	0	0	-1292.9399225039408	0.38572446068244454	9.999999999999999E-6
0.3402547447945458	-0.10370370370370371	0	0	0	0	0	0	-1505.4480487217318	0.3829035775891167	1.0E-5
0.35526731422253804	-0.11851851851851852	0	0	0	0	0	0	-1718.6305625083455	0.38001871023983996	1.0E-5
0.37027659322435436	-0.13333333333333333	0	0	0	0	0	0	-1934.7341818821683	0.37705953656859037	1.0E-5
0.38528258179999464	-0.14814814814814814	0	0	0	0	0	0	-2155.661953352901	0.37401613201807526	1.0000000000000003E-5
0.40028527994945906	-0.162962962962963	0	0	0	0	0	0	-2383.106991577014	0.3708792985081839	1.0000000000000003E-5
0.4152846876727474	-0.17777777777777776	0	0	0	0	0	0	-2618.6241584026093	0.367640880977537	1.0E-5
0.4302808049698597	-0.19259259259259257	0	0	0	0	0	0	-2863.664890789876	0.36429412813489387	1.0E-5
0.44527363184079594	-0.20740740740740748	0	0	0	0	0	0	-3119.586679250431	0.3608341185284168	1.0E-5
0.25	0	0	0	0	0	0	0	98.06650000000002	0.399	1.0E-5
0.2650339571981363	-0.014814814814814833	0	0	0	0	0	0	-325.9422462112548	0.396880638927879	1.0E-5
0.2800646239700966	-0.029629629629629624	0	0	0	0	0	0	-614.3007903139304	0.3940034344475954	1.0E-5
0.2950920003158809	-0.044444444444444474	0	0	0	0	0	0	-856.9391848152334	0.39122003532235144	9.999999999999992E-6
0.31011608623548925	-0.05925925925925929	0	0	0	0	0	0	-1080.7796357237141	0.38845973744214357	1.0E-5
0.3251368817289215	-0.07407407407407404	0	0	0	0	0	0	-1295.6235960065806	0.3856892806345109	1.0E-5
0.3401543867961778	-0.08888888888888889	0	0	0	0	0	0	-1506.5779641073884	0.3828884117719748	1.0E-5
0.35516860143725815	-0.10370370370370376	0	0	0	0	0	0	-1716.9508056218463	0.3800415993350527	9.999999999999992E-6
0.3701795256521624	-0.11851851851851852	0	0	0	0	0	0	-1929.1929521558393	0.37713570167630495	9.999999999999999E-6
0.38518715944089077	-0.13333333333333333	0	0	0	0	0	0	-2145.2922743998347	0.37415916489076684	1.0E-5
0.4001915028034432	-0.14814814814814808	0	0	0	0	0	0	-2366.964822254223	0.3711017606674337	1.0000000000000003E-5
0.41519255573981945	-0.162962962962963	0	0	0	0	0	0	-2595.7539338738943	0.3679545865010952	1.0E-5
0.43019031825001974	-0.17777777777777776	0	0	0	0	0	0	-2833.0805229050584	0.3647102283913017	1.0E-5
0.44518479033404407	-0.19259259259259265	0	0	0	0	0	0	-3080.2631615329938	0.36136304351466697	1.0E-5
0.4601759719918924	-0.20740740740740748	0	0	0	0	0	0	-3338.5161542654864	0.35790954171567263	1.0E-5
0.26492537313432835	0	0	0	0	0	0	0	-393.5313937815909	0.3962611817841454	1.0E-5
0.27995768511937663	-0.014814814814814838	0	0	0	0	0	0	-641.8280994092987	0.39370134361048376	1.0E-5
0.29498670667824906	-0.029629629629629624	0	0	0	0	0	0	-878.7905085634509	0.3909575969465955	9.99999999999999E-6
0.31001243781094534	-0.04444444444444448	0	0	0	0	0	0	-1100.1135019569551	0.38821465696106844	1.0E-5
0.3250348785174656	-0.0592592592592593	0	0	0	0	0	0	-1312.3098052430153	0.3854702578729811	1.0E-5
0.3400540287978099	-0.07407407407407407	0	0	0	0	0	0	-1520.0908372782878	0.3827069230940361	1.0E-5
0.3550698886519782	-0.08888888888888889	0	0	0	0	0	0	-1726.697973318198	0.37990875111929356	9.999999999999992E-6
0.3700824580799705	-0.10370370370370371	0	0	0	0	0	0	-1934.5500686812613	0.37706206741983656	1.0E-5
0.38509173708178673	-0.11851851851851854	0	0	0	0	0	0	-2145.599434799969	0.3741549282318526	1.000000000000001E-5
0.40009772565742713	-0.13333333333333333	0	0	0	0	0	0	-2361.5189695592235	0.3711768221796705	1.0E-5
0.4151004238068915	-0.1481481481481482	0	0	0	0	0	0	-2583.8028556179515	0.3681185937244687	9.999999999999999E-6
0.43009983153017983	-0.16296296296296298	0	0	0	0	0	0	-2813.8197265540043	0.36497252891274445	1.0E-5
0.44509594882729214	-0.17777777777777776	0	0	0	0	0	0	-3052.836401164083	0.36173256390238145	9.999999999999999E-6
0.4600887756982285	-0.19259259259259257	0	0	0	0	0	0	-3302.020587388969	0.3583945933002177	1.0E-5
0.4750783121429888	-0.20740740740740748	0	0	0	0	0	0	-3562.426145065061	0.35495686323613634	1.0E-5
0.2798507462686567	0	0	0	0	0	0	0	-738.8743986160741	0.392606633438633	1.0E-5
0.294881413040617	-0.014814814814814838	0	0	0	0	0	0	-937.6162717649865	0.3902429727358822	1.0E-5
0.3099087893864013	-0.029629629629629624	0	0	0	0	0	0	-1143.636132692031	0.38765963530229225	9.999999999999992E-6
0.32493287530600967	-0.04444444444444447	0	0	0	0	0	0	-1347.2337950933718	0.3850103082287137	1.0000000000000003E-5
0.3399536707994419	-0.05925925925925929	0	0	0	0	0	0	-1548.6388881829644	0.3823228057333	1.0E-5
0.3549711758666982	-0.07407407407407407	0	0	0	0	0	0	-1749.6077737625744	0.37959623449679875	1.0E-5
0.3699853905077785	-0.0888888888888889	0	0	0	0	0	0	-1951.948631875472	0.3768228493138674	1.0E-5
0.38499631472268303	-0.10370370370370376	0	0	0	0	0	0	-2157.306383578098	0.3739934490571186	9.999999999999992E-6
0.40000394851141124	-0.11851851851851854	0	0	0	0	0	0	-2367.1693540781007	0.37109894164964435	1.0E-5
0.41500829187396354	-0.1333333333333334	0	0	0	0	0	0	-2582.903705502082	0.3681309350410405	1.0E-5
0.4300093448103397	-0.14814814814814814	0	0	0	0	0	0	-2805.779671317336	0.3650820788455587	1.0E-5
0.44500710732054016	-0.162962962962963	0	0	0	0	0	0	-3036.9842288987	0.3619463655430063	9.999999999999999E-6
0.46000157940456454	-0.17777777777777778	0	0	0	0	0	0	-3277.6202934888274	0.3587194581137353	9.999999999999994E-6
0.4749927610624127	-0.19259259259259257	0	0	0	0	0	0	-3528.692832265021	0.3553990658342383	1.0E-5
0.4899806522940853	-0.20740740740740748	0	0	0	0	0	0	-3791.0817089328248	0.3519853722880331	1.0E-5
0.2947761194029851	0	0	0	0	0	0	0	-1049.684936573204	0.38885190070415593	1.0E-5
0.30980514096185735	-0.014814814814814833	0	0	0	0	0	0	-1220.6980317513105	0.3866664470532263	1.0E-5
0.32483087209455375	-0.029629629629629634	0	0	0	0	0	0	-1405.9145178857489	0.3842330890386857	1.0000000000000003E-5
0.339853312801074	-0.04444444444444448	0	0	0	0	0	0	-1595.6814641516387	0.3816879088286432	9.999999999999992E-6
0.35487246308141823	-0.0592592592592593	0	0	0	0	0	0	-1787.9521300918198	0.379072378501417	1.0E-5
0.36988832293558666	-0.07407407407407406	0	0	0	0	0	0	-1982.9146710106631	0.3763968334497123	1.0E-5
0.38490089236357894	-0.0888888888888889	0	0	0	0	0	0	-2181.4306131470807	0.37366066596257586	1.0E-5
0.3999101713653953	-0.10370370370370376	0	0	0	0	0	0	-2384.55950294394	0.37085928307059174	9.999999999999992E-6
0.4149161599410356	-0.11851851851851852	0	0	0	0	0	0	-2593.4050263350427	0.3679868169628899	1.0E-5
0.4299188580904999	-0.13333333333333333	0	0	0	0	0	0	-2809.06076053894	0.36503736824520705	1.0E-5
0.44491826581378824	-0.14814814814814808	0	0	0	0	0	0	-3032.586119407297	0.3620057127159353	1.0E-5
0.4599143831109004	-0.16296296296296295	0	0	0	0	0	0	-3264.988577903687	0.35888781302559525	9.999999999999992E-6
0.4749072099818369	-0.17777777777777778	0	0	0	0	0	0	-3507.2028459845405	0.3556812709307843	9.999999999999994E-6
0.48989674642659714	-0.19259259259259257	0	0	0	0	0	0	-3760.0626081668543	0.3523857760915379	1.0E-5
0.5048829924451815	-0.20740740740740748	0	0	0	0	0	0	-4024.2622203312494	0.3490035717966134	1.0000000000000003E-5
0.30970149253731344	0	0	0	0	0	0	0	-1340.2116293776007	0.3851029531699004	1.0E-5
0.32472886888309777	-0.014814814814814838	0	0	0	0	0	0	-1494.5149927642703	0.3830502421011282	1.0E-5
0.33975295480270595	-0.029629629629629624	0	0	0	0	0	0	-1665.3158539794033	0.3807441266311708	9.999999999999992E-6
0.35477375029613833	-0.04444444444444448	0	0	0	0	0	0	-1844.4954339557771	0.3782982672632789	9.99999999999999E-6
0.36979125536339474	-0.0592592592592593	0	0	0	0	0	0	-2029.3465130612399	0.37575751960898485	1.0E-5
0.38480547000447485	-0.07407407407407406	0	0	0	0	0	0	-2219.2805808079534	0.37313850422815004	1.0E-5
0.3998163942193793	-0.0888888888888889	0	0	0	0	0	0	-2414.572198483587	0.37044580185104514	1.0E-5
0.41482402800810764	-0.10370370370370376	0	0	0	0	0	0	-2615.863467576487	0.3676787382136459	9.999999999999992E-6
0.42982837137065993	-0.11851851851851852	0	0	0	0	0	0	-2823.9547110968147	0.36483448259017415	1.0E-5
0.44482942430703637	-0.1333333333333334	0	0	0	0	0	0	-3039.7064698322456	0.36190963846596846	9.999999999999992E-6
0.4598271868172366	-0.14814814814814814	0	0	0	0	0	0	-3263.9851611468553	0.35890119164926937	1.0E-5
0.4748216589012608	-0.16296296296296298	0	0	0	0	0	0	-3497.624261199959	0.3558071801285741	1.0E-5
0.4898128405591092	-0.1777777777777778	0	0	0	0	0	0	-3741.388150658754	0.3526272472603408	1.0E-5
0.5048007317907814	-0.19259259259259257	0	0	0	0	0	0	-3995.9320195466526	0.3493631510914372	1.0E-5
0.5197853325962777	-0.20740740740740743	0	0	0	0	0	0	-4261.754024664509	0.3460192591359162	1.0E-5
0.3246268656716418	0	0	0	0	0	0	0	-1618.5593183088545	0.3813783335213483	1.0E-5
0.3396525968043381	-0.014814814814814833	0	0	0	0	0	0	-1761.8044144297612	0.3794297098088745	1.0E-5
0.3546750375108583	-0.029629629629629624	0	0	0	0	0	0	-1922.3192089329118	0.37723016610569027	1.0E-5
0.3696941877912028	-0.04444444444444447	0	0	0	0	0	0	-2093.4462298135845	0.37487413675625214	1.0E-5
0.38471004764537114	-0.0592592592592593	0	0	0	0	0	0	-2272.4258466574574	0.37240536463775104	1.0E-5
0.39972261707336354	-0.07407407407407404	0	0	0	0	0	0	-2458.3132690281827	0.36984353320282404	9.999999999999992E-6
0.4147318960751797	-0.08888888888888889	0	0	0	0	0	0	-2651.031461424205	0.36719670494571943	1.0E-5
0.42973788465081997	-0.10370370370370371	0	0	0	0	0	0	-2850.9319846882822	0.36446729748100265	9.999999999999992E-6
0.4447405828002843	-0.11851851851851852	0	0	0	0	0	0	-3058.579830173542	0.3616551415996183	1.0E-5
0.4597399905235725	-0.13333333333333333	0	0	0	0	0	0	-3274.6381231971272	0.3587591935248202	1.0E-5
0.47473610782068487	-0.1481481481481482	0	0	0	0	0	0	-3499.7972037288014	0.3557786104195924	1.0E-5
0.4897289346916212	-0.16296296296296298	0	0	0	0	0	0	-3734.7219856011347	0.3527135198287205	1.0E-5
0.5047184711363817	-0.17777777777777776	0	0	0	0	0	0	-3980.004438625375	0.3495656417588905	1.0E-5
0.5197047171549658	-0.19259259259259257	0	0	0	0	0	0	-4236.1140298884075	0.3463388389241263	1.0E-5
0.5346876727473742	-0.20740740740740748	0	0	0	0	0	0	-4503.342028129754	0.3430396263354692	1.0E-5
0.33955223880597013	0	0	0	0	0	0	0	-1888.8521191170532	0.377689823514785	1.0E-5
0.3545763247255784	-0.014814814814814833	0	0	0	0	0	0	-2024.4969846504678	0.37582431817533435	1.0E-5
0.3695971202190107	-0.029629629629629617	0	0	0	0	0	0	-2177.573660166598	0.37371387284503155	9.999999999999992E-6
0.3846146252862671	-0.04444444444444447	0	0	0	0	0	0	-2342.6283790853463	0.3714372313287127	1.0E-5
0.3996288399273473	-0.05925925925925929	0	0	0	0	0	0	-2517.076030892831	0.36903520133904016	1.0E-5
0.41463976414225173	-0.07407407407407407	0	0	0	0	0	0	-2699.8356042273635	0.36652861342171345	1.0E-5
0.42964739793098006	-0.0888888888888889	0	0	0	0	0	0	-2890.625438755114	0.36392775802826666	1.0000000000000003E-5
0.44465174129353235	-0.10370370370370376	0	0	0	0	0	0	-3089.595668377394	0.3612374210024971	1.0E-5
0.4596527942299087	-0.11851851851851852	0	0	0	0	0	0	-3297.127626343733	0.35845970181130427	1.0E-5
0.47465055674010903	-0.1333333333333333	0	0	0	0	0	0	-3513.715299842063	0.3555957091424521	9.999999999999999E-6
0.4896450288241332	-0.14814814814814814	0	0	0	0	0	0	-3739.8863305172194	0.35264668015192935	1.0E-5
0.5046362104819815	-0.162962962962963	0	0	0	0	0	0	-3976.1405711801153	0.3496147997108851	9.999999999999999E-6
0.519624101713654	-0.17777777777777776	0	0	0	0	0	0	-4222.894262239749	0.3465038604774392	1.0E-5
0.5346087025191502	-0.19259259259259257	0	0	0	0	0	0	-4480.423067041537	0.3433198329937109	1.0E-5
0.5495900128984705	-0.20740740740740748	0	0	0	0	0	0	-4748.800204365888	0.3400713736000756	9.999999999999999E-6
0.3544776119402985	0	0	0	0	0	0	0	-2153.6729033535153	0.3740435683491424	1.0E-5
0.36950005264681884	-0.014814814814814833	0	0	0	0	0	0	-2284.026372746599	0.37224535430459776	1.0E-5
0.38451920292716313	-0.029629629629629624	0	0	0	0	0	0	-2431.7292206217803	0.37020951527062396	9.999999999999992E-6
0.3995350627813315	-0.04444444444444447	0	0	0	0	0	0	-2592.2807517654196	0.36800224437612666	1.0000000000000003E-5
0.4145476322093238	-0.05925925925925931	0	0	0	0	0	0	-2763.341607878568	0.3656608651888168	9.999999999999992E-6
0.42955691121114004	-0.07407407407407407	0	0	0	0	0	0	-2943.8072364335867	0.3632062865383439	1.0E-5
0.44456289978678043	-0.0888888888888889	0	0	0	0	0	0	-3133.280416141959	0.36065017755886264	1.0000000000000003E-5
0.45956559793624474	-0.10370370370370376	0	0	0	0	0	0	-3331.7695158546394	0.3579991318814857	9.999999999999992E-6
0.4745650056595331	-0.11851851851851852	0	0	0	0	0	0	-3539.5088483811674	0.35525717674272367	1.0E-5
0.48956112295664533	-0.1333333333333334	0	0	0	0	0	0	-3756.8435543173487	0.35242737803024543	1.0E-5
0.5045539498275817	-0.14814814814814814	0	0	0	0	0	0	-3984.147402169504	0.3495129485321006	1.0000000000000003E-5
0.519543486272342	-0.16296296296296298	0	0	0	0	0	0	-4221.7558327782	0.3465180793307643	1.0E-5
0.5345297322909263	-0.17777777777777778	0	0	0	0	0	0	-4469.904103766588	0.34344861142432237	9.999999999999999E-6
0.5495126878833345	-0.19259259259259265	0	0	0	0	0	0	-4728.6646935221315	0.34031260557642506	9.999999999999999E-6
0.5644923530495669	-0.20740740740740748	0	0	0	0	0	0	-4997.8809576483	0.3371208314332786	1.0E-5
0.3694029850746269	0	0	0	0	0	0	0	-2414.7832189652677	0.3704428952895591	1.0E-5
0.3844237805680592	-0.014814814814814833	0	0	0	0	0	0	-2541.498376595028	0.36869954877900135	1.0E-5
0.39944128563531556	-0.029629629629629624	0	0	0	0	0	0	-2685.388612260241	0.3667262749253566	1.0E-5
0.4144555002763958	-0.044444444444444474	0	0	0	0	0	0	-2842.7035749914144	0.36457925210400366	9.999999999999992E-6
0.4294664244913001	-0.05925925925925931	0	0	0	0	0	0	-3011.3567983368343	0.36229235157795897	1.000000000000001E-5
0.4444740582800284	-0.07407407407407404	0	0	0	0	0	0	-3190.2749078012253	0.35988600949633764	1.0E-5
0.4594784016425808	-0.0888888888888889	0	0	0	0	0	0	-3378.997171796868	0.3573727307777757	1.0E-5
0.474479454578957	-0.10370370370370376	0	0	0	0	0	0	-3577.4282207002307	0.35476051327578667	9.999999999999994E-6
0.48947721708915726	-0.11851851851851852	0	0	0	0	0	0	-3785.6794573851666	0.3520550439545923	9.999999999999999E-6
0.5044716891731816	-0.13333333333333336	0	0	0	0	0	0	-4003.959978031754	0.34926118013804996	1.0E-5
0.51946287083103	-0.14814814814814814	0	0	0	0	0	0	-4232.493754806657	0.3463840137779682	1.0E-5
0.5344507620627025	-0.162962962962963	0	0	0	0	0	0	-4471.449253028894	0.34342968808243096	1.0E-5
0.5494353628681987	-0.17777777777777778	0	0	0	0	0	0	-4720.8732521267675	0.34040605904275345	9.999999999999992E-6
0.5644166732475189	-0.19259259259259265	0	0	0	0	0	0	-4980.624219094223	0.3373232465730976	1.0E-5
0.5793946932006632	-0.20740740740740748	0	0	0	0	0	0	-5250.303275863342	0.3341940876426555	1.0E-5
0.3843283582089552	0	0	0	0	0	0	0	-2673.4725525556846	0.36688937705790303	1.0E-5
0.39934750848929956	-0.014814814814814833	0	0	0	0	0	0	-2797.797573158843	0.36519087213258644	1.0E-5
0.41436336834346776	-0.029629629629629624	0	0	0	0	0	0	-2939.0988526849815	0.36327009401646926	9.99999999999999E-6
0.42937593777146016	-0.04444444444444447	0	0	0	0	0	0	-3094.219120799174	0.36117520757813515	1.0E-5
0.4443852167732766	-0.0592592592592593	0	0	0	0	0	0	-3261.3060516642927	0.3589369160881644	1.0E-5
0.4593912053489168	-0.07407407407407404	0	0	0	0	0	0	-3439.340394663419	0.35657494207085083	1.0E-5
0.4743939034983812	-0.08888888888888889	0	0	0	0	0	0	-3627.826298766971	0.35410230144471283	9.99999999999999E-6
0.4893933112216695	-0.10370370370370371	0	0	0	0	0	0	-3826.587067303857	0.3515281235762409	1.0E-5
0.5043894285187818	-0.11851851851851852	0	0	0	0	0	0	-4035.6252344833088	0.3488595597681516	1.0E-5
0.519382255389718	-0.13333333333333333	0	0	0	0	0	0	-4255.020017472532	0.3461031308140288	1.0000000000000003E-5
0.5343717918344784	-0.14814814814814814	0	0	0	0	0	0	-4484.845103931769	0.3432657288400398	1.0000000000000003E-5
0.5493580378530626	-0.16296296296296298	0	0	0	0	0	0	-4725.096168344266	0.34035540027822825	9.999999999999999E-6
0.5643409934454711	-0.17777777777777776	0	0	0	0	0	0	-4975.621741947083	0.33738197955560856	1.0E-5
0.5793206586117035	-0.19259259259259265	0	0	0	0	0	0	-5236.054122978558	0.33435760445806106	1.0E-5
0.5942970333517597	-0.20740740740740743	0	0	0	0	0	0	-5505.73963711835	0.3312971160306063	1.0E-5
0.39925373134328357	0	0	0	0	0	0	0	-2930.735939446514	0.36338345980722575	1.0E-5
0.4142712364105399	-0.014814814814814833	0	0	0	0	0	0	-3053.654303744528	0.3617215371276143	1.0E-5
0.4292854510516202	-0.029629629629629624	0	0	0	0	0	0	-3193.355098502465	0.35984477680922927	9.999999999999992E-6
0.44429637526652455	-0.04444444444444447	0	0	0	0	0	0	-3347.152734923765	0.3577949061508089	9.999999999999999E-6
0.4593040090552527	-0.05925925925925929	0	0	0	0	0	0	-3513.4007291295043	0.35559984121749744	1.0E-5
0.474308352417805	-0.07407407407407404	0	0	0	0	0	0	-3691.1391469063997	0.3532785337987199	9.999999999999992E-6
0.4893094053541814	-0.08888888888888889	0	0	0	0	0	0	-3879.8500635964683	0.3508443373503936	9.999999999999992E-6
0.5043071678643817	-0.10370370370370376	0	0	0	0	0	0	-4079.286542387203	0.34830734287211623	9.999999999999992E-6
0.5193016399484061	-0.11851851851851854	0	0	0	0	0	0	-4289.348244933047	0.3456760349334401	1.0E-5
0.5342928216062544	-0.1333333333333333	0	0	0	0	0	0	-4509.984907969529	0.3429585077844614	1.0E-5
0.549280712837927	-0.1481481481481481	0	0	0	0	0	0	-4741.115221018386	0.34016339516446825	9.999999999999994E-6
0.5642653136434231	-0.16296296296296298	0	0	0	0	0	0	-4982.553157686178	0.3373006060278445	1.0E-5
0.5792466240227436	-0.17777777777777778	0	0	0	0	0	0	-5233.937142857005	0.3343819152586215	9.999999999999994E-6
0.5942246439758878	-0.19259259259259257	0	0	0	0	0	0	-5494.660182235633	0.33142142697541627	1.0E-5
0.609199373502856	-0.2074074074074075	0	0	0	0	0	0	-5763.8017091668835	0.3284359036362894	1.0E-5
0.41417910447761197	0	0	0	0	0	0	0	-3187.3741392408187	0.3599248465974494	1.0E-5
0.4291949643317803	-0.014814814814814833	0	0	0	0	0	0	-3309.6881642756193	0.35829260093133775	1.0E-5
0.44420753375977257	-0.029629629629629634	0	0	0	0	0	0	-3448.607476580049	0.3564526829631025	1.0E-5
0.4592168127615891	-0.044444444444444474	0	0	0	0	0	0	-3601.8234779047566	0.35444163294983466	9.99999999999999E-6
0.47422280133722916	-0.05925925925925931	0	0	0	0	0	0	-3767.864614910643	0.3522849841494598	1.0000000000000003E-5
0.48922549948669325	-0.07407407407407404	0	0	0	0	0	0	-3945.8252811934553	0.35000096885580256	1.0E-5
0.5042249072099818	-0.0888888888888889	0	0	0	0	0	0	-4135.16829767731	0.3476032086192966	1.0E-5
0.5192210245070943	-0.10370370370370376	0	0	0	0	0	0	-4335.57919048186	0.3451026647772349	1.0000000000000003E-5
0.5342138513780306	-0.11851851851851852	0	0	0	0	0	0	-4546.854243491082	0.3425090778457453	1.0E-5
0.5492033878227908	-0.1333333333333333	0	0	0	0	0	0	-4768.809112490992	0.3398320597612018	1.0E-5
0.5641896338413753	-0.14814814814814814	0	0	0	0	0	0	-5001.198951114905	0.3370819467989998	1.0000000000000003E-5
0.5791725894337836	-0.16296296296296298	0	0	0	0	0	0	-5243.644330726487	0.33427047744593374	1.0000000000000003E-5
0.5941522546000159	-0.1777777777777778	0	0	0	0	0	0	-5495.560019585655	0.33141132631077275	9.999999999999999E-6
0.6091286293400718	-0.19259259259259257	0	0	0	0	0	0	-5756.086277099904	0.3285204991602404	1.0E-5
0.6241017136539525	-0.2074074074074075	0	0	0	0	0	0	-6024.025015630392	0.3256165729472	9.999999999999999E-6
0.42910447761194026	0	0	0	0	0	0	0	-3444.053831223854	0.3565127497547622	1.0E-5
0.44411869225302064	-0.014814814814814833	0	0	0	0	0	0	-3566.43693022897	0.3549043506274618	1.0000000000000003E-5
0.459129616467925	-0.029629629629629624	0	0	0	0	0	0	-3705.267651789623	0.353095185952826	9.999999999999992E-6
0.4741372502566533	-0.044444444444444474	0	0	0	0	0	0	-3858.5391826288565	0.35111761358095284	1.0E-5
0.4891415936192055	-0.0592592592592593	0	0	0	0	0	0	-4024.9241379306723	0.34899517947748004	1.0E-5
0.5041426465555818	-0.07407407407407407	0	0	0	0	0	0	-4203.560163982492	0.34674551113760116	1.0E-5
0.5191404090657822	-0.0888888888888889	0	0	0	0	0	0	-4393.886544583114	0.3443825002349357	1.0E-5
0.5341348811498066	-0.10370370370370371	0	0	0	0	0	0	-4595.517556651001	0.3419179463970854	1.0E-5
0.5491260628076549	-0.11851851851851854	0	0	0	0	0	0	-4808.140235193161	0.33936281213238545	1.0E-5
0.564113954039327	-0.1333333333333333	0	0	0	0	0	0	-5031.427206336925	0.3367282000875005	1.0E-5
0.5790985548448233	-0.1481481481481482	0	0	0	0	0	0	-5264.95816981781	0.33402612614173294	1.0E-5
0.5940798652241439	-0.16296296296296298	0	0	0	0	0	0	-5508.1462537051175	0.33127012996931515	1.0E-5
0.6090578851772881	-0.17777777777777776	0	0	0	0	0	0	-5760.167959461911	0.3284757384843079	1.0000000000000003E-5
0.6240326147042563	-0.19259259259259257	0	0	0	0	0	0	-6019.897978606698	0.32566077574274577	1.0E-5
0.6390040538050489	-0.20740740740740748	0	0	0	0	0	0	-6285.852954371403	0.32284549450859445	1.0E-5
0.44402985074626866	0	0	0	0	0	0	0	-3701.3455732882753	0.35314606574328367	1.0E-5
0.459042420174261	-0.014814814814814833	0	0	0	0	0	0	-3824.376065094858	0.35155656417624553	1.0E-5
0.47405169917607737	-0.029629629629629624	0	0	0	0	0	0	-3963.7140176318144	0.34977299080231133	1.0000000000000003E-5
0.4890576877517173	-0.044444444444444474	0	0	0	0	0	0	-4117.59327476789	0.3478243403256242	9.999999999999994E-6
0.5040603859011821	-0.05925925925925929	0	0	0	0	0	0	-4284.800885041719	0.3457325452269556	1.0E-5
0.5190597936244701	-0.07407407407407407	0	0	0	0	0	0	-4464.50276818787	0.3435147797537096	1.0E-5
0.5340559109215824	-0.0888888888888889	0	0	0	0	0	0	-4656.105171776127	0.3411852570378119	1.0000000000000003E-5
0.5490487377925191	-0.10370370370370376	0	0	0	0	0	0	-4859.1422947308565	0.33875662723655464	1.0E-5
0.5640382742372793	-0.11851851851851852	0	0	0	0	0	0	-5073.181517379439	0.3362410748153724	9.999999999999999E-6
0.5790245202558636	-0.13333333333333336	0	0	0	0	0	0	-5297.739710080388	0.3336511886870638	1.0000000000000003E-5
0.5940074758482718	-0.14814814814814814	0	0	0	0	0	0	-5532.2063341392095	0.3310006525198603	1.0E-5
0.6089871410145041	-0.162962962962963	0	0	0	0	0	0	-5775.771332280189	0.3283047782750319	1.0E-5
0.6239635157545607	-0.17777777777777778	0	0	0	0	0	0	-6027.35819916749	0.3255808846951976	9.99999999999999E-6
0.6389366000684407	-0.19259259259259257	0	0	0	0	0	0	-6285.565239466206	0.3228485038804129	1.0E-5
0.6539063939561451	-0.2074074074074075	0	0	0	0	0	0	-6548.620856208908	0.3201293838383402	1.0E-5
0.458955223880597	0	0	0	0	0	0	0	-3959.7484784689314	0.3498235027947009	1.0E-5
0.47396614809550136	-0.014814814814814833	0	0	0	0	0	0	-4083.9318175500384	0.3482486970281686	1.0E-5
0.4889737818842297	-0.029629629629629624	0	0	0	0	0	0	-4224.295145821785	0.34648636532248456	9.999999999999992E-6
0.5039781252467819	-0.04444444444444448	0	0	0	0	0	0	-4379.26190794314	0.3445628185277579	9.999999999999992E-6
0.5189791781831582	-0.05925925925925931	0	0	0	0	0	0	-4547.70490264393	0.34249872438237616	1.0E-5
0.5339769406933585	-0.07407407407407406	0	0	0	0	0	0	-4728.800552607407	0.34031097656954046	1.0E-5
0.5489714127773828	-0.0888888888888889	0	0	0	0	0	0	-4921.908470816426	0.33801419517022335	1.0E-5
0.5639625944352311	-0.10370370370370371	0	0	0	0	0	0	-5126.469688077093	0.33562192580583705	1.0E-5
0.5789504856669035	-0.11851851851851854	0	0	0	0	0	0	-5341.917624493283	0.33314760026129464	1.000000000000001E-5
0.5939350864723999	-0.1333333333333334	0	0	0	0	0	0	-5567.597447056172	0.3306053049719877	9.999999999999992E-6
0.6089163968517199	-0.14814814814814814	0	0	0	0	0	0	-5802.691370155846	0.3280103842037985	1.0E-5
0.6238944168048646	-0.162962962962963	0	0	0	0	0	0	-6046.149607576226	0.32537988547288604	1.0E-5
0.6388691463318329	-0.17777777777777776	0	0	0	0	0	0	-6296.629101465705	0.322732836874104	9.999999999999999E-6
0.6538405854326251	-0.1925925925925926	0	0	0	0	0	0	-6552.444825777222	0.3200903304481336	1.0E-5
0.6688087341072415	-0.20740740740740743	0	0	0	0	0	0	-6811.54117705093	0.31747537455716757	1.0E-5
0.4738805970149254	0	0	0	0	0	0	0	-4219.706412523298	0.3465436795133435	1.0E-5
0.4888898760167416	-0.014814814814814833	0	0	0	0	0	0	-4345.489680920725	0.3449800236035026	1.0E-5
0.5038958645923821	-0.029629629629629634	0	0	0	0	0	0	-4487.331369178048	0.3432353175744283	1.0E-5
0.5188985627418462	-0.044444444444444474	0	0	0	0	0	0	-4643.800547264212	0.3413337617531007	1.0E-5
0.5338979704651347	-0.0592592592592593	0	0	0	0	0	0	-4813.827782801088	0.33929508381280554	1.0000000000000003E-5
0.5488940877622469	-0.07407407407407404	0	0	0	0	0	0	-4996.579948844197	0.33713608138486756	9.999999999999992E-6
0.5638869146331833	-0.0888888888888889	0	0	0	0	0	0	-5191.3529739157975	0.33487189056259803	9.999999999999999E-6
0.5788764510779436	-0.10370370370370376	0	0	0	0	0	0	-5397.4779534471445	0.3325170207875699	9.999999999999992E-6
0.5938626970965278	-0.11851851851851854	0	0	0	0	0	0	-5614.236688154502	0.33008619394706123	1.0E-5
0.6088456526889363	-0.13333333333333336	0	0	0	0	0	0	-5840.784098109784	0.3275950134250235	1.0E-5
0.6238253178551685	-0.14814814814814814	0	0	0	0	0	0	-6076.076779318741	0.32506047342108785	1.0E-5
0.6388016925952247	-0.16296296296296298	0	0	0	0	0	0	-6318.809142805802	0.3225013028128672	1.0E-5
0.6537747769091051	-0.1777777777777778	0	0	0	0	0	0	-6567.361060724284	0.3199381228191177	1.0E-5
0.6687445707968096	-0.19259259259259257	0	0	0	0	0	0	-6819.763561807274	0.31739338582822907	1.0E-5
0.6837110742583379	-0.20740740740740743	0	0	0	0	0	0	-7073.691423338902	0.3148910572911038	1.0E-5
0.4888059701492537	0	0	0	0	0	0	0	-4481.61838995018	0.34330520616799404	1.0E-5
0.5038136039379821	-0.014814814814814836	0	0	0	0	0	0	-4609.399252313913	0.34174975163990423	1.0E-5
0.5188179473005343	-0.029629629629629624	0	0	0	0	0	0	-4753.114416868266	0.34001974020357817	1.0E-5
0.5338190002369106	-0.04444444444444448	0	0	0	0	0	0	-4911.4394141872435	0.33813775458932166	9.999999999999992E-6
0.5488167627471109	-0.05925925925925931	0	0	0	0	0	0	-5083.334801013216	0.3361228857749519	1.0E-5
0.5638112348311353	-0.07407407407407407	0	0	0	0	0	0	-5267.935739259653	0.33399202605753076	1.0E-5
0.5788024164889836	-0.0888888888888889	0	0	0	0	0	0	-5464.454349413546	0.3317609523958504	1.0E-5
0.5937903077206559	-0.10370370370370376	0	0	0	0	0	0	-5672.091800280402	0.3294452218883664	1.0E-5
0.6087749085261521	-0.11851851851851854	0	0	0	0	0	0	-5889.957827337281	0.3270608987501644	1.000000000000001E-5
0.6237562189054726	-0.1333333333333334	0	0	0	0	0	0	-6116.996766557984	0.3246251222801807	9.999999999999994E-6
0.6387342388586169	-0.14814814814814814	0	0	0	0	0	0	-6351.921067436093	0.32215651231188064	1.0E-5
0.6537089683855852	-0.16296296296296298	0	0	0	0	0	0	-6593.155514988812	0.3196753950194276	1.0E-5
0.6686804074863777	-0.1777777777777778	0	0	0	0	0	0	-6838.7978774378535	0.31720382008992226	1.0E-5
0.683648556160994	-0.19259259259259265	0	0	0	0	0	0	-7086.60402108899	0.3147653333670656	1.0E-5
0.6986134144094343	-0.20740740740740748	0	0	0	0	0	0	-7334.006980204476	0.31238447160239985	1.0E-5
0.5037313432835822	0	0	0	0	0	0	0	-4745.844685498621	0.34010675660397444	1.0E-5
0.5187373318592226	-0.014814814814814838	0	0	0	0	0	0	-4875.976069616601	0.33855712107842273	1.0E-5
0.5337400300086865	-0.029629629629629624	0	0	0	0	0	0	-5021.904993120728	0.3368395352021747	9.999999999999992E-6
0.5487394377319751	-0.044444444444444474	0	0	0	0	0	0	-5182.377333380013	0.33497539590759257	1.0000000000000003E-5
0.5637355550290875	-0.05925925925925929	0	0	0	0	0	0	-5356.355518074139	0.3329834427000761	1.0E-5
0.5787283819000237	-0.07407407407407406	0	0	0	0	0	0	-5542.9187297670205	0.330880855782025	1.0E-5
0.5937179183447839	-0.08888888888888889	0	0	0	0	0	0	-5741.172338841896	0.3286841873082033	9.999999999999992E-6
0.6087041643633682	-0.10370370370370371	0	0	0	0	0	0	-5950.1648203425575	0.3264101338402211	1.0E-5
0.6236871199557767	-0.11851851851851854	0	0	0	0	0	0	-6168.811322344242	0.3240761549364744	1.000000000000001E-5
0.638666785122009	-0.1333333333333333	0	0	0	0	0	0	-6395.824587331073	0.32170093391277116	9.999999999999999E-6
0.6536431598620652	-0.14814814814814814	0	0	0	0	0	0	-6629.655943874991	0.3193046654319991	1.0E-5
0.6686162441759457	-0.16296296296296298	0	0	0	0	0	0	-6868.4514112649385	0.3169091434922235	1.0E-5
0.6835860380636499	-0.17777777777777776	0	0	0	0	0	0	-7110.03025460853	0.3145376158000925	1.0E-5
0.6985525415251782	-0.19259259259259265	0	0	0	0	0	0	-7351.894956532154	0.31221437075855046	1.0E-5
0.7135157545605306	-0.20740740740740748	0	0	0	0	0	0	-7591.281496997122	0.3099640371715368	1.0E-5
0.5186567164179104	0	0	0	0	0	0	0	-5012.709505775879	0.33694713640169643	1.0000000000000003E-5
0.5336610597804625	-0.014814814814814833	0	0	0	0	0	0	-5145.500704142755	0.33540149540416303	1.0E-5
0.5486621127168391	-0.029629629629629617	0	0	0	0	0	0	-5293.928137100077	0.33369472832787056	1.0E-5
0.5636598752270394	-0.04444444444444448	0	0	0	0	0	0	-5456.7735729700335	0.3318474315157808	9.999999999999992E-6
0.5786543473110638	-0.0592592592592593	0	0	0	0	0	0	-5632.972336167286	0.329878262889023	1.0000000000000003E-5
0.593645528968912	-0.07407407407407406	0	0	0	0	0	0	-5821.5212036234825	0.3278048833761716	9.999999999999999E-6
0.6086334202005843	-0.08888888888888889	0	0	0	0	0	0	-6021.393292674838	0.32564475823098543	9.999999999999992E-6
0.6236180210060808	-0.10370370370370376	0	0	0	0	0	0	-6231.459415594657	0.32341581528548263	9.999999999999992E-6
0.638599331385401	-0.11851851851851854	0	0	0	0	0	0	-6450.416543088753	0.3211369530373971	1.0E-5
0.6535773513385454	-0.1333333333333333	0	0	0	0	0	0	-6676.72576106001	0.3188283830219256	1.0E-5
0.6685520808655137	-0.14814814814814814	0	0	0	0	0	0	-6908.56424364656	0.3165117812576058	1.0E-5
0.6835235199663059	-0.162962962962963	0	0	0	0	0	0	-7143.7979907230465	0.31421021598258275	1.0E-5
0.6984916686409222	-0.1777777777777778	0	0	0	0	0	0	-7379.983817752097	0.31194781763191465	9.999999999999999E-6
0.7134565268893627	-0.19259259259259265	0	0	0	0	0	0	-7614.40937656144	0.30974916781553946	1.0E-5
0.728418094711627	-0.20740740740740743	0	0	0	0	0	0	-7844.177598936358	0.30763841274392145	1.0E-5
0.5335820895522387	0	0	0	0	0	0	0	-5282.500652477884	0.3338253514346434	1.0E-5
0.5485847877017033	-0.01481481481481483	0	0	0	0	0	0	-5418.215179853639	0.3322824510299659	1.0E-5
0.5635841954249915	-0.029629629629629624	0	0	0	0	0	0	-5569.366142022545	0.33058557965347385	1.0000000000000003E-5
0.5785803127221039	-0.04444444444444448	0	0	0	0	0	0	-5734.737283283918	0.3287548825216843	9.999999999999992E-6
0.5935731395930401	-0.05925925925925929	0	0	0	0	0	0	-5913.206547716406	0.32680919248462004	1.0E-5
0.6085626760378002	-0.07407407407407406	0	0	0	0	0	0	-6103.65971822536	0.3247668404862465	1.0E-5
0.6235489220563848	-0.08888888888888888	0	0	0	0	0	0	-6304.909982641518	0.3226463398992716	9.999999999999992E-6
0.6385318776487932	-0.10370370370370376	0	0	0	0	0	0	-6515.624180699507	0.320466932177911	1.0E-5
0.6535115428150254	-0.11851851851851854	0	0	0	0	0	0	-6734.257948593422	0.3182489761191969	1.000000000000001E-5
0.6684879175550816	-0.13333333333333336	0	0	0	0	0	0	-6959.003915362051	0.3160141552791308	1.0E-5
0.6834610018689623	-0.1481481481481482	0	0	0	0	0	0	-7187.759232081863	0.31378547109621296	1.0E-5
0.6984307957566664	-0.16296296296296298	0	0	0	0	0	0	-7418.120510184376	0.311586987182772	1.0000000000000003E-5
0.7133972992181947	-0.17777777777777778	0	0	0	0	0	0	-7647.414808421674	0.3094432987788899	9.999999999999992E-6
0.728360512253547	-0.19259259259259265	0	0	0	0	0	0	-7872.773422643768	0.3073787267850589	1.0E-5
0.7433204348627231	-0.20740740740740748	0	0	0	0	0	0	-8091.250162768375	0.3054162782840091	1.0E-5
0.5485074626865671	0	0	0	0	0	0	0	-5555.466339684759	0.3307406799980422	1.0E-5
0.5635085156229434	-0.014814814814814838	0	0	0	0	0	0	-5694.316640566924	0.3291998687985547	1.0E-5
0.5785062781331438	-0.029629629629629634	0	0	0	0	0	0	-5848.3487555574975	0.3275126948790972	1.0000000000000003E-5
0.5935007502171681	-0.04444444444444448	0	0	0	0	0	0	-6016.314142481418	0.32569917384027197	9.999999999999992E-6
0.6084919318750164	-0.05925925925925931	0	0	0	0	0	0	-6197.00146334701	0.3237785572778683	9.999999999999992E-6
0.6234798231066889	-0.07407407407407404	0	0	0	0	0	0	-6389.154908980117	0.321770027793595	1.0E-5
0.638464423912185	-0.0888888888888889	0	0	0	0	0	0	-6591.39856409191	0.3196932709338949	1.0E-5
0.6534457342915054	-0.10370370370370371	0	0	0	0	0	0	-6802.168998475842	0.3175689025304841	1.0E-5
0.6684237542446498	-0.11851851851851854	0	0	0	0	0	0	-7019.660008340973	0.315418724314822	1.0E-5
0.6833984837716182	-0.13333333333333333	0	0	0	0	0	0	-7241.785444729396	0.31326577466618344	1.0E-5
0.6983699228724105	-0.14814814814814814	0	0	0	0	0	0	-7466.167876747097	0.3111341389895359	1.0000000000000003E-5
0.7133380715470268	-0.162962962962963	0	0	0	0	0	0	-7690.161598143148	0.30904849118096966	1.0E-5
0.7283029297954671	-0.17777777777777778	0	0	0	0	0	0	-7910.916996186965	0.30703336052112556	9.999999999999999E-6
0.7432644976177314	-0.19259259259259257	0	0	0	0	0	0	-8125.488735660769	0.3051121584455715	1.0E-5
0.75822277501382	-0.20740740740740748	0	0	0	0	0	0	-8330.98322859433	0.3033060458370227	1.0E-5
0.5634328358208955	0	0	0	0	0	0	0	-5831.809142300242	0.3276927509905758	1.0E-5
0.5784322435441838	-0.014814814814814833	0	0	0	0	0	0	-5973.94807560447	0.32615403062767917	1.0E-5
0.5934283608412962	-0.029629629629629624	0	0	0	0	0	0	-6130.940340583797	0.3244771406847506	1.0E-5
0.6084211877122325	-0.04444444444444446	0	0	0	0	0	0	-6301.469831774486	0.32268226575812914	1.0E-5
0.6234107241569928	-0.05925925925925929	0	0	0	0	0	0	-6484.202283210254	0.32078930621173957	1.0E-5
0.6383969701755772	-0.07407407407407407	0	0	0	0	0	0	-6677.708142482034	0.31881846419376336	9.999999999999999E-6
0.6533799257679856	-0.08888888888888888	0	0	0	0	0	0	-6880.392895085366	0.31679069953835093	9.999999999999994E-6
0.6683595909342179	-0.10370370370370376	0	0	0	0	0	0	-7090.438648188936	0.31472802553183854	1.0E-5
0.6833359656742741	-0.11851851851851852	0	0	0	0	0	0	-7305.762683511313	0.3126536096663008	1.0E-5
0.6983090499881546	-0.13333333333333333	0	0	0	0	0	0	-7524.000491286444	0.31059164226047137	1.0E-5
0.7132788438758588	-0.14814814814814814	0	0	0	0	0	0	-7742.521697754853	0.3085669418085677	1.0E-5
0.7282453473373871	-0.162962962962963	0	0	0	0	0	0	-7958.48611313396	0.3066042869582937	1.0E-5
0.7432085603727394	-0.1777777777777778	0	0	0	0	0	0	-8168.9429642001705	0.3047275032845259	9.999999999999999E-6
0.7581684829819155	-0.19259259259259257	0	0	0	0	0	0	-8370.969772196639	0.30295837837216577	1.0E-5
0.7731251151649162	-0.20740740740740748	0	0	0	0	0	0	-8561.840138694732	0.30131551413323765	1.0E-5
0.5783582089552239	0	0	0	0	0	0	0	-6111.676920142634	0.32468163010253265	1.0E-5
0.5933559714654242	-0.014814814814814833	0	0	0	0	0	0	-6257.185836008941	0.32314572349354564	1.0E-5
0.6083504435494484	-0.029629629629629624	0	0	0	0	0	0	-6417.123656971124	0.3214805662596274	9.999999999999992E-6
0.6233416252072969	-0.04444444444444445	0	0	0	0	0	0	-6590.070014129996	0.31970679000919183	1.0E-5
0.6383295164389692	-0.0592592592592593	0	0	0	0	0	0	-6774.532533327879	0.31784515645502964	1.0E-5
0.6533141172444654	-0.07407407407407407	0	0	0	0	0	0	-6968.875181899962	0.3159170320828324	1.0E-5
0.6682954276237858	-0.0888888888888889	0	0	0	0	0	0	-7171.256963890855	0.3139447159250709	1.0000000000000003E-5
0.68327344757693	-0.10370370370370376	0	0	0	0	0	0	-7379.586548020408	0.31195158289801145	1.0E-5
0.6982481771038985	-0.11851851851851854	0	0	0	0	0	0	-7591.500201005227	0.30996200322380885	1.0000000000000008E-5
0.7132196162046909	-0.13333333333333333	0	0	0	0	0	0	-7804.371398341603	0.30800100391267154	1.0E-5
0.7281877648793071	-0.14814814814814814	0	0	0	0	0	0	-8015.359525028217	0.3060936581236456	1.0E-5
0.7431526231277474	-0.162962962962963	0	0	0	0	0	0	-8221.501223410716	0.3042642252406354	9.999999999999999E-6
0.7581141909500119	-0.17777777777777776	0	0	0	0	0	0	-8419.841642956913	0.3025351092804675	1.0E-5
0.7730724683460998	-0.19259259259259265	0	0	0	0	0	0	-8607.595910840579	0.3009257386310043	1.0E-5
0.7880274553160125	-0.20740740740740748	0	0	0	0	0	0	-8782.32495063931	0.29945148902804714	1.0E-5
0.5932835820895522	0	0	0	0	0	0	0	-6395.1504701282365	0.32170791547688876	1.0E-5
0.6082796993866643	-0.014814814814814833	0	0	0	0	0	0	-6544.023630733156	0.32017635216577833	1.0E-5
0.6232725262576008	-0.029629629629629634	0	0	0	0	0	0	-6706.779951429099	0.3185253319649097	1.0000000000000003E-5
0.6382620627023612	-0.04444444444444446	0	0	0	0	0	0	-6881.856626031493	0.31677619000763174	1.0000000000000008E-5
0.6532483087209455	-0.0592592592592593	0	0	0	0	0	0	-7067.567194136889	0.31495073716233385	1.0000000000000003E-5
0.668231264313354	-0.07407407407407407	0	0	0	0	0	0	-7262.037571877077	0.3130716118965528	1.0E-5
0.6832109294795862	-0.0888888888888889	0	0	0	0	0	0	-7463.157027662744	0.3111624591455788	1.0E-5
0.6981873042196424	-0.10370370370370376	0	0	0	0	0	0	-7668.5514294801915	0.30924789360760785	9.999999999999992E-6
0.7131603885335228	-0.11851851851851854	0	0	0	0	0	0	-7875.587167552219	0.3073532100909258	1.0E-5
0.7281301824212271	-0.1333333333333333	0	0	0	0	0	0	-8081.4133576636395	0.30550382275685295	1.0E-5
0.7430966858827552	-0.14814814814814814	0	0	0	0	0	0	-8283.046291220922	0.3037244515077937	1.0000000000000003E-5
0.7580598989181077	-0.162962962962963	0	0	0	0	0	0	-8477.494014668897	0.3020381183737131	1.0E-5
0.773019821527284	-0.17777777777777776	0	0	0	0	0	0	-8661.912202760665	0.3004650521274788	1.0E-5
0.7879764537102847	-0.19259259259259265	0	0	0	0	0	0	-8833.776513831688	0.29902161796670035	1.0E-5
0.8029297954671089	-0.20740740740740748	0	0	0	0	0	0	-8991.051452115144	0.29771939834229333	1.0E-5
0.6082089552238805	0	0	0	0	0	0	0	-6682.227606830852	0.31877284376132714	1.0E-5
0.623203427307905	-0.014814814814814833	0	0	0	0	0	0	-6834.352700495221	0.3172480611846159	1.0E-5
0.6381946089657532	-0.029629629629629624	0	0	0	0	0	0	-6999.665158557365	0.31561464448733106	1.0E-5
0.6531825001974255	-0.044444444444444474	0	0	0	0	0	0	-7176.420581386859	0.3138948622544715	9.99999999999999E-6
0.668167101002922	-0.0592592592592593	0	0	0	0	0	0	-7362.703188897706	0.31211172504455664	1.0E-5
0.6831484113822421	-0.07407407407407404	0	0	0	0	0	0	-7556.373326379342	0.3102891933778654	1.0E-5
0.6981264313353865	-0.0888888888888889	0	0	0	0	0	0	-7755.0363198267805	0.30845217869504093	1.0E-5
0.7131011608623548	-0.10370370370370371	0	0	0	0	0	0	-7956.041201061418	0.3066262959651686	9.999999999999994E-6
0.7280725999631472	-0.11851851851851854	0	0	0	0	0	0	-8156.517135796472	0.3048373456859287	1.000000000000001E-5
0.7430407486377634	-0.13333333333333336	0	0	0	0	0	0	-8353.45187664915	0.30311053947954447	9.999999999999999E-6
0.7580056068862041	-0.14814814814814808	0	0	0	0	0	0	-8543.810611074488	0.3014695284167832	1.0E-5
0.7729671747084681	-0.162962962962963	0	0	0	0	0	0	-8724.687021647573	0.2999353286997077	1.0E-5
0.7879254521045567	-0.17777777777777776	0	0	0	0	0	0	-8893.472611011126	0.2985252574240479	1.0E-5
0.8028804390744688	-0.19259259259259265	0	0	0	0	0	0	-9048.025249381968	0.2972520004108635	1.0E-5
0.8178321356182053	-0.20740740740740743	0	0	0	0	0	0	-9186.814062264433	0.29612293770689674	1.0E-5
0.6231343283582089	0	0	0	0	0	0	0	-6972.803372952009	0.31587840671298084	1.0E-5
0.6381271552291452	-0.014814814814814833	0	0	0	0	0	0	-7127.937969045254	0.31436386515980635	1.0E-5
0.6531166916739055	-0.029629629629629624	0	0	0	0	0	0	-7295.382291203732	0.3127526953598889	9.999999999999992E-6
0.6681029376924901	-0.04444444444444447	0	0	0	0	0	0	-7473.1715211916	0.311068291987715	1.0E-5
0.6830858932848982	-0.0592592592592593	0	0	0	0	0	0	-7659.128796281992	0.30933495903223884	1.0E-5
0.6980655584511306	-0.07407407407407404	0	0	0	0	0	0	-7850.829831773238	0.30757794320274745	1.0E-5
0.7130419331911869	-0.0888888888888889	0	0	0	0	0	0	-8045.596786991025	0.3058232231256935	1.0E-5
0.728015017505067	-0.10370370370370376	0	0	0	0	0	0	-8240.529499843524	0.3040970275980486	9.999999999999992E-6
0.7429848113927713	-0.11851851851851854	0	0	0	0	0	0	-8432.578746298685	0.3024250933828212	9.999999999999999E-6
0.7579513148542998	-0.1333333333333333	0	0	0	0	0	0	-8618.660264725195	0.3008317189175227	1.0E-5
0.7729145278896524	-0.14814814814814814	0	0	0	0	0	0	-8795.801836518665	0.2993387061641329	1.0E-5
0.7878744504988286	-0.162962962962963	0	0	0	0	0	0	-8961.310148791867	0.29796430024651344	1.0E-5
0.8028310826818292	-0.1777777777777778	0	0	0	0	0	0	-9112.93917254222	0.29672224541120185	9.999999999999999E-6
0.8177844244386532	-0.19259259259259265	0	0	0	0	0	0	-9249.037665212216	0.29562108142376586	1.0E-5
0.8327344757693014	-0.20740740740740743	0	0	0	0	0	0	-9368.65300122874	0.29466379087317657	1.0E-5
0.6380597014925373	0	0	0	0	0	0	0	-7266.64617774103	0.31302747723134183	1.0000000000000003E-5
0.6530508831503856	-0.014814814814814833	0	0	0	0	0	0	-7424.390235973814	0.3115277841289825	1.0E-5
0.6680387743820579	-0.029629629629629624	0	0	0	0	0	0	-7593.3506262641195	0.3099447958558527	1.0E-5
0.6830233751875543	-0.04444444444444447	0	0	0	0	0	0	-7771.306155284838	0.3083031701896965	1.0E-5
0.6980046855668747	-0.0592592592592593	0	0	0	0	0	0	-7955.794948544231	0.306628512985601	1.0E-5
0.7129827055200189	-0.07407407407407407	0	0	0	0	0	0	-8144.103620292664	0.30494719956268107	9.999999999999999E-6
0.7279574350469871	-0.0888888888888889	0	0	0	0	0	0	-8333.293732070873	0.3032859236644928	1.0E-5
0.7429288741477796	-0.10370370370370376	0	0	0	0	0	0	-8520.270546226615	0.30167098081254523	1.0E-5
0.757897022822396	-0.11851851851851852	0	0	0	0	0	0	-8701.893089561952	0.30012734053183504	1.0E-5
0.7728618810708361	-0.1333333333333334	0	0	0	0	0	0	-8875.118122686523	0.2986775985327191	9.999999999999992E-6
0.7878234488931006	-0.14814814814814814	0	0	0	0	0	0	-9037.165225782375	0.2973409165773512	1.0000000000000003E-5
0.802781726289189	-0.16296296296296298	0	0	0	0	0	0	-9185.685343685642	0.29613206591315633	1.0E-5
0.8177367132591014	-0.17777777777777778	0	0	0	0	0	0	-9318.91078333641	0.2950606971834141	9.999999999999992E-6
0.8326884098028373	-0.19259259259259257	0	0	0	0	0	0	-9435.763675838805	0.2941309496142808	1.0E-5
0.8476368159203979	-0.20740740740740743	0	0	0	0	0	0	-9535.905407209875	0.293341466837483	1.0E-5
0.6529850746268656	0	0	0	0	0	0	0	-7563.3699213559885	0.31022394145417814	1.0E-5
0.667974611071626	-0.014814814814814833	0	0	0	0	0	0	-7723.134997779722	0.3087449769330963	1.0E-5
0.6829608570902101	-0.029629629629629624	0	0	0	0	0	0	-7892.773216491572	0.30719749524885465	1.0E-5
0.6979438126826187	-0.04444444444444447	0	0	0	0	0	0	-8069.778199844236	0.3056074703316568	1.0000000000000011E-5
0.7129234778488509	-0.0592592592592593	0	0	0	0	0	0	-8251.393250982404	0.30400169554594525	1.0E-5
0.7278998525889073	-0.07407407407407404	0	0	0	0	0	0	-8434.633252422867	0.302407359213353	1.0E-5
0.7428729369027878	-0.08888888888888888	0	0	0	0	0	0	-8616.349454608287	0.30085134761620724	9.999999999999992E-6
0.7578427307904921	-0.10370370370370376	0	0	0	0	0	0	-8793.336377571039	0.29935932879736615	1.0E-5
0.7728092342520202	-0.11851851851851854	0	0	0	0	0	0	-8962.473559678798	0.2979547084526361	1.0000000000000008E-5
0.7877724472873727	-0.13333333333333336	0	0	0	0	0	0	-9120.88965650851	0.2966575650498449	1.0E-5
0.8027323698965491	-0.14814814814814808	0	0	0	0	0	0	-9266.13166646086	0.2954836783798766	9.999999999999999E-6
0.8176890020795493	-0.162962962962963	0	0	0	0	0	0	-9396.317525169563	0.29444377378948006	1.0E-5
0.8326423438363735	-0.17777777777777778	0	0	0	0	0	0	-9510.248840430082	0.293543097122774	9.999999999999992E-6
0.8475923951670219	-0.19259259259259257	0	0	0	0	0	0	-9607.465548380922	0.29278139254049645	1.0E-5
0.8625391560714945	-0.20740740740740748	0	0	0	0	0	0	-9688.23541610527	0.2921532827554575	1.0E-5
0.667910447761194	0	0	0	0	0	0	0	-7862.402682867686	0.30747282985689706	1.0000000000000003E-5
0.6828983389928662	-0.014814814814814833	0	0	0	0	0	0	-8023.379415426672	0.3060218595525037	1.0E-5
0.6978829397983629	-0.029629629629629624	0	0	0	0	0	0	-8192.605765356007	0.30451866039371717	9.999999999999992E-6
0.7128642501776828	-0.04444444444444448	0	0	0	0	0	0	-8367.27490617285	0.30299045265747987	9.999999999999994E-6
0.7278422701308271	-0.0592592592592593	0	0	0	0	0	0	-8544.347296298507	0.30146494037033145	1.0E-5
0.7428169996577956	-0.07407407407407404	0	0	0	0	0	0	-8720.611847998349	0.29996962930232096	9.999999999999992E-6
0.7577884387585878	-0.08888888888888889	0	0	0	0	0	0	-8892.790372384514	0.29853091564053996	9.999999999999992E-6
0.7727565874332043	-0.10370370370370371	0	0	0	0	0	0	-9057.678006507698	0.29717303834353737	1.0E-5
0.7877214456816447	-0.11851851851851852	0	0	0	0	0	0	-9212.3072113308	0.29591700329193865	1.0E-5
0.8026830135039091	-0.1333333333333333	0	0	0	0	0	0	-9354.118361244922	0.29477959295416606	1.0000000000000003E-5
0.8176412908999974	-0.14814814814814814	0	0	0	0	0	0	-9481.11525525539	0.29377258394480577	1.0E-5
0.8325962778699098	-0.16296296296296298	0	0	0	0	0	0	-9591.981985489147	0.2929022899659575	1.0E-5
0.8475479744136459	-0.17777777777777778	0	0	0	0	0	0	-9686.142249011358	0.2921695065199865	9.99999999999999E-6
0.8624963805312066	-0.19259259259259265	0	0	0	0	0	0	-9763.753242622883	0.29156986120796496	1.0E-5
0.8774414962225909	-0.20740740740740748	0	0	0	0	0	0	-9825.639466768249	0.2910944986619747	1.0E-5
0.8923833214877992	-0.22222222222222215	0	0	0	0	0	0	-9873.18214398122	0.2907309801994137	1.0E-5
0.6828358208955223	0	0	0	0	0	0	0	-8162.953482707932	0.30478043434255336	1.0E-5
0.6978220669141066	-0.014814814814814833	0	0	0	0	0	0	-8324.08048698472	0.3033661861365755	1.0E-5
0.7128050225065152	-0.029629629629629624	0	0	0	0	0	0	-8491.531990346472	0.30191748344514624	1.0E-5
0.7277846876727472	-0.044444444444444474	0	0	0	0	0	0	-8662.207048406714	0.3004625573175577	9.999999999999992E-6
0.7427610624128037	-0.0592592592592593	0	0	0	0	0	0	-8832.824221008801	0.2990295568663427	1.0E-5
0.757734146726684	-0.07407407407407404	0	0	0	0	0	0	-9000.024124134454	0.2976456368252053	1.0E-5
0.7727039406143881	-0.0888888888888889	0	0	0	0	0	0	-9160.50942400876	0.2963358986818876	1.0000000000000003E-5
0.7876704440759167	-0.10370370370370376	0	0	0	0	0	0	-9311.20971017885	0.2951222964591316	9.999999999999999E-6
0.8026336571112692	-0.11851851851851852	0	0	0	0	0	0	-9449.454299773857	0.2940226218613605	1.0E-5
0.8175935797204454	-0.1333333333333334	0	0	0	0	0	0	-9573.131204843101	0.29304969232942724	9.999999999999992E-6
0.8325502119034456	-0.14814814814814814	0	0	0	0	0	0	-9680.808222358924	0.292210862518756	1.0E-5
0.8475035536602702	-0.16296296296296295	0	0	0	0	0	0	-9771.796513552923	0.291507939555193	9.999999999999992E-6
0.8624536049909187	-0.17777777777777778	0	0	0	0	0	0	-9846.148150884133	0.29093750901239557	9.99999999999999E-6
0.8774003658953908	-0.19259259259259265	0	0	0	0	0	0	-9904.592535639891	0.2904916022174633	1.0E-5
0.8923438363736871	-0.20740740740740748	0	0	0	0	0	0	-9948.427220690513	0.29015858527226196	1.0E-5
0.6977611940298508	0	0	0	0	0	0	0	-8463.980182940459	0.30215438910520365	1.0E-5
0.7127457948353471	-0.014814814814814833	0	0	0	0	0	0	-8623.919638724221	0.3007870589796009	1.0E-5
0.7277271052146674	-0.029629629629629624	0	0	0	0	0	0	-8787.952577468517	0.2994043775699405	9.999999999999992E-6
0.7427051251678116	-0.044444444444444474	0	0	0	0	0	0	-8952.719665773924	0.2980351546537742	9.999999999999999E-6
0.7576798546947803	-0.05925925925925932	0	0	0	0	0	0	-9114.771690467323	0.29670733323538634	9.999999999999992E-6
0.7726512937955722	-0.07407407407407404	0	0	0	0	0	0	-9270.709968131707	0.2954469116153055	1.0E-5
0.7876194424701887	-0.08888888888888889	0	0	0	0	0	0	-9417.353155700444	0.2942768222625753	9.999999999999994E-6
0.8025843007186291	-0.10370370370370376	0	0	0	0	0	0	-9551.913291059373	0.29321588515410824	9.999999999999992E-6
0.8175458685408934	-0.11851851851851858	0	0	0	0	0	0	-9672.158983714588	0.2922779615965558	9.999999999999999E-6
0.8325041459369816	-0.13333333333333333	0	0	0	0	0	0	-9776.54105611642	0.29147143295006933	1.0E-5
0.847459132906894	-0.14814814814814814	0	0	0	0	0	0	-9864.260202640124	0.29079908867916077	1.0E-5
0.8624108294506305	-0.162962962962963	0	0	0	0	0	0	-9935.267565559336	0.29025843288767184	1.0E-5
0.8773592355681908	-0.1777777777777778	0	0	0	0	0	0	-9990.202918122899	0.28984233992269953	1.0E-5
0.8923043512595752	-0.19259259259259257	0	0	0	0	0	0	-10030.286057055466	0.28953993817141654	1.0E-5
0.9072461765247836	-0.20740740740740748	0	0	0	0	0	0	-10057.182195772475	0.28933758741906446	1.0E-5
0.7126865671641791	0	0	0	0	0	0	0	-8764.163768972914	0.29960368151073286	9.999999999999999E-6
0.7276695227565873	-0.014814814814814838	0	0	0	0	0	0	-8921.290993534454	0.29829482646384664	1.0E-5
0.7426491879228199	-0.029629629629629624	0	0	0	0	0	0	-9079.995292610853	0.2969907276286072	1.0E-5
0.7576255626628761	-0.04444444444444448	0	0	0	0	0	0	-9236.729017789337	0.295720143622549	9.999999999999994E-6
0.7725986469767563	-0.0592592592592593	0	0	0	0	0	0	-9387.98254021457	0.2945100078327613	1.0E-5
0.7875684408644607	-0.07407407407407404	0	0	0	0	0	0	-9530.454146390666	0.2933842707157139	9.999999999999992E-6
0.8025349443259894	-0.0888888888888889	0	0	0	0	0	0	-9661.2305183547	0.29236281230073147	9.999999999999999E-6
0.8174981573613412	-0.10370370370370376	0	0	0	0	0	0	-9777.955158241672	0.29146055503141244	9.999999999999992E-6
0.8324580799705179	-0.11851851851851852	0	0	0	0	0	0	-9878.959175382979	0.29068690644785866	1.0E-5
0.8474147121535183	-0.13333333333333336	0	0	0	0	0	0	-9963.333063707532	0.2900456206926225	1.0E-5
0.8623680539103424	-0.14814814814814814	0	0	0	0	0	0	-10030.929823419683	0.2895350895737609	1.0000000000000003E-5
0.8773181052409909	-0.162962962962963	0	0	0	0	0	0	-10082.304099579067	0.28914899220851986	9.999999999999999E-6
0.8922648661454635	-0.17777777777777778	0	0	0	0	0	0	-10118.603263963327	0.2888771793823786	9.999999999999992E-6
0.9072083366237593	-0.19259259259259265	0	0	0	0	0	0	-10141.431643541147	0.2887066552661724	9.999999999999999E-6
0.9221485166758798	-0.20740740740740748	0	0	0	0	0	0	-10152.70859150828	0.28862253707344543	1.0000000000000003E-5
0.7276119402985074	0	0	0	0	0	0	0	-9061.896327951992	0.2971385519334545	1.0E-5
0.7425932506778279	-0.014814814814814833	0	0	0	0	0	0	-9214.311054725056	0.2959008352049853	1.0E-5
0.7575712706309718	-0.029629629629629634	0	0	0	0	0	0	-9365.55191306193	0.2946884862151985	1.0E-5
0.7725460001579403	-0.04444444444444448	0	0	0	0	0	0	-9511.988149090883	0.2935294143841155	9.999999999999992E-6
0.7875174392587326	-0.0592592592592593	0	0	0	0	0	0	-9650.186871307846	0.29244863659985476	1.0E-5
0.802485587933349	-0.07407407407407404	0	0	0	0	0	0	-9777.099380279724	0.291467137911909	1.0E-5
0.8174504461817894	-0.0888888888888889	0	0	0	0	0	0	-9890.236106733479	0.2906009344319063	1.0E-5
0.8324120140040538	-0.10370370370370376	0	0	0	0	0	0	-9987.803435483333	0.28986047446410884	1.0E-5
0.8473702914001421	-0.11851851851851852	0	0	0	0	0	0	-10068.77990289875	0.28925047228293355	1.0E-5
0.8623252783700543	-0.1333333333333333	0	0	0	0	0	0	-10132.921551865176	0.2887701865709978	1.0E-5
0.8772769749137906	-0.14814814814814814	0	0	0	0	0	0	-10180.70127302762	0.28841406952610266	1.0E-5
0.8922253810313513	-0.16296296296296298	0	0	0	0	0	0	-10213.198656043316	0.2881726578970791	1.0000000000000003E-5
0.9071704967227358	-0.17777777777777778	0	0	0	0	0	0	-10231.96221566257	0.28803356431550026	9.99999999999999E-6
0.9221123219879437	-0.19259259259259265	0	0	0	0	0	0	-10238.865187808253	0.28798244692107994	1.0E-5
0.9370508568269761	-0.20740740740740748	0	0	0	0	0	0	-10235.971537020523	0.2880038712380907	1.0E-5
0.7425373134328358	0	0	0	0	0	0	0	-9355.290524868335	0.29477024864774215	1.0E-5
0.7575169785990682	-0.014814814814814833	0	0	0	0	0	0	-9500.855597706797	0.2936170263997389	9.999999999999999E-6
0.7724933533391245	-0.029629629629629624	0	0	0	0	0	0	-9642.34451306216	0.2925096309525525	9.999999999999994E-6
0.7874664376530046	-0.04444444444444447	0	0	0	0	0	0	-9776.181052854188	0.2914742024652434	1.0E-5
0.8024362315407092	-0.05925925925925931	0	0	0	0	0	0	-9899.169045985207	0.29053288972760616	9.999999999999992E-6
0.8174027350022376	-0.07407407407407406	0	0	0	0	0	0	-10008.675412099332	0.28970285161332	1.0E-5
0.8323659480375898	-0.0888888888888889	0	0	0	0	0	0	-10102.774253083251	0.288995608623151	1.0E-5
0.8473258706467661	-0.10370370370370371	0	0	0	0	0	0	-10180.328082742988	0.28841684558671793	1.0E-5
0.8622825028297666	-0.11851851851851854	0	0	0	0	0	0	-10240.995315127102	0.2879666789222673	9.999999999999999E-6
0.8772358445865909	-0.1333333333333334	0	0	0	0	0	0	-10285.16913820983	0.2876403101417449	9.999999999999992E-6
0.8921858959172393	-0.14814814814814814	0	0	0	0	0	0	-10313.865182640297	0.28742892994927544	1.0000000000000003E-5
0.9071326568217113	-0.162962962962963	0	0	0	0	0	0	-10328.580803554822	0.2873207251716748	1.0E-5
0.9220761273000079	-0.17777777777777776	0	0	0	0	0	0	-10331.147867630061	0.2873018627939169	1.0E-5
0.9370163073521284	-0.19259259259259257	0	0	0	0	0	0	-10323.596053570529	0.2873573636744545	1.0E-5
0.9519531969780727	-0.20740740740740748	0	0	0	0	0	0	-10308.037362016596	0.2874718183967365	1.0E-5
0.7574626865671642	0	0	0	0	0	0	0	-9642.216420154376	0.2925106275361796	1.0E-5
0.7724407065203083	-0.014814814814814833	0	0	0	0	0	0	-9778.626404417968	0.2914553919507108	1.0E-5
0.7874154360472772	-0.029629629629629624	0	0	0	0	0	0	-9908.02126937052	0.290465509860465	1.0E-5
0.8023868751480694	-0.04444444444444448	0	0	0	0	0	0	-10027.043091180904	0.2895643668688565	9.99999999999999E-6
0.8173550238226852	-0.05925925925925929	0	0	0	0	0	0	-10132.90210096459	0.2887703318311146	1.0E-5
0.8323198820711257	-0.07407407407407407	0	0	0	0	0	0	-10223.529672258464	0.2880960478412868	1.0E-5
0.84728144989339	-0.0888888888888889	0	0	0	0	0	0	-10297.665565446714	0.2875481979529015	1.0E-5
0.8622397272894786	-0.10370370370370376	0	0	0	0	0	0	-10354.867716446995	0.28712776095656406	1.0E-5
0.877194714259391	-0.11851851851851854	0	0	0	0	0	0	-10395.45009021981	0.28683067350415153	1.0E-5
0.8921464108031272	-0.13333333333333333	0	0	0	0	0	0	-10420.367194594786	0.28664875384984834	1.0E-5
0.9070948169206876	-0.1481481481481481	0	0	0	0	0	0	-10431.069364977886	0.2865707311273306	9.999999999999994E-6
0.9220399326120714	-0.162962962962963	0	0	0	0	0	0	-10429.351660648688	0.28658324921830924	1.0E-5
0.9369817578772801	-0.17777777777777778	0	0	0	0	0	0	-10417.213868251292	0.28667175577625614	9.99999999999999E-6
0.9519202927163127	-0.19259259259259257	0	0	0	0	0	0	-10396.742427930945	0.2868212290284331	1.0E-5
0.9668555371291689	-0.20740740740740748	0	0	0	0	0	0	-10370.018985101375	0.2870167289500031	1.0E-5
0.7723880597014925	0	0	0	0	0	0	0	-9920.368313316463	0.2903716117349765	1.0000000000000003E-5
0.7873644344415491	-0.014814814814814838	0	0	0	0	0	0	-10045.248150659654	0.2894273164384207	1.0E-5
0.8023375187554296	-0.029629629629629634	0	0	0	0	0	0	-10160.279634413442	0.2885661063209147	1.0E-5
0.8173073126431338	-0.044444444444444474	0	0	0	0	0	0	-10262.500083521443	0.287807647379538	9.999999999999992E-6
0.832273816104662	-0.0592592592592593	0	0	0	0	0	0	-10349.684400304379	0.287165777172932	1.0E-5
0.847237029140014	-0.07407407407407404	0	0	0	0	0	0	-10420.439754021518	0.28664822463522643	1.0E-5
0.8621969517491908	-0.0888888888888889	0	0	0	0	0	0	-10474.21817198325	0.28625685188930955	9.999999999999999E-6
0.877153583932191	-0.10370370370370376	0	0	0	0	0	0	-10511.252985246761	0.2859883282020382	1.0E-5
0.8921069256890155	-0.11851851851851854	0	0	0	0	0	0	-10532.439212518419	0.2858350800269663	1.000000000000001E-5
0.9070569770196634	-0.1333333333333333	0	0	0	0	0	0	-10539.183677368763	0.2857863501730633	9.999999999999999E-6
0.9220037379241359	-0.14814814814814814	0	0	0	0	0	0	-10533.248964272472	0.2858292280252372	1.0000000000000003E-5
0.9369472084024323	-0.16296296296296298	0	0	0	0	0	0	-10516.609367943547	0.2859495584249508	1.0000000000000003E-5
0.9518873884545528	-0.1777777777777778	0	0	0	0	0	0	-10491.329809218583	0.2861326818692106	1.0000000000000003E-5
0.9668242780804971	-0.19259259259259257	0	0	0	0	0	0	-10459.472281575672	0.2863639941506442	1.0E-5
0.9817578772802653	-0.20740740740740748	0	0	0	0	0	0	-10423.029676860164	0.28662933700239274	1.0E-5
0.7873134328358209	0	0	0	0	0	0	0	-10187.361992748738	0.2883645366311298	1.0E-5
0.8022881623627895	-0.014814814814814833	0	0	0	0	0	0	-10298.393435504033	0.287542835678286	1.0E-5
0.8172596014635813	-0.029629629629629624	0	0	0	0	0	0	-10397.009184223236	0.28681927968305587	9.999999999999992E-6
0.8322277501381978	-0.04444444444444448	0	0	0	0	0	0	-10480.810141820835	0.2862089969507646	9.999999999999994E-6
0.8471926083866382	-0.0592592592592593	0	0	0	0	0	0	-10548.257408813384	0.2857208331901188	1.0E-5
0.8621541762089029	-0.07407407407407407	0	0	0	0	0	0	-10598.688593653416	0.2853575742160613	1.0E-5
0.8771124536049908	-0.08888888888888889	0	0	0	0	0	0	-10632.252689654038	0.2851166335640151	9.999999999999992E-6
0.8920674405749033	-0.10370370370370376	0	0	0	0	0	0	-10649.785379104611	0.28499103540145876	9.999999999999992E-6
0.9070191371186396	-0.11851851851851852	0	0	0	0	0	0	-10652.652690901748	0.2849705119474352	1.0E-5
0.9219675432361998	-0.1333333333333334	0	0	0	0	0	0	-10642.588775606146	0.2850425677910526	1.0E-5
0.9369126589275842	-0.14814814814814814	0	0	0	0	0	0	-10621.546846777777	0.2851934144252995	1.0E-5
0.9518544841927927	-0.16296296296296298	0	0	0	0	0	0	-10591.574495618457	0.2854087273332019	1.0E-5
0.966793019031825	-0.17777777777777776	0	0	0	0	0	0	-10554.717770843625	0.2856742155513565	1.0E-5
0.9817282634446814	-0.19259259259259257	0	0	0	0	0	0	-10512.953534043494	0.2859760177075397	1.0E-5
0.9966602174313617	-0.20740740740740748	0	0	0	0	0	0	-10468.146711056503	0.2863009509360139	1.0E-5
0.8022388059701493	0	0	0	0	0	0	0	-10440.86044426115	0.2864994103661018	1.0E-5
0.8172118902840296	-0.014814814814814838	0	0	0	0	0	0	-10535.928173647719	0.28580986837496863	1.0E-5
0.8321816841717338	-0.029629629629629634	0	0	0	0	0	0	-10616.437576141248	0.28523008094577423	1.0E-5
0.8471481876332623	-0.044444444444444474	0	0	0	0	0	0	-10680.685930521462	0.28477010849609796	9.999999999999992E-6
0.8621114006686146	-0.0592592592592593	0	0	0	0	0	0	-10727.884229418452	0.28443372395947736	1.0E-5
0.8770713232777911	-0.0740740740740741	0	0	0	0	0	0	-10758.090628722062	0.284219114057975	9.999999999999999E-6
0.8920279554607913	-0.08888888888888889	0	0	0	0	0	0	-10772.079787870816	0.2841199013135486	9.999999999999999E-6
0.9069812972176154	-0.10370370370370371	0	0	0	0	0	0	-10771.178655433985	0.28412628887536767	9.999999999999994E-6
0.9219313485482639	-0.11851851851851852	0	0	0	0	0	0	-10757.09660588779	0.28422616804704603	1.0E-5
0.9368781094527362	-0.13333333333333336	0	0	0	0	0	0	-10731.770186728734	0.28440608571698844	1.0E-5
0.9518215799310328	-0.14814814814814814	0	0	0	0	0	0	-10697.234042423383	0.284652023058834	1.0E-5
0.9667617599831531	-0.16296296296296298	0	0	0	0	0	0	-10655.5222213867	0.2849499773876321	1.0000000000000003E-5
0.9816986496090974	-0.1777777777777778	0	0	0	0	0	0	-10608.598952602168	0.2852863641527698	9.999999999999999E-6
0.9966322488088655	-0.19259259259259257	0	0	0	0	0	0	-10558.315063294795	0.28564826829482665	1.0E-5
1.011562557582458	-0.20740740740740748	0	0	0	0	0	0	-10506.385017955381	0.286023577487095	1.0E-5
0.8171641791044776	0	0	0	0	0	0	0	-10678.720209635614	0.284784146170473	1.0E-5
0.8321356182052702	-0.01481481481481483	0	0	0	0	0	0	-10756.060320035976	0.2842335225543	1.0E-5
0.8471037668798863	-0.029629629629629624	0	0	0	0	0	0	-10817.25629733446	0.2838002675600927	9.999999999999994E-6
0.8620686251283266	-0.04444444444444448	0	0	0	0	0	0	-10861.375906141555	0.2834892320491019	9.999999999999992E-6
0.877030192950591	-0.0592592592592593	0	0	0	0	0	0	-10888.376548894037	0.2832994258376665	1.0000000000000003E-5
0.8919884703466793	-0.07407407407407407	0	0	0	0	0	0	-10898.967880010548	0.2832250843771612	1.0E-5
0.9069434573165915	-0.0888888888888889	0	0	0	0	0	0	-10894.438197161082	0.28325687087223844	1.0E-5
0.9218951538603278	-0.10370370370370376	0	0	0	0	0	0	-10876.47524096646	0.2833830376219082	9.999999999999992E-6
0.9368435599778885	-0.11851851851851854	0	0	0	0	0	0	-10847.0032879324	0.2835904352617714	1.0000000000000008E-5
0.9517886756692724	-0.1333333333333333	0	0	0	0	0	0	-10808.04865390161	0.2838653192754778	1.0E-5
0.9667305009344812	-0.14814814814814814	0	0	0	0	0	0	-10761.637643434213	0.28419394761616995	9.999999999999999E-6
0.9816690357735134	-0.16296296296296298	0	0	0	0	0	0	-10709.72552481778	0.2845629899404201	1.0000000000000003E-5
0.9966042801863697	-0.1777777777777778	0	0	0	0	0	0	-10654.15213771844	0.2849597812059006	9.999999999999999E-6
1.0115362341730503	-0.19259259259259257	0	0	0	0	0	0	-10596.618640352543	0.285372454931708	1.0000000000000003E-5
1.0264648977335546	-0.20740740740740748	0	0	0	0	0	0	-10538.679991954155	0.28578998845741926	1.0E-5
1.0413902708678824	-0.22222222222222215	0	0	0	0	0	0	-10481.748478926358	0.28620218710943396	1.0000000000000003E-5
0.832089552238806	0	0	0	0	0	0	0	-10899.141189017988	0.2832238684319816	1.0000000000000003E-5
0.8470593461265103	-0.014814814814814838	0	0	0	0	0	0	-10957.467918504062	0.2828156036416485	1.0E-5
0.8620258495880387	-0.029629629629629634	0	0	0	0	0	0	-10998.703897819849	0.2825281164376139	1.0000000000000003E-5
0.8769890626233912	-0.04444444444444447	0	0	0	0	0	0	-11022.691688369374	0.2823613150687562	1.0E-5
0.8919489852325673	-0.05925925925925932	0	0	0	0	0	0	-11030.06908611329	0.28231007988247675	9.999999999999994E-6
0.9069056174155677	-0.07407407407407407	0	0	0	0	0	0	-11022.084510558077	0.2823655331942385	1.0E-5
0.921858959172392	-0.08888888888888888	0	0	0	0	0	0	-11000.406505979321	0.2825162666435425	9.999999999999999E-6
0.9368090105030404	-0.10370370370370376	0	0	0	0	0	0	-10966.951400678574	0.28274940307734037	9.999999999999992E-6
0.9517557714075124	-0.11851851851851852	0	0	0	0	0	0	-10923.742069489377	0.28305143881155387	1.0E-5
0.966699241885809	-0.1333333333333334	0	0	0	0	0	0	-10872.801720069683	0.2834088618295117	9.999999999999992E-6
0.9816394219379295	-0.14814814814814814	0	0	0	0	0	0	-10816.080699266775	0.2838085704376015	1.0E-5
0.9965763115638738	-0.16296296296296298	0	0	0	0	0	0	-10755.411234851088	0.28423812941683096	9.999999999999999E-6
1.011509910763642	-0.17777777777777776	0	0	0	0	0	0	-10692.484020929189	0.28468590248760034	9.999999999999999E-6
1.0264402195372342	-0.19259259259259265	0	0	0	0	0	0	-10628.840811245565	0.28514109585551534	1.0E-5
1.0413672378846504	-0.20740740740740748	0	0	0	0	0	0	-10565.878061322457	0.2855937411773081	1.0E-5
0.8470149253731343	0	0	0	0	0	0	0	-11100.795615760318	0.28182041970440086	1.0E-5
0.8619830740477508	-0.014814814814814838	0	0	0	0	0	0	-11139.383597400065	0.2815544249832069	1.0E-5
0.8769479322961912	-0.029629629629629624	0	0	0	0	0	0	-11160.593512219944	0.2814085680459019	1.0000000000000003E-5
0.8919095001184553	-0.04444444444444448	0	0	0	0	0	0	-11164.980857237137	0.28137842769974547	9.999999999999992E-6
0.9068677775145438	-0.0592592592592593	0	0	0	0	0	0	-11153.75080590632	0.2814555972992144	1.0E-5
0.9218227644844559	-0.07407407407407408	0	0	0	0	0	0	-11128.554174344057	0.2816289919608626	9.999999999999992E-6
0.9367744610281923	-0.0888888888888889	0	0	0	0	0	0	-11091.303499928761	0.2818859760751685	1.0E-5
0.9517228671457527	-0.10370370370370376	0	0	0	0	0	0	-11044.023393106463	0.2822132513095057	1.0E-5
0.966667982837137	-0.11851851851851854	0	0	0	0	0	0	-10988.739082049133	0.2825975018185262	1.000000000000001E-5
0.9816098081023454	-0.1333333333333333	0	0	0	0	0	0	-10927.400500865106	0.2830258256133708	9.999999999999999E-6
0.9965483429413775	-0.1481481481481481	0	0	0	0	0	0	-10861.83600637949	0.2834859942354179	1.0000000000000003E-5
1.011483587354234	-0.16296296296296298	0	0	0	0	0	0	-10793.72888683761	0.28396658392209706	9.999999999999999E-6
1.0264155413409144	-0.1777777777777778	0	0	0	0	0	0	-10724.610275658093	0.28445701616379826	9.999999999999999E-6
1.0413442049014188	-0.19259259259259257	0	0	0	0	0	0	-10655.863161473299	0.284947537914068	1.0E-5
1.0562695780357472	-0.20740740740740748	0	0	0	0	0	0	-10588.733419630436	0.28542916403165214	1.0000000000000003E-5
0.8619402985074627	0	0	0	0	0	0	0	-11282.913102152042	0.28057216963974085	1.0E-5
0.8769068019689911	-0.014814814814814833	0	0	0	0	0	0	-11301.622108256814	0.2804449535746779	1.0E-5
0.8918700150043435	-0.029629629629629624	0	0	0	0	0	0	-11303.284178197217	0.2804336610515459	9.999999999999994E-6
0.9068299376135193	-0.04444444444444446	0	0	0	0	0	0	-11289.05511006444	0.2805303849451495	1.000000000000001E-5
0.9217865697965201	-0.0592592592592593	0	0	0	0	0	0	-11260.568127955145	0.2807243560548907	1.0E-5
0.9367399115533441	-0.07407407407407408	0	0	0	0	0	0	-11219.735819266565	0.28100315161331463	9.999999999999992E-6
0.9516899628839928	-0.0888888888888889	0	0	0	0	0	0	-11168.589990582397	0.2813536414139415	1.0E-5
0.966636723788465	-0.10370370370370371	0	0	0	0	0	0	-11109.163555867173	0.28176266842718495	1.0E-5
0.9815801942667612	-0.11851851851851854	0	0	0	0	0	0	-11043.411125868091	0.28221749755381753	9.999999999999999E-6
0.9965203743188817	-0.13333333333333333	0	0	0	0	0	0	-10973.16140628792	0.2827060806272802	1.0E-5
1.011457263944826	-0.14814814814814808	0	0	0	0	0	0	-10900.093653199003	0.2832171861947603	9.999999999999999E-6
1.0263908631445946	-0.16296296296296298	0	0	0	0	0	0	-10825.731102583924	0.2837404359413392	1.0E-5
1.0413211719181867	-0.17777777777777778	0	0	0	0	0	0	-10751.445611761696	0.2842662805508962	9.999999999999992E-6
1.0562481902656033	-0.19259259259259265	0	0	0	0	0	0	-10678.46918629007	0.2847859389480109	1.0E-5
1.0711719181868435	-0.20740740740740748	0	0	0	0	0	0	-10607.909345499018	0.28529131741249486	1.0E-5
0.8768656716417911	0	0	0	0	0	0	0	-11445.308259438192	0.2794741586119282	9.999999999999999E-6
0.8918305298902313	-0.014814814814814833	0	0	0	0	0	0	-11444.55058489121	0.27947924899820886	1.0E-5
0.9067920977124955	-0.029629629629629634	0	0	0	0	0	0	-11427.606457209926	0.27959316618448665	1.0E-5
0.9217503751085839	-0.044444444444444474	0	0	0	0	0	0	-11396.089825475856	0.27980545988680133	9.999999999999992E-6
0.9367053620784969	-0.05925925925925929	0	0	0	0	0	0	-11351.91662239512	0.2801038949965911	9.999999999999999E-6
0.9516570586222328	-0.07407407407407404	0	0	0	0	0	0	-11297.131552154357	0.28047547096295944	1.0E-5
0.9666054647397931	-0.0888888888888889	0	0	0	0	0	0	-11233.781496318497	0.2809071485525259	1.0E-5
0.9815505804311776	-0.10370370370370371	0	0	0	0	0	0	-11163.831531812766	0.28138632236294653	9.999999999999992E-6
0.9964924056963858	-0.11851851851851855	0	0	0	0	0	0	-11089.115540857132	0.28190109403149877	1.0E-5
1.0114309405354178	-0.13333333333333336	0	0	0	0	0	0	-11011.312551512865	0.28244040110669383	1.0000000000000003E-5
1.0263661849482744	-0.1481481481481482	0	0	0	0	0	0	-10931.940854365233	0.2829940483999827	1.0E-5
1.041298138934955	-0.16296296296296298	0	0	0	0	0	0	-10852.36354970223	0.28355267788879646	1.0000000000000003E-5
1.0562268024954593	-0.1777777777777778	0	0	0	0	0	0	-10773.80086436322	0.28410770297371246	1.0E-5
1.0711521756297877	-0.19259259259259257	0	0	0	0	0	0	-10697.346036783807	0.2846512244185342	1.0E-5
1.0860742583379397	-0.20740740740740754	0	0	0	0	0	0	-10623.982705669072	0.28517593891190096	1.0000000000000003E-5
0.8917910447761194	0	0	0	0	0	0	0	-11588.350619563585	0.2785185339900451	1.0E-5
0.9067542578114716	-0.014814814814814833	0	0	0	0	0	0	-11569.012428215687	0.2786471023887577	1.0E-5
0.9217141804206481	-0.029629629629629624	0	0	0	0	0	0	-11534.759068818845	0.27887531056398485	9.999999999999992E-6
0.9366708126036486	-0.044444444444444474	0	0	0	0	0	0	-11487.512235721875	0.27919109153805666	9.99999999999999E-6
0.9516241543604729	-0.0592592592592593	0	0	0	0	0	0	-11429.33537478015	0.27958153553708326	1.0E-5
0.966574205691121	-0.07407407407407408	0	0	0	0	0	0	-11362.296284282484	0.2800336764088854	9.999999999999992E-6
0.9815209665955935	-0.0888888888888889	0	0	0	0	0	0	-11288.377122330088	0.280534996367627	1.0000000000000003E-5
0.9964644370738898	-0.10370370370370376	0	0	0	0	0	0	-11209.422529460964	0.2810737116509229	9.99999999999999E-6
1.0114046171260103	-0.11851851851851854	0	0	0	0	0	0	-11127.115675599196	0.2816389017079291	1.000000000000001E-5
1.0263415067519546	-0.13333333333333336	0	0	0	0	0	0	-11042.973196079609	0.28222053484651244	1.0E-5
1.0412751059517227	-0.14814814814814808	0	0	0	0	0	0	-10958.351926296145	0.2828094305961804	1.0E-5
1.0562054147253153	-0.162962962962963	0	0	0	0	0	0	-10874.462332896941	0.28339718706851036	9.999999999999999E-6
1.071132433072731	-0.17777777777777776	0	0	0	0	0	0	-10792.385224847552	0.2839760918533954	1.0E-5
1.086056160993972	-0.1925925925925926	0	0	0	0	0	0	-10713.089610361798	0.284539027771383	1.0E-5
1.1009765984890363	-0.20740740740740748	0	0	0	0	0	0	-10637.450471723076	0.2850793798136557	1.0E-5
0.9067164179104478	0	0	0	0	0	0	0	-11712.88790590343	0.2776951859243485	1.0E-5
0.9216779857327118	-0.014814814814814833	0	0	0	0	0	0	-11676.221976354254	0.2779367651685619	1.0E-5
0.9366362631288006	-0.029629629629629634	0	0	0	0	0	0	-11626.194295856447	0.278267494221064	1.0000000000000003E-5
0.9515912500987129	-0.044444444444444474	0	0	0	0	0	0	-11564.8928621904	0.2786745160961658	1.0E-5
0.9665429466424493	-0.0592592592592593	0	0	0	0	0	0	-11494.41402657912	0.2791448894958464	1.0000000000000003E-5
0.9814913527600094	-0.07407407407407408	0	0	0	0	0	0	-11416.764595032011	0.2796661368081388	1.0E-5
0.996436468451394	-0.0888888888888889	0	0	0	0	0	0	-11333.806467186716	0.28022654818206894	1.0E-5
1.0113782937166023	-0.10370370370370376	0	0	0	0	0	0	-11247.232050471082	0.2808153132553418	9.999999999999994E-6
1.0263168285556348	-0.11851851851851854	0	0	0	0	0	0	-11158.560085996545	0.28142254091610547	9.999999999999999E-6
1.0412520729684909	-0.13333333333333333	0	0	0	0	0	0	-11069.143852073104	0.2820392126362765	1.0E-5
1.0561840269551712	-0.14814814814814814	0	0	0	0	0	0	-10980.186065627646	0.2826571009107625	1.0E-5
1.071112690515676	-0.16296296296296298	0	0	0	0	0	0	-10892.756768713183	0.2832686730328676	9.999999999999999E-6
1.0860380636500038	-0.17777777777777776	0	0	0	0	0	0	-10807.811957063654	0.2838669921674972	1.0E-5
1.1009601463581564	-0.19259259259259257	0	0	0	0	0	0	-10726.211721843945	0.28444562207100565	1.0E-5
1.1158789386401327	-0.20740740740740748	0	0	0	0	0	0	-10648.7373314091	0.28499853823825894	1.0E-5
0.9216417910447761	0	0	0	0	0	0	0	-11820.139979572701	0.27699247255041604	1.0E-5
0.9366017136539524	-0.014814814814814838	0	0	0	0	0	0	-11767.648083617458	0.27733566844426394	1.0E-5
0.9515583458369532	-0.029629629629629624	0	0	0	0	0	0	-11703.507170306977	0.27775692684482767	1.0000000000000003E-5
0.9665116875937767	-0.04444444444444445	0	0	0	0	0	0	-11629.85043749391	0.2782432800738208	1.0E-5
0.981461738924425	-0.059259259259259275	0	0	0	0	0	0	-11548.717976488171	0.27878223750754677	1.000000000000001E-5
0.9964084998288976	-0.07407407407407407	0	0	0	0	0	0	-11461.996548361469	0.2793621162063448	1.0000000000000003E-5
1.0113519703071943	-0.08888888888888888	0	0	0	0	0	0	-11371.393808482182	0.27997217871710217	9.999999999999992E-6
1.0262921503593148	-0.10370370370370371	0	0	0	0	0	0	-11278.434998976572	0.2806026474145553	9.999999999999992E-6
1.0412290399852586	-0.1185185185185185	0	0	0	0	0	0	-11184.472888721279	0.2812446475082318	1.0000000000000003E-5
1.0561626391850272	-0.13333333333333333	0	0	0	0	0	0	-11090.704531057378	0.2818901144579316	1.0E-5
1.0710929479586193	-0.14814814814814814	0	0	0	0	0	0	-10998.190723773447	0.28253168833725056	1.0000000000000003E-5
1.086019966306036	-0.16296296296296298	0	0	0	0	0	0	-10907.875763514643	0.2831626080975829	1.0E-5
1.1009436942272763	-0.1777777777777778	0	0	0	0	0	0	-10820.606243455148	0.2837766122606328	1.0E-5
1.1158641317223408	-0.19259259259259265	0	0	0	0	0	0	-10737.148371190675	0.2843678485648757	1.0E-5
1.130781278791229	-0.20740740740740748	0	0	0	0	0	0	-10658.20370979979	0.28493079278607863	1.0E-5
0.9365671641791045	0	0	0	0	0	0	0	-11911.581726218525	0.2763979357587022	9.999999999999999E-6
0.9515254415751928	-0.014814814814814833	0	0	0	0	0	0	-11844.901844829388	0.2768310608862074	1.0E-5
0.9664804285451051	-0.029629629629629624	0	0	0	0	0	0	-11768.33881239224	0.27733114334246406	9.999999999999992E-6
0.9814321250888416	-0.04444444444444448	0	0	0	0	0	0	-11683.975811928653	0.27788562036281356	9.999999999999992E-6
0.9963805312064018	-0.059259259259259275	0	0	0	0	0	0	-11593.733366525013	0.2784827817647129	1.000000000000001E-5
1.0113256468977858	-0.07407407407407408	0	0	0	0	0	0	-11499.34152562011	0.27911191906797306	9.999999999999992E-6
1.0262674721629943	-0.0888888888888889	0	0	0	0	0	0	-11402.337262381057	0.2797633357840153	9.999999999999999E-6
1.0412060070020268	-0.10370370370370371	0	0	0	0	0	0	-11304.07638267302	0.28042827913586865	1.0E-5
1.0561412514148831	-0.11851851851851855	0	0	0	0	0	0	-11205.752549753232	0.2810988343306273	1.0E-5
1.0710732054015635	-0.1333333333333334	0	0	0	0	0	0	-11108.41876820505	0.2817678070140745	9.999999999999992E-6
1.0860018689620683	-0.1481481481481482	0	0	0	0	0	0	-11013.008677999882	0.28242860831225786	1.0000000000000003E-5
1.100927242096396	-0.162962962962963	0	0	0	0	0	0	-10920.3563517703	0.28307514939890327	1.0E-5
1.1158493248045485	-0.1777777777777778	0	0	0	0	0	0	-10831.214115707047	0.2837017479408432	9.999999999999999E-6
1.1307681170865251	-0.19259259259259265	0	0	0	0	0	0	-10746.26838209784	0.28430304619681007	1.0E-5
1.1456836189423256	-0.20740740740740748	0	0	0	0	0	0	-10666.15371751032	0.2848739392686042	1.0E-5
1.1605958303719492	-0.22222222222222213	0	0	0	0	0	0	-10591.465468045744	0.28540951151367727	1.0E-5
0.9514925373134329	0	0	0	0	0	0	0	-11988.83021129874	0.2758989356199761	1.0E-5
0.9664491694964332	-0.014814814814814833	0	0	0	0	0	0	-11909.638925836874	0.27641052391114546	1.0E-5
0.9814025112532575	-0.029629629629629634	0	0	0	0	0	0	-11822.299410390473	0.2769783838713551	1.0E-5
0.9963525625839058	-0.04444444444444446	0	0	0	0	0	0	-11728.776351744309	0.27759071597137663	9.999999999999999E-6
1.011299323488378	-0.05925925925925932	0	0	0	0	0	0	-11630.830728553638	0.27823678890767295	9.999999999999992E-6
1.0262427939666743	-0.07407407407407404	0	0	0	0	0	0	-11530.017553512467	0.2789069484459136	9.999999999999992E-6
1.0411829740187948	-0.0888888888888889	0	0	0	0	0	0	-11427.699916988135	0.2795925374283194	9.999999999999999E-6
1.0561198636447393	-0.10370370370370376	0	0	0	0	0	0	-11325.070702336669	0.2802857748641723	1.0E-5
1.0710534628445074	-0.11851851851851854	0	0	0	0	0	0	-11223.176597586658	0.28097962380148417	1.0E-5
1.0859837716181	-0.13333333333333336	0	0	0	0	0	0	-11122.941410273184	0.28166766443710284	1.0E-5
1.1009107899655164	-0.14814814814814814	0	0	0	0	0	0	-11025.187273505464	0.282343980135472	1.0000000000000003E-5
1.1158345178867566	-0.16296296296296298	0	0	0	0	0	0	-10930.653292138157	0.2830030586685674	1.0000000000000003E-5
1.1307549553818212	-0.17777777777777776	0	0	0	0	0	0	-10840.01170673966	0.2836397080272515	1.0E-5
1.1456721024507095	-0.19259259259259257	0	0	0	0	0	0	-10753.881905823404	0.2842489847380181	1.0E-5
1.1605859590934218	-0.20740740740740754	0	0	0	0	0	0	-10672.842706702098	0.28482613213055963	1.0E-5
0.9664179104477612	0	0	0	0	0	0	0	-12053.546604528303	0.2754831625180487	1.0E-5
0.9813728974176736	-0.014814814814814836	0	0	0	0	0	0	-11963.481971700774	0.2760623502760296	1.0E-5
0.9963245939614098	-0.029629629629629624	0	0	0	0	0	0	-11866.912242178487	0.27668784387242057	9.999999999999992E-6
1.01127300007897	-0.04444444444444446	0	0	0	0	0	0	-11765.639530626813	0.27734882825170476	9.999999999999999E-6
1.0262181157703545	-0.0592592592592593	0	0	0	0	0	0	-11661.24456698263	0.2780356445500107	1.0E-5
1.0411599410355628	-0.07407407407407407	0	0	0	0	0	0	-11555.102928518088	0.27873969876612814	1.0E-5
1.0560984758745953	-0.08888888888888889	0	0	0	0	0	0	-11448.409862478878	0.2794533238547725	9.999999999999992E-6
1.0710337202874514	-0.10370370370370376	0	0	0	0	0	0	-11342.207379073887	0.28016963022164565	1.0E-5
1.0859656742741317	-0.11851851851851852	0	0	0	0	0	0	-11237.410141398546	0.28088236390027105	1.0E-5
1.1008943378346363	-0.13333333333333333	0	0	0	0	0	0	-11134.828565567115	0.28158578124447076	1.0000000000000003E-5
1.1158197109689647	-0.14814814814814814	0	0	0	0	0	0	-11035.188682047727	0.28227454261038926	1.0E-5
1.1307417936771171	-0.162962962962963	0	0	0	0	0	0	-10939.148924934203	0.28294362400935263	1.0000000000000003E-5
1.1456605859590936	-0.1777777777777778	0	0	0	0	0	0	-10847.31429884122	0.28358824407407507	9.999999999999999E-6
1.160576087814894	-0.19259259259259265	0	0	0	0	0	0	-10760.248461056093	0.2842038031526476	1.0E-5
1.1754882992445181	-0.20740740740740748	0	0	0	0	0	0	-10678.484243745488	0.28478583140850816	1.0E-5
0.9813432835820896	0	0	0	0	0	0	0	-12107.358344508764	0.2751390132524924	1.0E-5
0.9962966253389139	-0.014814814814814833	0	0	0	0	0	0	-12007.964416598214	0.2757757921013546	1.0E-5
1.0112466766695625	-0.029629629629629634	0	0	0	0	0	0	-11903.577294264998	0.27644981167499744	1.0E-5
1.0261934375740347	-0.04444444444444446	0	0	0	0	0	0	-11795.812810454687	0.2771513519602436	1.000000000000001E-5
1.0411369080523307	-0.0592592592592593	0	0	0	0	0	0	-11686.065498521102	0.277871841929702	1.0E-5
1.056077088104451	-0.07407407407407407	0	0	0	0	0	0	-11575.53690117474	0.27860370324759237	1.0E-5
1.0710139777303955	-0.08888888888888889	0	0	0	0	0	0	-11465.266338305586	0.27934018056970994	9.999999999999992E-6
1.0859475769301636	-0.10370370370370371	0	0	0	0	0	0	-11356.160002336532	0.2800751815176311	1.0000000000000003E-5
1.1008778857037564	-0.1185185185185185	0	0	0	0	0	0	-11249.016523313816	0.2808031368964972	1.0E-5
1.1158049040511724	-0.13333333333333341	0	0	0	0	0	0	-11144.548515363966	0.28151888407923403	1.0E-5
1.1307286319724135	-0.14814814814814817	0	0	0	0	0	0	-11043.400352099248	0.2822175722747715	1.0E-5
1.1456490694674777	-0.16296296296296295	0	0	0	0	0	0	-10946.16274980877	0.28289458642917586	9.999999999999994E-6
1.160566216536366	-0.1777777777777778	0	0	0	0	0	0	-10853.384831584499	0.2835454858844145	1.0E-5
1.1754800731790784	-0.1925925925925927	0	0	0	0	0	0	-10765.584317192133	0.2841659540183532	1.0E-5
1.1903906393956145	-0.20740740740740748	0	0	0	0	0	0	-10683.256395921826	0.28475175556984506	1.0000000000000003E-5
0.9962686567164178	0	0	0	0	0	0	0	-12151.802842481908	0.2748558372006731	1.0E-5
1.0112203532601542	-0.014814814814814833	0	0	0	0	0	0	-12044.494151296713	0.27554119631348456	9.999999999999999E-6
1.026168759377715	-0.029629629629629624	0	0	0	0	0	0	-11933.551429804284	0.2762557166211674	1.0000000000000003E-5
1.0411138750690987	-0.044444444444444474	0	0	0	0	0	0	-11820.396277449603	0.2769908002744319	9.999999999999992E-6
1.056055700334307	-0.05925925925925929	0	0	0	0	0	0	-11706.241571593553	0.27773892526624516	1.0E-5
1.0709942351733395	-0.07407407407407404	0	0	0	0	0	0	-11592.126525517016	0.27849345283559557	1.0E-5
1.0859294795861958	-0.08888888888888889	0	0	0	0	0	0	-11478.949693926945	0.2792484457567403	1.0E-5
1.1008614335728764	-0.10370370370370371	0	0	0	0	0	0	-11367.497667112677	0.2799985105633202	9.999999999999994E-6
1.1157900971333805	-0.11851851851851854	0	0	0	0	0	0	-11258.468864618506	0.2807386674763074	1.0000000000000011E-5
1.1307154702677091	-0.1333333333333334	0	0	0	0	0	0	-11152.492738169238	0.2814642466592317	9.999999999999992E-6
1.1456375529758618	-0.14814814814814817	0	0	0	0	0	0	-11050.145097219189	0.28217080698798674	1.0E-5
1.160556345257838	-0.16296296296296298	0	0	0	0	0	0	-10951.960383008292	0.2828540727263962	9.999999999999999E-6
1.1754718471136383	-0.17777777777777778	0	0	0	0	0	0	-10858.4416775687	0.28350988359645873	9.99999999999999E-6
1.1903840585432621	-0.19259259259259257	0	0	0	0	0	0	-10770.069122779934	0.284134154293379	1.0E-5
1.2052929795467109	-0.20740740740740743	0	0	0	0	0	0	-10687.307315583232	0.28472284006466053	1.0E-5
1.0111940298507462	0	0	0	0	0	0	0	-12188.291145669455	0.27462407052469184	1.0E-5
1.0261440811813949	-0.014814814814814838	0	0	0	0	0	0	-12074.333902942943	0.2753500507545686	1.0E-5
1.0410908420858669	-0.029629629629629624	0	0	0	0	0	0	-11957.941450463577	0.2760981112540554	9.999999999999992E-6
1.0560343125641634	-0.04444444444444447	0	0	0	0	0	0	-11840.344538776571	0.2768607447579047	1.0E-5
1.0709744926162839	-0.05925925925925933	0	0	0	0	0	0	-11722.5857721395	0.27763140503812755	9.999999999999992E-6
1.085911382242228	-0.07407407407407406	0	0	0	0	0	0	-11605.55729552849	0.27840429990501137	1.0E-5
1.1008449814419965	-0.08888888888888889	0	0	0	0	0	0	-11490.03337972233	0.2791742115709794	9.999999999999992E-6
1.1157752902155884	-0.10370370370370371	0	0	0	0	0	0	-11376.697127341333	0.27993634952701874	1.0E-5
1.1307023085630052	-0.11851851851851854	0	0	0	0	0	0	-11266.161638881802	0.2806862347133559	1.000000000000001E-5
1.1456260364842457	-0.13333333333333336	0	0	0	0	0	0	-11158.986485299398	0.28141961068810534	9.999999999999999E-6
1.16054647397931	-0.14814814814814814	0	0	0	0	0	0	-11055.690480708954	0.28213237643020284	1.0E-5
1.1754636210481983	-0.16296296296296298	0	0	0	0	0	0	-10956.761705149764	0.28282053545876995	9.999999999999999E-6
1.1903774776909104	-0.17777777777777778	0	0	0	0	0	0	-10862.665593671745	0.28348015657305137	9.999999999999992E-6
1.205288043907447	-0.19259259259259265	0	0	0	0	0	0	-10773.851767525135	0.2841073422171226	1.0000000000000003E-5
1.2201953196978073	-0.20740740740740754	0	0	0	0	0	0	-10690.760077025723	0.2846982017028165	1.0E-5
1.0261194029850746	0	0	0	0	0	0	0	-12218.088379375149	0.27443528161297054	1.0E-5
1.0410678091026349	-0.014814814814814833	0	0	0	0	0	0	-12098.594592356374	0.27519496468282056	1.0E-5
1.0560129247940193	-0.029629629629629634	0	0	0	0	0	0	-11977.706467315369	0.27597060881149954	1.0E-5
1.0709547500592274	-0.04444444444444446	0	0	0	0	0	0	-11856.474806401176	0.2767557277145506	1.000000000000001E-5
1.0858932848982599	-0.05925925925925929	0	0	0	0	0	0	-11735.787276046804	0.2775446586009301	1.0E-5
1.1008285293111166	-0.07407407407407406	0	0	0	0	0	0	-11616.40574287897	0.2783323565142064	1.0E-5
1.1157604832977963	-0.08888888888888888	0	0	0	0	0	0	-11498.996669263594	0.2791142261247404	9.999999999999992E-6
1.1306891468583011	-0.10370370370370376	0	0	0	0	0	0	-11384.154885294447	0.2798859902700307	9.999999999999992E-6
1.1456145199926295	-0.11851851851851852	0	0	0	0	0	0	-11272.421706190475	0.2806435906015485	1.0E-5
1.1605366027007817	-0.1333333333333334	0	0	0	0	0	0	-11164.298567460937	0.2813831142297432	9.999999999999992E-6
1.1754553949827584	-0.14814814814814817	0	0	0	0	0	0	-11060.257312529604	0.2821007401843455	1.0E-5
1.1903708968385587	-0.162962962962963	0	0	0	0	0	0	-10960.748114631811	0.28279270015898644	1.0000000000000003E-5
1.205283108268183	-0.17777777777777778	0	0	0	0	0	0	-10866.20584252244	0.28345524882900147	9.999999999999992E-6
1.2201920292716308	-0.19259259259259257	0	0	0	0	0	0	-10777.055447870169	0.28408464034463915	1.0E-5
1.2350976598489036	-0.2074074074074075	0	0	0	0	0	0	-10693.717020555598	0.28467710689206377	1.0E-5
1.0410447761194028	0	0	0	0	0	0	0	-12242.307202965989	0.27428215138753215	1.0E-5
1.0559915370238753	-0.014814814814814836	0	0	0	0	0	0	-12118.238025915849	0.2750696049807629	1.0000000000000003E-5
1.0709350075021717	-0.029629629629629634	0	0	0	0	0	0	-11993.666448084134	0.2758677935795246	9.999999999999999E-6
1.085875187554292	-0.04444444444444446	0	0	0	0	0	0	-11869.47868038318	0.2766711604409365	1.0E-5
1.1008120771802363	-0.05925925925925931	0	0	0	0	0	0	-11746.424589457412	0.27747482597094625	1.0E-5
1.1157456763800047	-0.07407407407407407	0	0	0	0	0	0	-11625.152677964967	0.2782743939832679	1.0E-5
1.1306759851535972	-0.08888888888888888	0	0	0	0	0	0	-11506.23722442159	0.2790658005720244	9.999999999999992E-6
1.1456030035010134	-0.10370370370370371	0	0	0	0	0	0	-11390.198650527842	0.2798452008260404	1.0E-5
1.1605267314222538	-0.11851851851851852	0	0	0	0	0	0	-11277.51847250739	0.28060888658409605	1.0E-5
1.175447168917318	-0.1333333333333334	0	0	0	0	0	0	-11168.650175386634	0.28135322814564034	9.999999999999992E-6
1.1903643159862067	-0.14814814814814814	0	0	0	0	0	0	-11064.027182465577	0.2820746334893055	1.0E-5
1.205278172628919	-0.16296296296296298	0	0	0	0	0	0	-10964.06888895297	0.28276951947252543	1.0E-5
1.2201887388454549	-0.17777777777777776	0	0	0	0	0	0	-10869.185468865939	0.2834342908882171	1.0E-5
1.2350960146358156	-0.19259259259259257	0	0	0	0	0	0	-10779.782173913265	0.2840653228796837	1.0E-5
1.25	-0.20740740740740746	0	0	0	0	0	0	-10696.26286723335	0.2846589488864684	9.99999999999999E-6
1.0559701492537312	0	0	0	0	0	0	0	-12261.91061434415	0.27415840968976596	1.0E-5
1.0709152649451155	-0.014814814814814833	0	0	0	0	0	0	-12134.08575166752	0.2749686056292638	1.0E-5
1.085857090210324	-0.029629629629629634	0	0	0	0	0	0	-12006.514418477025	0.2757851176351691	1.0E-5
1.1007956250493565	-0.04444444444444447	0	0	0	0	0	0	-11879.935748736983	0.2766032172011263	1.0E-5
1.1157308694622126	-0.0592592592592593	0	0	0	0	0	0	-11754.979245973507	0.2774187075180897	1.0E-5
1.1306628234488931	-0.07407407407407407	0	0	0	0	0	0	-11632.196181904994	0.2782277481496063	1.0E-5
1.1455914870093975	-0.08888888888888888	0	0	0	0	0	0	-11512.0829395828	0.2790267238845202	9.999999999999992E-6
1.1605168601437257	-0.10370370370370376	0	0	0	0	0	0	-11395.0978391822	0.2798121503802554	9.99999999999999E-6
1.175438942851878	-0.11851851851851852	0	0	0	0	0	0	-11281.673006100438	0.28058060859908973	1.0E-5
1.1903577351338543	-0.1333333333333334	0	0	0	0	0	0	-11172.222668633924	0.2813287006042208	9.999999999999992E-6
1.205273236989655	-0.14814814814814814	0	0	0	0	0	0	-11067.149040467195	0.2820530202766892	1.0E-5
1.220185448419279	-0.16296296296296298	0	0	0	0	0	0	-10966.846653177381	0.2827501340050973	1.0E-5
1.2350943694227274	-0.17777777777777776	0	0	0	0	0	0	-10871.705955378235	0.2834165663392733	1.0E-5
1.25	-0.19259259259259262	0	0	0	0	0	0	-10782.116081831848	0.28404879170509023	1.0E-5
1.0708955223880596	0	0	0	0	0	0	0	-12277.720917508863	0.27405874519938317	9.999999999999999E-6
1.085838992866356	-0.014814814814814838	0	0	0	0	0	0	-12146.831536151782	0.27488746393576596	1.0E-5
1.1007791729184768	-0.029629629629629624	0	0	0	0	0	0	-12016.830418665519	0.2757187937653878	1.0E-5
1.1157160625444205	-0.04444444444444448	0	0	0	0	0	0	-11888.327665131517	0.27654873161474947	9.999999999999992E-6
1.1306496617441892	-0.05925925925925929	0	0	0	0	0	0	-11761.849168228664	0.27737366785146417	1.0E-5
1.1455799705177814	-0.07407407407407407	0	0	0	0	0	0	-11637.863791085858	0.2781902328127644	1.0E-5
1.1605069888651975	-0.08888888888888888	0	0	0	0	0	0	-11516.802744487699	0.27899518658968353	9.999999999999992E-6
1.175430716786438	-0.10370370370370376	0	0	0	0	0	0	-11399.072955929876	0.27978534318396214	1.0E-5
1.1903511542815024	-0.11851851851851854	0	0	0	0	0	0	-11285.0660562911	0.2805575205680433	1.0E-5
1.2052683013503906	-0.1333333333333334	0	0	0	0	0	0	-11175.164353051543	0.2813085092076671	9.99999999999999E-6
1.2201821579931034	-0.14814814814814814	0	0	0	0	0	0	-11069.744837847677	0.2820350531774495	1.0000000000000003E-5
1.2350927242096392	-0.16296296296296295	0	0	0	0	0	0	-10969.182169962014	0.2827338382309592	9.99999999999999E-6
1.25	-0.17777777777777778	0	0	0	0	0	0	-10873.850711537349	0.2834014868258863	9.999999999999994E-6
1.085820895522388	0	0	0	0	0	0	0	-12290.432300851664	0.2739787022828849	1.0E-5
1.1007627207875967	-0.014814814814814833	0	0	0	0	0	0	-12157.055553682763	0.2748224332404177	1.0E-5
1.1157012556266288	-0.029629629629629624	0	0	0	0	0	0	-12025.095872364103	0.2756656911864247	9.999999999999992E-6
1.1306365000394853	-0.04444444444444446	0	0	0	0	0	0	-11895.051814245622	0.2765050996642466	1.0E-5
1.1455684540261655	-0.0592592592592593	0	0	0	0	0	0	-11767.361142537015	0.27733754832367125	1.0E-5
1.1604971175866696	-0.07407407407407404	0	0	0	0	0	0	-11642.42356383699	0.27816006255010806	1.0000000000000003E-5
1.1754224907209982	-0.08888888888888888	0	0	0	0	0	0	-11520.61621935189	0.2789697138198388	9.999999999999992E-6
1.190344573429151	-0.10370370370370376	0	0	0	0	0	0	-11402.303815673702	0.27976356124738044	1.0E-5
1.205263365711127	-0.11851851851851854	0	0	0	0	0	0	-11287.84500527536	0.28053861580462836	1.000000000000001E-5
1.2201788675669267	-0.13333333333333341	0	0	0	0	0	0	-11177.596274808007	0.2812918203261553	1.0E-5
1.2350910789965517	-0.14814814814814814	0	0	0	0	0	0	-11071.914436257039	0.28202003891426747	1.0E-5
1.25	-0.16296296296296298	0	0	0	0	0	0	-10971.15798418338	0.28272005461492866	1.0E-5
1.1007462686567164	0	0	0	0	0	0	0	-12300.6251136356	0.27391457441886485	1.0E-5
1.1156864487088363	-0.014814814814814838	0	0	0	0	0	0	-12165.238943977965	0.2747704186554653	1.0E-5
1.130623338334781	-0.029629629629629634	0	0	0	0	0	0	-12031.707481825963	0.27562323819325446	1.0E-5
1.1455569375345496	-0.04444444444444446	0	0	0	0	0	0	-11900.43402133529	0.2764701916635229	1.000000000000001E-5
1.160487246308142	-0.0592592592592593	0	0	0	0	0	0	-11771.782106811674	0.2773085892484458	1.0E-5
1.1754142646555583	-0.07407407407407404	0	0	0	0	0	0	-11646.09389471265	0.278135785167112	9.999999999999992E-6
1.1903379925767987	-0.0888888888888889	0	0	0	0	0	0	-11523.701991554504	0.2789491074332349	1.0E-5
1.2052584300718627	-0.10370370370370376	0	0	0	0	0	0	-11404.936646379441	0.2797458152201217	9.99999999999999E-6
1.2201755771407514	-0.11851851851851854	0	0	0	0	0	0	-11290.129794778872	0.28052307584238434	1.0E-5
1.2350894337834635	-0.1333333333333334	0	0	0	0	0	0	-11179.61723266164	0.2812779541048789	1.0E-5
1.25	-0.14814814814814814	0	0	0	0	0	0	-11073.739387931068	0.2820074117193349	1.0E-5
1.1156716417910446	0	0	0	0	0	0	0	-12308.780495342127	0.2738633006960182	1.0E-5
1.1306101766300773	-0.014814814814814838	0	0	0	0	0	0	-12171.777854465932	0.27472887990222494	1.0E-5
1.1455454210429332	-0.029629629629629624	0	0	0	0	0	0	-12036.990112601961	0.27558933400703295	1.0000000000000003E-5
1.160477375029614	-0.044444444444444474	0	0	0	0	0	0	-11904.740016423082	0.27644227420298684	9.999999999999992E-6
1.1754060385901184	-0.05925925925925931	0	0	0	0	0	0	-11775.329128829357	0.27728536201568776	1.0E-5
1.1903314117244466	-0.07407407407407404	0	0	0	0	0	0	-11649.052057699419	0.2781162234657008	1.0E-5
1.2052534944325985	-0.08888888888888888	0	0	0	0	0	0	-11526.204965948984	0.27893239655098845	9.99999999999999E-6
1.2201722867145754	-0.10370370370370377	0	0	0	0	0	0	-11407.090128147142	0.2797313028732744	1.0000000000000003E-5
1.2350877885703757	-0.11851851851851852	0	0	0	0	0	0	-11292.018025844698	0.28051023518410056	1.0E-5
1.25	-0.13333333333333336	0	0	0	0	0	0	-11181.307674335923	0.28126635733378225	1.0E-5
1.1305970149253732	0	0	0	0	0	0	0	-12315.294474863915	0.2738223694045694	1.0E-5
1.1455339045513178	-0.014814814814814833	0	0	0	0	0	0	-12176.996436389945	0.2746957434571289	1.0E-5
1.1604675037510856	-0.02962962962962963	0	0	0	0	0	0	-12041.208387212058	0.27556227076956463	1.000000000000001E-5
1.1753978125246782	-0.044444444444444474	0	0	0	0	0	0	-11908.18554078416	0.27641994218546473	9.999999999999999E-6
1.1903248308720946	-0.05925925925925932	0	0	0	0	0	0	-11778.178067502438	0.2772667107175415	9.999999999999992E-6
1.2052485587933348	-0.07407407407407404	0	0	0	0	0	0	-11651.441540740752	0.2781004256140529	1.0E-5
1.220168996288399	-0.0888888888888889	0	0	0	0	0	0	-11528.242456504897	0.2789187958467493	1.0000000000000003E-5
1.2350861433572877	-0.10370370370370371	0	0	0	0	0	0	-11408.86056492404	0.279719373713631	1.0000000000000003E-5
1.25	-0.11851851851851852	0	0	0	0	0	0	-11293.588952612412	0.2804995537705184	1.0E-5
1.1455223880597016	0	0	0	0	0	0	0	-12320.491010297555	0.2737897309027436	1.0E-5
1.160457632472558	-0.014814814814814833	0	0	0	0	0	0	-12181.158519904213	0.2746693249100823	1.0E-5
1.175389586459238	-0.029629629629629634	0	0	0	0	0	0	-12044.576884130238	0.2755406657445325	1.0E-5
1.1903182500197422	-0.04444444444444446	0	0	0	0	0	0	-11910.945098432856	0.2764020605078883	1.000000000000001E-5
1.205243623154071	-0.0592592592592593	0	0	0	0	0	0	-11780.47098913618	0.27725170251559683	1.0E-5
1.2201657058622233	-0.07407407407407404	0	0	0	0	0	0	-11653.378250901602	0.27808762338641224	9.999999999999992E-6
1.2350844981441995	-0.0888888888888889	0	0	0	0	0	0	-11529.909414906813	0.2789076701404609	1.0E-5
1.25	-0.10370370370370373	0	0	0	0	0	0	-11410.32595792754	0.27970950118785215	1.0E-5
1.1604477611940298	0	0	0	0	0	0	0	-12324.633696572695	0.2737637206427489	1.0E-5
1.1753813603937981	-0.014814814814814836	0	0	0	0	0	0	-12184.47787046913	0.2746482615599223	1.0000000000000003E-5
1.1903116691673905	-0.02962962962962963	0	0	0	0	0	0	-12047.268952853723	0.27552340323626384	1.0E-5
1.2052386875148067	-0.04444444444444447	0	0	0	0	0	0	-11913.159432916982	0.27638771457548106	1.000000000000001E-5
1.2201624154360466	-0.0592592592592593	0	0	0	0	0	0	-11782.322428349287	0.2772395859597289	1.0E-5
1.2350828529311115	-0.07407407407407404	0	0	0	0	0	0	-11654.955785787428	0.2780771968405396	1.0E-5
1.25	-0.08888888888888889	0	0	0	0	0	0	-11531.28256706279	0.2788985064624076	1.0000000000000003E-5
1.1753731343283582	0	0	0	0	0	0	0	-12327.936045291339	0.27374299237095506	1.0E-5
1.190305088315039	-0.014814814814814833	0	0	0	0	0	0	-12187.127042700768	0.27463145473179773	1.0E-5
1.2052337518755425	-0.02962962962962963	0	0	0	0	0	0	-12049.424231946972	0.27550958538189935	1.000000000000001E-5
1.2201591250098711	-0.044444444444444474	0	0	0	0	0	0	-11914.94182802407	0.2763761688118008	9.999999999999999E-6
1.2350812077180233	-0.0592592592592593	0	0	0	0	0	0	-11783.824689698291	0.2772297558399589	1.0E-5
1.25	-0.07407407407407406	0	0	0	0	0	0	-11656.249618064308	0.2780686463522989	1.0E-5
1.1902985074626866	0	0	0	0	0	0	0	-12330.570354880323	0.2737264609829184	9.999999999999999E-6
1.2052288162362792	-0.014814814814814833	0	0	0	0	0	0	-12189.244922832942	0.27461802095682547	1.0E-5
1.2201558345836947	-0.029629629629629634	0	0	0	0	0	0	-12051.154975335521	0.27549849094877454	9.999999999999999E-6
1.2350795625049358	-0.04444444444444448	0	0	0	0	0	0	-11916.383428975769	0.27636683175926074	9.999999999999994E-6
1.25	-0.0592592592592593	0	0	0	0	0	0	-11785.052066950926	0.27722172528662226	1.0E-5
1.2052238805970148	0	0	0	0	0	0	0	-12332.67526374074	0.2737132541752249	1.0E-5
1.2201525441575192	-0.014814814814814833	0	0	0	0	0	0	-12190.94306961181	0.2746072511283291	1.0E-5
1.2350779172918473	-0.029629629629629617	0	0	0	0	0	0	-12052.551385421659	0.2754895407355151	1.0E-5
1.25	-0.04444444444444447	0	0	0	0	0	0	-11917.557485488038	0.2763592283216922	1.0000000000000003E-5
1.2201492537313432	0	0	0	0	0	0	0	-12334.36209776837	0.2737026720096885	1.0E-5
1.2350762720787598	-0.014814814814814836	0	0	0	0	0	0	-12192.311049226391	0.2745985762685006	1.0E-5
1.25	-0.02962962962962963	0	0	0	0	0	0	-12053.68587186765	0.2754822700122997	1.000000000000001E-5
1.2350746268656716	0	0	0	0	0	0	0	-12335.72020887138	0.2736941530331362	1.0E-5
1.25	-0.014814814814814836	0	0	0	0	0	0	-12193.420714373971	0.2745915401393542	1.0E-5
1.25	0	0	0	0	0	0	0	-12336.821220021999	0.2736872474015955	1.0E-5
